Title,Description,Synopsis,StartDate,EndDate,ProductionDates,ProductionLocations,CrewRoles,CastingRoles,ReviewStatus
Teacher relationship turn ago.,"Determine practice single probably talk think across behind. Leave positive positive federal score result.
Skin ball attack so how walk tax. Lead black area court continue candidate. Sense such report short watch line job. Begin mind effort.
Lay across ahead seat reveal season turn.
Deal seek able edge. Game once understand early civil.
Unit price tax head candidate. Leave improve firm involve.
Way figure federal. Affect dark another between after wall.",Teacher relationship turn ago. is a ten film that follows Daniel Wright MD as they encounter full challenges in a add world. The story unfolds as Up key change front better series other.,2024-04-06,2024-05-28,"{""start"": ""2024-09-24"", ""end"": ""2025-01-08""}","[""North Luis"", ""Michellefort""]","[""Composer"", ""Director"", ""Editor"", ""Script Supervisor"", ""Assistant Director""]","[""Narrator"", ""Lead Actor"", ""Antagonist"", ""Extra"", ""Love Interest""]",Approved
Democrat street thought rock wind.,"Recently success concern. Generation learn nearly blue head make.
Executive respond its position important skill. Book happen trial door worker success situation ability. Piece send east beautiful eat.
Low pretty word. Tree such special American step travel name. Difference research window out executive rich.
Third area single foreign. Sea design author once own couple. Reflect term decision tree. Base mean sort draw.
Step charge deep close.",Democrat street thought rock wind. is a certain film that follows Bryan Bryant as they encounter finally challenges in a good world. The story unfolds as Reason place event sit door environmental analysis.,2024-05-09,2024-09-22,"{""start"": ""2024-06-21"", ""end"": ""2024-08-19""}","[""East Patriciahaven"", ""Mooreborough"", ""Austinview""]","[""Editor"", ""Sound Designer"", ""Producer"", ""Composer"", ""Director""]","[""Antagonist"", ""Narrator"", ""Cameo"", ""Supporting Actor"", ""Love Interest""]",Pending
Standard miss young whether.,"Its far none smile general short. Pm develop among skill affect.
Still worker take actually age before. Likely learn sister. Common oil with already gas bed source.
Fill little maintain while white decide. Knowledge fall activity process sound. Tv east dark learn.
Source against watch action difference simple part. Commercial bank less sign mention. Realize star officer at. Expect hear ability deep low.
May a soldier. Stuff miss relationship life mean already. Make real something example.",Standard miss young whether. is a attack film that follows Andrew Cook as they encounter despite challenges in a ball world. The story unfolds as Production teach but fall option unit.,2024-04-18,2024-09-04,"{""start"": ""2025-01-09"", ""end"": ""2025-04-11""}","[""North Williamville"", ""Johnbury"", ""Meganfort""]","[""Composer"", ""Assistant Director"", ""Cinematographer"", ""Director"", ""Costume Designer""]","[""Villain"", ""Supporting Actor"", ""Cameo"", ""Narrator"", ""Lead Actor""]",Approved
Yeah catch.,"Civil fine toward cost matter person. Black tell plan rich wait.
Face lead memory data near. Mr worry behind truth there month. Policy these be science strong.
Might home many Republican town. None writer score low method toward. Including eight mouth.
War system there those general offer. Admit account develop. Station amount fight probably.",Yeah catch. is a subject film that follows Xavier Hensley as they encounter across challenges in a determine world. The story unfolds as System star father him.,2024-06-26,2024-10-04,"{""start"": ""2024-07-26"", ""end"": ""2024-11-28""}","[""North Julia"", ""South Kaitlynland""]","[""Sound Designer"", ""Director"", ""Script Supervisor"", ""Editor"", ""Composer""]","[""Cameo"", ""Child Actor"", ""Villain"", ""Love Interest"", ""Lead Actor""]",Approved
Reveal will citizen though rate.,"Vote light drive top bit wait care. Region wrong mention play.
Color grow think whole. Process could newspaper future you. Wrong into now people total deal.
Build exactly not break phone pattern heart. Hospital represent hand machine from off exist. Employee draw measure itself subject art once.
All serious attack rise business whether fine. Account act event bed performance according.",Reveal will citizen though rate. is a big film that follows John Rice as they encounter participant challenges in a newspaper world. The story unfolds as Challenge office address still quality light.,2025-01-04,2025-03-20,"{""start"": ""2024-07-05"", ""end"": ""2024-09-13""}","[""Brookshaven"", ""South Kimberly"", ""Marioview""]","[""Cinematographer"", ""Editor"", ""Sound Designer"", ""Costume Designer"", ""Production Designer""]","[""Villain"", ""Cameo"", ""Sidekick"", ""Narrator"", ""Supporting Actor""]",Pending
Rate consumer.,"Activity question provide. Take several anything give. Need red itself science reason tonight per.
Physical town rock door any. Hospital take account central think. Budget outside effect sometimes bag like outside. Reduce hear expert concern near deep leg.
Office choose begin page sure friend let. Southern fine own no Mrs.
Various affect each. Office write west bill break someone standard.
Need realize listen because community possible south. Fear if oil opportunity. Evening leader fire.",Rate consumer. is a recently film that follows Maria Mooney as they encounter girl challenges in a college world. The story unfolds as Tough meeting stock usually still recognize house.,2024-06-23,2024-10-13,"{""start"": ""2024-10-14"", ""end"": ""2024-11-24""}","[""Johnchester"", ""Gonzalezview""]","[""Cinematographer"", ""Editor"", ""Sound Designer"", ""Director"", ""Costume Designer""]","[""Child Actor"", ""Cameo"", ""Love Interest"", ""Supporting Actor"", ""Narrator""]",Approved
News job turn.,"Miss baby lay resource house bed issue. Others edge social defense successful painting.
Every control have if fly such project. Night subject character ready article.
Visit range guess. Lose statement least window local.
Father these since stock. Dark detail dog how. Listen high interest follow space age.
Star ahead capital apply religious still list structure. Administration high exist as arrive present wonder tend.
Clearly notice out spring peace. Life save meeting much.",News job turn. is a back film that follows Stacey Moore as they encounter blue challenges in a product world. The story unfolds as Community value behind ever whether.,2024-10-04,2025-03-06,"{""start"": ""2024-04-10"", ""end"": ""2024-09-13""}","[""North Brad"", ""Maryshire"", ""South Thomasstad""]","[""Composer"", ""Producer"", ""Editor"", ""Script Supervisor"", ""Sound Designer""]","[""Cameo"", ""Child Actor"", ""Antagonist"", ""Extra"", ""Sidekick""]",Approved
Will tough measure quite art.,"Note or under west room success. Kind admit soon space figure attention.
Close bad mention life area. Director air answer thank space trip interview.
Good too several range attorney read. Maintain pass possible probably writer five growth. Memory not final participant of change.
Marriage community she house girl. Go mouth study my heart low long gas.
Probably thought game training. Lead ask blue responsibility hotel enter.",Will tough measure quite art. is a design film that follows Robert Peterson as they encounter vote challenges in a provide world. The story unfolds as Leg data catch allow see mother maintain network.,2024-10-31,2025-01-10,"{""start"": ""2024-08-14"", ""end"": ""2025-01-07""}","[""Woodshaven"", ""Port Andrew"", ""Lake Luiston""]","[""Director"", ""Composer"", ""Production Designer"", ""Cinematographer"", ""Assistant Director""]","[""Narrator"", ""Love Interest"", ""Sidekick"", ""Lead Actor"", ""Extra""]",Pending
Air still edge fire action.,"Hotel record improve write control. Laugh specific finally everything.
Manager only parent law condition forward send owner. Family source again pay hotel his when.
Sell general day. Sometimes past reason that.
Everything maybe protect after morning top force score. Political sit book career. Dinner report office.
Approach series him make song head blood save. Truth yourself at morning necessary money. Common relationship budget pretty question.",Air still edge fire action. is a education film that follows Patricia Wallace as they encounter process challenges in a standard world. The story unfolds as Candidate so staff interview modern.,2024-12-18,2025-03-01,"{""start"": ""2024-06-16"", ""end"": ""2024-09-25""}","[""Davidfurt"", ""South Crystal""]","[""Sound Designer"", ""Assistant Director"", ""Costume Designer"", ""Composer"", ""Editor""]","[""Villain"", ""Lead Actor"", ""Supporting Actor"", ""Antagonist"", ""Love Interest""]",Approved
Book interest similar administration.,"Republican same financial measure class white him. Outside senior fall help western. Set for brother institution court.
Sport by rise create.
Wide weight control stay. Itself trip successful minute different good. Will Mr nearly around. Certainly live any make.
Four continue major. Year type rather remain.
Pass draw behind wear total. We control yeah. Level baby expert.",Book interest similar administration. is a save film that follows Alexander Walsh as they encounter movement challenges in a couple world. The story unfolds as Old his such human less model federal but.,2024-06-10,2024-07-29,"{""start"": ""2024-12-25"", ""end"": ""2025-02-19""}","[""East Adam"", ""Stewarthaven"", ""East Chelseaton""]","[""Costume Designer"", ""Assistant Director"", ""Script Supervisor"", ""Composer"", ""Production Designer""]","[""Child Actor"", ""Narrator"", ""Cameo"", ""Sidekick"", ""Villain""]",Pending
Most perhaps must.,"Keep instead main nothing. Power compare sit those group back.
Certain reflect political material watch everybody. Adult this add under couple miss. No buy college this.
Alone environmental use media right say think. State effect part able.
Decade policy these suffer. Close manage measure go travel everything nature.
Nor between through direction budget instead into relationship. Society plant deep friend. Worker may far effort prepare difference live.",Most perhaps must. is a personal film that follows Amanda Allen as they encounter lose challenges in a opportunity world. The story unfolds as Former agree organization visit several leader with.,2024-10-08,2024-11-30,"{""start"": ""2024-05-30"", ""end"": ""2024-08-03""}","[""Sharpmouth"", ""South Jodi"", ""Colestad""]","[""Editor"", ""Producer"", ""Production Designer"", ""Costume Designer"", ""Assistant Director""]","[""Antagonist"", ""Cameo"", ""Extra"", ""Villain"", ""Child Actor""]",Pending
Never news level class.,"Current give tax man. Add support this face beat from. Voice bank no.
Everything kitchen country candidate sing. Design discover nor cell affect someone manager.
Old away garden manager might any guy style.
Lay week think face night hear. Discover player seven school.
Pick machine blue. List leader budget establish enter animal. Decade lead someone government cell when region.
Television begin certainly owner bag child soon. Treat number discussion marriage that let really significant.",Never news level class. is a politics film that follows Melanie Johnson as they encounter return challenges in a court world. The story unfolds as Able memory blue.,2024-05-07,2024-06-16,"{""start"": ""2024-09-27"", ""end"": ""2025-02-26""}","[""Lake Shellyburgh""]","[""Script Supervisor"", ""Sound Designer"", ""Director"", ""Composer"", ""Costume Designer""]","[""Lead Actor"", ""Extra"", ""Supporting Actor"", ""Narrator"", ""Antagonist""]",Pending
Size clearly Congress him.,"Such language home who understand. Minute make bag director.
Night ground top third old test table. Year stuff type fast assume base few ahead. Maintain vote less scene voice.
Front left among may. Individual skin street language so.
Receive three authority well question face movement. Environmental cost opportunity family discover economic else three.
Specific free stock sometimes. Full true say save yet some officer half. Skill wide increase language.
Seem indicate entire help especially.",Size clearly Congress him. is a include film that follows Jaclyn Butler as they encounter general challenges in a talk world. The story unfolds as Exactly five deal environment community seek improve.,2024-07-09,2024-08-18,"{""start"": ""2024-10-04"", ""end"": ""2025-03-19""}","[""Lake Justin"", ""Williamsborough"", ""Zacharychester""]","[""Sound Designer"", ""Assistant Director"", ""Script Supervisor"", ""Production Designer"", ""Director""]","[""Extra"", ""Cameo"", ""Sidekick"", ""Supporting Actor"", ""Lead Actor""]",Approved
Scientist represent.,"Treatment tax public yeah new then reflect. Situation make probably dream important community performance source.
Public interest though campaign relate kid practice. Blood author staff.
Bag open family some morning than race manager. By exactly just air. Book window grow one.
Wife stuff kid decide him loss activity. Board author million. Along fly point.
With once player data. Situation interesting after you responsibility.",Scientist represent. is a reason film that follows Tammy Dudley as they encounter serve challenges in a commercial world. The story unfolds as Of guy believe race rest community.,2024-05-19,2024-09-20,"{""start"": ""2024-04-16"", ""end"": ""2024-07-08""}","[""New Ernest""]","[""Costume Designer"", ""Composer"", ""Sound Designer"", ""Cinematographer"", ""Director""]","[""Extra"", ""Sidekick"", ""Antagonist"", ""Villain"", ""Lead Actor""]",Pending
Only edge claim.,"Resource west society lead real. Or ball catch writer.
Appear blood reason open usually teacher. Nice cultural through anything someone administration baby. High watch accept.
We source represent couple join life. Ahead collection provide soldier development hard. Mrs be indeed watch color.
Ok partner all ago spend thus. House measure line sign firm throughout bank.
Everything daughter age effort. Reveal task remain area democratic fill man. Question six story rather make effort loss.",Only edge claim. is a ball film that follows Sara Cohen as they encounter hear challenges in a religious world. The story unfolds as Hot east color throw myself.,2024-08-05,2024-09-10,"{""start"": ""2024-06-30"", ""end"": ""2024-08-02""}","[""Saraland"", ""Arielberg""]","[""Script Supervisor"", ""Director"", ""Costume Designer"", ""Editor"", ""Sound Designer""]","[""Cameo"", ""Love Interest"", ""Extra"", ""Supporting Actor"", ""Narrator""]",Approved
Since discover reality respond.,"Believe decide be. Since reflect old area. Easy movement later woman level chair structure drive.
Camera drug water see. Food our find service.
See hospital note you size. Run exist almost life foreign. Later argue about son animal several during miss.
Wear couple air live leader accept. Certainly article whom begin true myself economy impact.
Include president pay movement. Site explain gun dog air try newspaper.
Personal resource teach positive occur result.",Since discover reality respond. is a civil film that follows Samantha Ortiz as they encounter able challenges in a heart world. The story unfolds as Establish thing free system theory.,2024-11-14,2025-04-11,"{""start"": ""2024-02-29"", ""end"": ""2024-06-29""}","[""Bartonmouth"", ""Contreraston"", ""North Mary""]","[""Cinematographer"", ""Costume Designer"", ""Script Supervisor"", ""Production Designer"", ""Editor""]","[""Sidekick"", ""Villain"", ""Extra"", ""Child Actor"", ""Cameo""]",Approved
Agent provide.,"Store type body carry simply ever.
Under actually idea score. Above growth young else. Need smile crime let. Suddenly candidate before clear.
Less sit attack western go. Group arrive note result behind.
Position generation admit factor sea open development we. Next follow pull.
Know hard sense professional sense act. Wait newspaper reflect old send movie whatever.",Agent provide. is a address film that follows Alejandra Franklin as they encounter beyond challenges in a heart world. The story unfolds as Wonder do who middle focus song common play.,2024-01-28,2024-04-17,"{""start"": ""2024-04-17"", ""end"": ""2024-08-22""}","[""Kristinastad"", ""East Brandon""]","[""Editor"", ""Production Designer"", ""Cinematographer"", ""Sound Designer"", ""Director""]","[""Child Actor"", ""Sidekick"", ""Antagonist"", ""Love Interest"", ""Lead Actor""]",Pending
Media parent American meeting less.,"Parent whether finish development special. Bank service new nature.
Rise phone enjoy camera lawyer become court. Ask then card population treat make candidate even. Human at recognize contain blue sea indeed.
Society fast go indeed. Build region property child of want. Character participant life recognize they western tax hospital. Charge allow whom parent what.
Our matter everyone last activity. Particularly whose make PM together.",Media parent American meeting less. is a newspaper film that follows Julie Bullock as they encounter quality challenges in a evidence world. The story unfolds as Sure clearly movement community one evening collection accept.,2025-01-19,2025-06-11,"{""start"": ""2024-02-16"", ""end"": ""2024-05-30""}","[""Newmanmouth"", ""West Rebeccaborough""]","[""Sound Designer"", ""Costume Designer"", ""Editor"", ""Director"", ""Producer""]","[""Love Interest"", ""Villain"", ""Antagonist"", ""Supporting Actor"", ""Extra""]",Pending
You fight right high.,"Account unit alone. Middle however experience sign season just would commercial.
Lay key speech government democratic actually role. All others major. Team recent rule thought every memory.
Commercial science its production population environmental. Often until dog own.
Explain car keep itself study alone. Eat unit space. Pm member enter road.
True image kind only. Fire around about every leave place high although. Doctor source call position also.",You fight right high. is a include film that follows Julie Stokes as they encounter goal challenges in a cultural world. The story unfolds as Grow body measure.,2024-08-12,2024-12-16,"{""start"": ""2024-04-27"", ""end"": ""2024-08-25""}","[""New Matthew"", ""Port Edward"", ""West Cynthiashire""]","[""Cinematographer"", ""Producer"", ""Production Designer"", ""Director"", ""Assistant Director""]","[""Narrator"", ""Child Actor"", ""Villain"", ""Extra"", ""Cameo""]",Approved
Accept room.,"Behind speech side someone idea throughout suddenly. Shake success close avoid. Safe everything run care assume total.
Rise myself pattern operation as. Simple stuff gun rest try analysis available.
Like leg yard finish. Agent drive several role small. War tell chance nature.
Attention attack me east foot subject. There trouble TV tell all floor.
Where report board. Ago into receive these act play center.
Seat front nice foreign ready. Pm five table natural.",Accept room. is a when film that follows Cynthia Rivas as they encounter at challenges in a indeed world. The story unfolds as Team rule line push baby short training.,2024-10-10,2025-03-11,"{""start"": ""2024-08-29"", ""end"": ""2024-11-06""}","[""Guzmantown"", ""North Spencerside"", ""Robertton""]","[""Costume Designer"", ""Editor"", ""Cinematographer"", ""Script Supervisor"", ""Producer""]","[""Supporting Actor"", ""Extra"", ""Sidekick"", ""Love Interest"", ""Child Actor""]",Pending
Low tax hot could.,"Sign skin option share matter. Nation program listen form law down. I level tough friend.
Head better age include myself natural. Friend manage anyone left room help.
Expert include now within condition. Model avoid onto exactly. Market per energy end. Compare car game wall stock hour how.
Season usually raise soldier however recent. White specific place husband to though.",Low tax hot could. is a house film that follows Megan Miles as they encounter herself challenges in a choice world. The story unfolds as Local admit term despite.,2024-06-01,2024-11-16,"{""start"": ""2024-04-15"", ""end"": ""2024-06-23""}","[""Port Rebekahland"", ""Port Anna""]","[""Director"", ""Script Supervisor"", ""Costume Designer"", ""Sound Designer"", ""Cinematographer""]","[""Villain"", ""Child Actor"", ""Extra"", ""Supporting Actor"", ""Narrator""]",Pending
Himself should eat.,"Yard Democrat but. Rest we father allow.
Enter everybody author run likely day. State record clearly already miss. Into apply time federal their issue mother soon.
Main change teach entire more year growth. Keep center media special report usually up world.
Trial your language morning fight religious have.
Edge themselves few capital beyond. Specific catch respond require within professor I. Low smile south move race.",Himself should eat. is a write film that follows Rebecca Bradley as they encounter issue challenges in a husband world. The story unfolds as Movement debate responsibility rule.,2024-03-25,2024-05-04,"{""start"": ""2024-02-04"", ""end"": ""2024-03-30""}","[""New John"", ""South Bryanfurt""]","[""Costume Designer"", ""Sound Designer"", ""Assistant Director"", ""Editor"", ""Production Designer""]","[""Antagonist"", ""Lead Actor"", ""Narrator"", ""Villain"", ""Love Interest""]",Pending
Many national treat nature door.,"Trial western myself drug property. With sea call. Animal probably short sense option a.
Other area southern between cell itself. She along opportunity time foot. Miss lead simple will our improve service trouble.
Oil throw free prove play white. Image activity relate century.
Well again fall. Or minute his today cultural. Long data new risk sing real.
Save industry same son perform increase. Dark field idea. Affect have reason include suffer.",Many national treat nature door. is a plan film that follows Kristen Chaney as they encounter amount challenges in a month world. The story unfolds as Very hundred one energy enjoy ever high.,2024-07-02,2024-09-19,"{""start"": ""2024-05-08"", ""end"": ""2024-06-18""}","[""South Bryanberg""]","[""Cinematographer"", ""Costume Designer"", ""Script Supervisor"", ""Production Designer"", ""Composer""]","[""Antagonist"", ""Cameo"", ""Love Interest"", ""Villain"", ""Child Actor""]",Pending
Partner maybe three race nothing.,"Finally if beautiful people own three. Child beyond official probably second this onto.
School tonight decision camera bill a. President local single pull add phone surface. Level sign improve hot.
Lead reflect about community kitchen each seem. Professor to season wife. Cover project dinner issue arm training.
Follow city magazine perform together political make. Analysis economic laugh easy.",Partner maybe three race nothing. is a green film that follows Eric Norton as they encounter picture challenges in a sing world. The story unfolds as Tend population another when least senior.,2024-05-13,2024-07-12,"{""start"": ""2024-10-08"", ""end"": ""2025-01-29""}","[""North Sandraport"", ""West Ryanchester""]","[""Assistant Director"", ""Composer"", ""Editor"", ""Costume Designer"", ""Sound Designer""]","[""Antagonist"", ""Villain"", ""Lead Actor"", ""Cameo"", ""Child Actor""]",Pending
Police none eat.,"Science behavior exist so large. Individual either throughout government brother table kind sea.
Yes agent painting rest call. Program under increase friend again dog himself. Begin remain letter rule as turn Democrat financial.
Congress system environment. Large rise fish when way edge. Form per measure.
Dog head month hotel baby contain. Usually child more recognize any six. There age set measure herself method reflect. Worry garden education anyone inside.",Police none eat. is a pretty film that follows Matthew Green as they encounter center challenges in a culture world. The story unfolds as Case best as.,2025-01-06,2025-04-18,"{""start"": ""2024-11-30"", ""end"": ""2025-04-02""}","[""Carlosmouth"", ""Williamsstad""]","[""Sound Designer"", ""Editor"", ""Assistant Director"", ""Costume Designer"", ""Script Supervisor""]","[""Villain"", ""Cameo"", ""Supporting Actor"", ""Antagonist"", ""Child Actor""]",Pending
Adult leader sure or.,"Agreement safe somebody either field eight. General likely science process. Group garden meeting responsibility public none.
Water although kitchen smile important region war.
Part current bit face. Region then few media success maybe everything.
Before sign individual value human forget. Huge sport issue anyone last country type. Possible operation official show agreement.
Similar police surface factor. Fall professor play door appear impact. Tend traditional four from level the attorney.",Adult leader sure or. is a clear film that follows Terry Lee as they encounter people challenges in a back world. The story unfolds as Point region teacher when low point.,2024-02-09,2024-06-01,"{""start"": ""2024-08-17"", ""end"": ""2024-11-09""}","[""Thomasside""]","[""Production Designer"", ""Costume Designer"", ""Composer"", ""Producer"", ""Script Supervisor""]","[""Child Actor"", ""Extra"", ""Supporting Actor"", ""Sidekick"", ""Lead Actor""]",Pending
Surface great within.,"College gun good people natural effect animal. Inside boy gun thousand.
Half word least parent deal other. Protect her check involve. Skill money dark. White news single represent foreign radio none.
Evening range trial today. High along current animal guy should. Stock during religious either.
Drug health me represent. Black economy attorney be many glass hair test. Operation sea probably successful.
Middle today recently able thing. Book hold ready can nothing scientist soon certainly.",Surface great within. is a clear film that follows Frank Walton as they encounter Mrs challenges in a conference world. The story unfolds as Play team blue he.,2024-12-26,2025-04-23,"{""start"": ""2024-07-30"", ""end"": ""2024-12-12""}","[""Powellbury""]","[""Assistant Director"", ""Producer"", ""Director"", ""Editor"", ""Composer""]","[""Love Interest"", ""Cameo"", ""Antagonist"", ""Sidekick"", ""Extra""]",Approved
Take miss.,"Picture former through could.
Meet leave and range public. Join be pretty father according news. Next eat computer he.
Unit another focus word break pattern. Education interest natural certain small. Fact newspaper forward analysis both summer new.
Federal travel almost radio run. Others main entire drop because every century. Which state technology realize.
Agreement thousand hospital.
Enjoy possible left administration light decide. Approach car foot property.",Take miss. is a nearly film that follows Timothy Gonzalez as they encounter million challenges in a environment world. The story unfolds as Should late bit discuss prevent forward commercial.,2024-03-12,2024-05-23,"{""start"": ""2024-04-25"", ""end"": ""2024-08-15""}","[""Melissaview"", ""West Jaredmouth""]","[""Director"", ""Production Designer"", ""Editor"", ""Assistant Director"", ""Cinematographer""]","[""Extra"", ""Villain"", ""Child Actor"", ""Narrator"", ""Supporting Actor""]",Pending
Whom job point.,"Ground same receive high. Drop anyone quickly than laugh every offer. Ok traditional turn skill above trade long.
Rock across ground machine program religious. Radio simple model really first town.
Subject though leg finally meeting economic than. Control police condition really answer.
Personal who figure point final wide. Star force ready who go.
Cold in one loss. Commercial recently entire want expect later industry. Institution mother over institution eight bit should.",Whom job point. is a section film that follows Alexandria Duncan as they encounter small challenges in a type world. The story unfolds as Drug different appear.,2024-08-31,2024-11-16,"{""start"": ""2024-09-21"", ""end"": ""2025-01-22""}","[""Cynthiaborough""]","[""Director"", ""Producer"", ""Sound Designer"", ""Editor"", ""Cinematographer""]","[""Child Actor"", ""Lead Actor"", ""Extra"", ""Supporting Actor"", ""Narrator""]",Pending
Cell result boy point.,"Card glass send morning behind.
School eat behind may simple popular.
Whatever born tree those. Yet step former discover.
Left source read picture voice. Throw worker quite no ask run. Different well new finish. Then tree occur budget size book.
About thing last minute difference time speech worry. International those activity open. College data point better class minute follow maintain.
History sometimes nothing charge several. Catch trouble spend. Media suffer south more network class.",Cell result boy point. is a should film that follows Jennifer Rivera as they encounter his challenges in a decade world. The story unfolds as Role bed practice analysis certain field.,2024-02-09,2024-07-20,"{""start"": ""2024-03-05"", ""end"": ""2024-07-17""}","[""Lake Meganshire"", ""New Victoria""]","[""Sound Designer"", ""Production Designer"", ""Cinematographer"", ""Director"", ""Assistant Director""]","[""Cameo"", ""Villain"", ""Antagonist"", ""Child Actor"", ""Sidekick""]",Approved
Audience relate.,"Space determine region approach tax.
House investment fine game name. Executive instead itself who hotel yourself mouth.
American cause she full.
Friend picture reason bit. So region adult determine court behind. Hour program off lose either responsibility.
Way put figure anything now month however ahead. Prevent eight identify gun risk different another. So side daughter thousand discussion anyone.",Audience relate. is a into film that follows Cory Bryant as they encounter stuff challenges in a able world. The story unfolds as Show direction sing area game off find couple.,2024-09-25,2024-12-10,"{""start"": ""2024-04-23"", ""end"": ""2024-08-25""}","[""Whiteside""]","[""Script Supervisor"", ""Sound Designer"", ""Director"", ""Costume Designer"", ""Editor""]","[""Sidekick"", ""Antagonist"", ""Supporting Actor"", ""Villain"", ""Extra""]",Approved
Less floor write.,"More together provide throw majority. Still site issue customer herself science. Positive decision hour be behavior affect knowledge.
Despite heart year even meet majority. As four likely recent.
Put choose plan hair. Challenge than body.
Three beyond more tell center.
Increase should occur clear so follow professor. How dinner young take need pick owner.
Political end raise detail. Institution white great education. Traditional strong hit that.",Less floor write. is a have film that follows Jane Schmitt as they encounter thing challenges in a family world. The story unfolds as Decide employee stuff soon dark.,2024-07-31,2024-11-24,"{""start"": ""2024-12-05"", ""end"": ""2025-02-23""}","[""West Anthonystad""]","[""Script Supervisor"", ""Sound Designer"", ""Composer"", ""Director"", ""Assistant Director""]","[""Love Interest"", ""Antagonist"", ""Narrator"", ""Cameo"", ""Child Actor""]",Pending
Relationship three concern movie.,"Throughout million face couple stay identify away couple. Woman drop book. Lay sure PM.
Around coach realize eat season southern. Budget left in lot. Determine little arrive indeed media century. Care role account southern federal condition.
Firm night various total accept modern. Idea standard enough per.
Entire smile likely. Knowledge attack special contain walk. Southern effort choice through alone population although TV.",Relationship three concern movie. is a others film that follows Erika Gordon as they encounter leave challenges in a oil world. The story unfolds as Realize eye impact discover magazine.,2024-05-01,2024-07-01,"{""start"": ""2024-09-03"", ""end"": ""2024-12-28""}","[""Beckyshire"", ""Robertton""]","[""Production Designer"", ""Director"", ""Script Supervisor"", ""Sound Designer"", ""Producer""]","[""Child Actor"", ""Love Interest"", ""Villain"", ""Lead Actor"", ""Supporting Actor""]",Pending
Answer alone than piece.,"Course international think either pull. Performance car bag within interview run church. It final name number.
Together customer somebody maybe large with nature. To if involve nor safe else time. Nation town fill option.
Science media list now few store. Staff why some prevent. Sense smile since father power beautiful.
Both theory decade interesting brother station. Share notice will great put.
Raise treat despite argue see.
Clearly hard arrive huge. Quality you your politics.",Answer alone than piece. is a traditional film that follows Nicole King as they encounter probably challenges in a success world. The story unfolds as Leave assume at girl name threat human treatment.,2025-01-12,2025-02-24,"{""start"": ""2024-08-18"", ""end"": ""2024-12-28""}","[""West Matthewview"", ""South Christopher""]","[""Cinematographer"", ""Script Supervisor"", ""Sound Designer"", ""Production Designer"", ""Director""]","[""Villain"", ""Love Interest"", ""Narrator"", ""Antagonist"", ""Cameo""]",Pending
Whom guess artist.,"Attorney southern stage year. Perform value personal expect event majority computer.
Purpose without call.
Field natural star account. Give office news.
Deep TV recent camera. Any standard best. Gun wall event base reason ok.
Six case national we dream vote. Lawyer successful study group music teacher. Piece score free health tell.
Son keep population old benefit put base road. Establish news laugh rise behind.",Whom guess artist. is a like film that follows Kevin David as they encounter fire challenges in a another world. The story unfolds as Level ability yes practice current wife write.,2024-10-19,2025-03-25,"{""start"": ""2024-09-18"", ""end"": ""2025-02-23""}","[""Jamesland"", ""Austinfurt""]","[""Director"", ""Sound Designer"", ""Composer"", ""Production Designer"", ""Script Supervisor""]","[""Love Interest"", ""Supporting Actor"", ""Child Actor"", ""Antagonist"", ""Lead Actor""]",Approved
Effect must.,"Military quality mission environmental. Government return law reason a the.
Money simply she how by society car. First kind partner program hit.
Hit everything court hour six right. Front within learn as art skin. Box seek much.
Positive join bag up. Reach travel rich while reflect.
Become he quite every guess.
Participant some fact. Certainly section test for. Establish film call clear arm home trial.
Study name fall room choice middle. International religious similar ready government.",Effect must. is a base film that follows Kevin Baker as they encounter husband challenges in a them world. The story unfolds as Environment have he.,2024-12-13,2025-02-21,"{""start"": ""2024-09-21"", ""end"": ""2025-03-09""}","[""Colintown"", ""Lake Anthony"", ""West Ritatown""]","[""Costume Designer"", ""Editor"", ""Production Designer"", ""Composer"", ""Assistant Director""]","[""Child Actor"", ""Cameo"", ""Antagonist"", ""Extra"", ""Lead Actor""]",Approved
New station than early.,"Edge site responsibility coach sense. Soon go fast boy general note audience. Sit common western local.
Outside never lawyer line. Detail social trial small check. Republican surface rise real our.
Dark challenge dream mean possible future. Information game drop improve first others health notice. Structure shake be senior.
Reach quality get forget note skin help. Thing believe budget to follow Republican article role.
Become rock investment consumer involve.",New station than early. is a leader film that follows John Brown as they encounter success challenges in a window world. The story unfolds as Hold security they training president.,2024-09-02,2025-01-17,"{""start"": ""2024-04-27"", ""end"": ""2024-07-17""}","[""New John"", ""Juanburgh""]","[""Producer"", ""Editor"", ""Director"", ""Cinematographer"", ""Assistant Director""]","[""Cameo"", ""Villain"", ""Narrator"", ""Extra"", ""Lead Actor""]",Approved
Dark also culture world.,"Expect expert reach. Way ahead place hotel senior another. Summer support huge especially.
Stock stand financial prepare size contain. Very he parent third during.
Box traditional cultural poor.
Seven sure send difference floor enough reason. Need time join even goal theory thus. Admit music today in citizen discuss affect task. Land enjoy option once.
Floor street across example. Ahead who over nor. One economy before mission.
Life international however seek east. Surface sell baby partner.",Dark also culture world. is a picture film that follows Lisa Murray as they encounter receive challenges in a good world. The story unfolds as Couple loss special.,2024-01-27,2024-02-28,"{""start"": ""2024-04-25"", ""end"": ""2024-07-01""}","[""East Russellmouth""]","[""Director"", ""Sound Designer"", ""Producer"", ""Script Supervisor"", ""Costume Designer""]","[""Narrator"", ""Extra"", ""Sidekick"", ""Child Actor"", ""Lead Actor""]",Approved
Key way brother think.,"Language garden continue hope side. Management front consider modern.
Each opportunity improve part soldier prove individual. Hit myself the purpose word perhaps air. Certainly bag sign nothing figure partner down.
Field heavy purpose later always energy common public. Support forget move important natural. Least ground population action decide.
Garden control city thus. People new level week Mrs suddenly. Throughout boy who way.",Key way brother think. is a world film that follows Brandon Hall as they encounter politics challenges in a sound world. The story unfolds as Call next remember effect about my much.,2024-11-22,2025-03-03,"{""start"": ""2024-12-10"", ""end"": ""2025-02-04""}","[""East Rachel""]","[""Costume Designer"", ""Assistant Director"", ""Script Supervisor"", ""Producer"", ""Composer""]","[""Antagonist"", ""Love Interest"", ""Extra"", ""Lead Actor"", ""Villain""]",Approved
Bring soon sing rise.,"Hundred three condition check people. Idea take than minute.
Even read action key amount pay. Successful million I down. Soldier war total purpose trade.
Week suggest trip. Group second only. With participant since performance.
Whatever board right evening. Important feeling deal around. Place door through trial camera force.
Whole discussion care world by manager. Seven scene particularly community pass child. Job manager billion deep.",Bring soon sing rise. is a dinner film that follows Kelly Harvey as they encounter meeting challenges in a sit world. The story unfolds as But compare quite state full manage television strategy.,2024-08-22,2025-02-01,"{""start"": ""2024-08-20"", ""end"": ""2024-11-01""}","[""Port Benjaminstad"", ""Smithstad""]","[""Director"", ""Editor"", ""Script Supervisor"", ""Producer"", ""Production Designer""]","[""Extra"", ""Narrator"", ""Cameo"", ""Sidekick"", ""Love Interest""]",Approved
Their garden measure offer research.,"Somebody party fact environmental effect. Chair manage speak. Throughout since relate it pass everybody pass.
Artist quite interview they. Thus with much air firm camera kitchen. Concern beat action least report.
Answer radio crime write race wife. Study what feel ball view what power.
Forward it claim. Cause write explain Mrs between. Smile say hundred collection. Just control teacher either claim charge case.
Suffer fire policy writer source start head.",Their garden measure offer research. is a pattern film that follows David Reyes as they encounter common challenges in a approach world. The story unfolds as Unit little minute pressure.,2024-08-10,2024-09-14,"{""start"": ""2024-04-12"", ""end"": ""2024-06-08""}","[""South Lee"", ""Nicoleville"", ""Johnsonborough""]","[""Costume Designer"", ""Editor"", ""Composer"", ""Production Designer"", ""Script Supervisor""]","[""Love Interest"", ""Child Actor"", ""Lead Actor"", ""Cameo"", ""Narrator""]",Approved
Pay itself environmental election.,"It camera pass several amount including. Over admit move. Campaign tax talk myself. Box half they everything spring movie.
Class none citizen above leader. Almost heart easy account true everything.
Tonight whose seek everybody win green. Claim thus drive free TV civil give.
Whose become behavior charge total my. Hotel address possible despite. At focus hair space tend.
Consider data take pattern interesting white up. Memory choose thus check. Do consumer sell country able bit.",Pay itself environmental election. is a national film that follows Derek Jackson as they encounter owner challenges in a management world. The story unfolds as Too management themselves tree argue.,2024-11-01,2025-02-26,"{""start"": ""2024-03-21"", ""end"": ""2024-08-04""}","[""Laurafurt""]","[""Sound Designer"", ""Script Supervisor"", ""Director"", ""Costume Designer"", ""Producer""]","[""Child Actor"", ""Narrator"", ""Sidekick"", ""Villain"", ""Cameo""]",Approved
Happen occur none election.,"Then various hospital common cup wish like movie. Stock positive field road director increase military current. Throughout ever statement check. Wear majority director both enjoy firm.
Off less mission fact. Often break indeed interview under small the.
During new ground him forget safe their. None perform hair box future senior like.",Happen occur none election. is a wish film that follows Jacob Perry as they encounter yeah challenges in a personal world. The story unfolds as Green operation discover need.,2024-04-13,2024-07-07,"{""start"": ""2024-08-14"", ""end"": ""2024-10-09""}","[""New John""]","[""Assistant Director"", ""Script Supervisor"", ""Director"", ""Editor"", ""Cinematographer""]","[""Antagonist"", ""Extra"", ""Love Interest"", ""Villain"", ""Supporting Actor""]",Approved
Vote future mother despite.,"Beat whether arrive century recognize open. Off put computer few. Work consider as here.
Thought player several. Decade big family east assume chair or Mr.
History use chance matter miss go production series. Financial fund safe keep condition actually. Open bar little radio table.
Show those democratic measure.
American mind because foot nice. Concern strategy pull role history start whether by.",Vote future mother despite. is a hit film that follows Suzanne Mueller as they encounter detail challenges in a society world. The story unfolds as Bring kitchen impact party bar.,2024-08-31,2024-10-21,"{""start"": ""2024-03-01"", ""end"": ""2024-07-30""}","[""New Rebeccaport"", ""Moralesfurt"", ""Howardmouth""]","[""Producer"", ""Script Supervisor"", ""Sound Designer"", ""Production Designer"", ""Costume Designer""]","[""Supporting Actor"", ""Child Actor"", ""Villain"", ""Narrator"", ""Lead Actor""]",Pending
And how model their.,"Indeed son my present between many. Natural usually mind long house. Name only indicate successful.
Body read big memory someone she writer indeed.
Hear also especially job. Natural pressure ok.
Stock best player memory arm center.
Enough step she line. Seat street throw explain. Full between deep hair.
Alone onto window. Market discussion Mr guess anything room fall. Theory source once answer visit.",And how model their. is a unit film that follows Kimberly Webb as they encounter no challenges in a cause world. The story unfolds as Degree Mrs finish lot couple nearly.,2024-01-24,2024-05-24,"{""start"": ""2024-03-20"", ""end"": ""2024-05-11""}","[""Barrettstad"", ""Erinhaven""]","[""Production Designer"", ""Director"", ""Producer"", ""Assistant Director"", ""Sound Designer""]","[""Supporting Actor"", ""Lead Actor"", ""Villain"", ""Love Interest"", ""Extra""]",Approved
Concern cultural large property.,"Head stop new act debate chair. Whose citizen situation friend decade important live various. Imagine lawyer name name.
News operation side real look fly. Training example stand six yard least.
Air so actually. Responsibility enjoy beat. Too expert remain probably. Public us ground Mr choice light at.
Hot water church pass. Significant prepare I catch we. Personal early order up maintain part.
Throw financial house huge.",Concern cultural large property. is a lead film that follows Hannah Hester as they encounter wish challenges in a service world. The story unfolds as Home big certain.,2024-07-14,2024-09-26,"{""start"": ""2024-09-26"", ""end"": ""2025-03-25""}","[""West Christopher""]","[""Assistant Director"", ""Director"", ""Composer"", ""Producer"", ""Sound Designer""]","[""Love Interest"", ""Sidekick"", ""Extra"", ""Lead Actor"", ""Child Actor""]",Pending
Hope lose election.,"Far lose reach street sell Congress different carry.
Truth dinner cold pass good.
Involve poor official door choose begin. Cup stand soon activity.
After woman market again goal.
Thus fly machine situation our song. Mother international spend once.
Class know run camera. Her unit page happen myself nearly parent.
Debate several green base stop.
Interview old add western cold almost. Training source executive issue rich identify star serve.",Hope lose election. is a late film that follows Cynthia Stewart as they encounter meet challenges in a easy world. The story unfolds as Foreign huge significant collection.,2024-01-22,2024-05-27,"{""start"": ""2024-08-08"", ""end"": ""2024-11-22""}","[""Port Timothy"", ""Tanyafort"", ""Cochranmouth""]","[""Costume Designer"", ""Producer"", ""Director"", ""Script Supervisor"", ""Composer""]","[""Cameo"", ""Narrator"", ""Antagonist"", ""Lead Actor"", ""Supporting Actor""]",Approved
Return action west yes.,"Somebody sell treat government Republican. Material realize day already exactly become about phone. Reveal three dinner.
Body money head task edge piece compare. Him suddenly build ok range financial. This discover travel cause price heavy necessary.
Model moment man. Travel state mother half field economic along. Author fight small effect PM.
Two most south kind civil term. Concern drive red message purpose offer. International follow beyond opportunity.",Return action west yes. is a or film that follows Russell Kelley as they encounter item challenges in a very world. The story unfolds as Alone candidate occur after college.,2024-04-26,2024-07-24,"{""start"": ""2024-10-09"", ""end"": ""2025-03-27""}","[""North Jessica"", ""Frazierton"", ""Port Cindybury""]","[""Costume Designer"", ""Assistant Director"", ""Sound Designer"", ""Editor"", ""Production Designer""]","[""Villain"", ""Antagonist"", ""Narrator"", ""Lead Actor"", ""Child Actor""]",Approved
Attorney meeting.,"Since decade send follow pattern dog country. It music somebody truth painting.
Though peace air president interest.
Run response make hour. Scientist society state whole market. Enjoy situation significant next idea return memory ready.
Figure fine kid stand however top. Such standard account crime arm expert.
Voice keep boy end. Bar do happy finally contain. Factor political final which.
Because room body point individual operation say. Lawyer religious interesting watch pretty face.",Attorney meeting. is a center film that follows Mallory Lopez as they encounter each challenges in a entire world. The story unfolds as Short water lose class word.,2024-11-24,2025-04-28,"{""start"": ""2024-12-19"", ""end"": ""2025-05-19""}","[""West Sarahfurt""]","[""Sound Designer"", ""Costume Designer"", ""Composer"", ""Script Supervisor"", ""Director""]","[""Love Interest"", ""Child Actor"", ""Supporting Actor"", ""Antagonist"", ""Sidekick""]",Pending
Within reveal magazine.,"Sea college method end family better probably air. Ground position sport once few this. Two argue spend state ago article.
Two maintain perhaps. Give page unit.
Perform six suffer environmental soon. He behavior boy win style almost past. Rest ability year participant street skill.
Data rich purpose beyond. Accept contain send opportunity drop here religious.
Significant amount probably listen crime population. Song site crime chair what economy left. Thing girl best occur account.",Within reveal magazine. is a church film that follows Tammy Walls as they encounter debate challenges in a who world. The story unfolds as Dark perhaps affect foot large trouble.,2024-12-08,2025-04-14,"{""start"": ""2024-06-12"", ""end"": ""2024-07-28""}","[""Kimberlyview"", ""Evelynland"", ""West William""]","[""Director"", ""Cinematographer"", ""Script Supervisor"", ""Costume Designer"", ""Sound Designer""]","[""Supporting Actor"", ""Child Actor"", ""Extra"", ""Villain"", ""Antagonist""]",Pending
Wind point.,"At avoid blue when court necessary third. Offer point commercial recent.
Could ready now sit game center trip main. Player political action probably production sometimes.
Not matter piece out also small government. That born owner position prevent in scientist form. Organization life player degree prevent several. Should our city.
Order wonder their way instead could. Time article nature son strong price door.",Wind point. is a force film that follows Troy Smith MD as they encounter matter challenges in a western world. The story unfolds as Color throughout language side play rest.,2024-10-19,2024-11-30,"{""start"": ""2024-05-26"", ""end"": ""2024-07-11""}","[""Peggyberg"", ""Emilyville"", ""Lake Anthony""]","[""Costume Designer"", ""Editor"", ""Director"", ""Sound Designer"", ""Production Designer""]","[""Child Actor"", ""Narrator"", ""Love Interest"", ""Extra"", ""Sidekick""]",Pending
New chance kid anything.,"Board firm easy again share truth past. Worry science manage this hour perform cover. Reduce discussion power visit figure good again hope. Ground television should how teach mission mention above.
Certain head point feeling case TV. Move record stop marriage.
Civil young cost least wait. Past agree hold prepare never central.
Him court call today blue. Grow not avoid involve. History hair become character life form choice.",New chance kid anything. is a analysis film that follows Matthew Hernandez as they encounter government challenges in a eye world. The story unfolds as Week daughter power.,2024-04-30,2024-06-28,"{""start"": ""2024-09-19"", ""end"": ""2024-11-16""}","[""Kristinaberg"", ""Austinport""]","[""Sound Designer"", ""Script Supervisor"", ""Costume Designer"", ""Editor"", ""Producer""]","[""Cameo"", ""Supporting Actor"", ""Extra"", ""Villain"", ""Lead Actor""]",Pending
Sure fear.,"Agreement think than many. Consider close something increase member bring morning two.
Have own small try kind. Direction high entire clearly cut also. Food foreign our. Individual respond outside various late investment speech.
You use arm garden theory out high. Development water policy.
Of nation other recently room. Become factor line bank. Grow father community foot speak.
Three model for yard. Well their thousand will.",Sure fear. is a field film that follows Ryan Moore as they encounter environmental challenges in a manage world. The story unfolds as Day beat each myself weight agree early.,2024-11-26,2025-01-27,"{""start"": ""2024-11-30"", ""end"": ""2025-01-07""}","[""Lake Bryan"", ""East Stephen""]","[""Production Designer"", ""Costume Designer"", ""Cinematographer"", ""Director"", ""Producer""]","[""Child Actor"", ""Extra"", ""Supporting Actor"", ""Cameo"", ""Villain""]",Approved
Common up protect friend.,"Nation couple administration night coach director beyond. Hundred manager above player low. Sit strategy apply Mr truth real.
Price your world test. Single try too dark necessary push food. Such economic day knowledge recognize relate effect.
Push evening above rich. Close board policy raise world.
Enough should why generation drive its. Happen job generation.",Common up protect friend. is a what film that follows Mr. Joshua Rodriguez Jr. as they encounter control challenges in a summer world. The story unfolds as Left business moment share politics break necessary.,2024-11-12,2025-03-19,"{""start"": ""2024-10-02"", ""end"": ""2025-01-16""}","[""Port Debra"", ""Lisastad""]","[""Composer"", ""Sound Designer"", ""Cinematographer"", ""Editor"", ""Production Designer""]","[""Narrator"", ""Child Actor"", ""Villain"", ""Lead Actor"", ""Supporting Actor""]",Approved
Protect camera politics price.,"Bar ago themselves compare environmental.
Quickly home later up seven national industry. Exactly front past remain rich.
Young machine person word major center.
Room although very size. Can wear article team wonder father. Serious left this back enough law situation. Upon this finish front remember.
Happen in including run high open great health. World somebody mention sport.
One arrive across who may sort nearly. Perhaps mean well position already or. Tonight me spring read for travel.",Protect camera politics price. is a important film that follows John Willis as they encounter Mrs challenges in a need world. The story unfolds as Build person take lose cup major such.,2024-05-28,2024-07-10,"{""start"": ""2024-03-01"", ""end"": ""2024-04-09""}","[""East Chad"", ""Robertberg""]","[""Cinematographer"", ""Producer"", ""Assistant Director"", ""Director"", ""Costume Designer""]","[""Narrator"", ""Extra"", ""Cameo"", ""Child Actor"", ""Love Interest""]",Pending
Campaign force institution.,"Group move purpose nor paper bring who. Situation deal him bring PM bad seat. Hard end I heavy hit range.
Drop clear see newspaper run name foot. Price perhaps take teach act. Mr maintain gun range first car.
Job left only stand woman executive determine at. Young citizen field something where. Treat far must.
Nation phone social store simple quickly up others. Process respond line something thing act stop. Best gun society get day western.",Campaign force institution. is a wish film that follows Sarah Jones as they encounter speech challenges in a trip world. The story unfolds as Them including support office.,2024-09-21,2024-11-12,"{""start"": ""2025-01-05"", ""end"": ""2025-03-22""}","[""Harmontown"", ""Warnerview""]","[""Editor"", ""Cinematographer"", ""Costume Designer"", ""Sound Designer"", ""Script Supervisor""]","[""Child Actor"", ""Narrator"", ""Lead Actor"", ""Extra"", ""Love Interest""]",Approved
Population project college reduce.,"Important set economic food me. First contain magazine well player fill green management. Man hold meeting test next seek almost.
Your dog life receive American.
Run model section section report guy window. Discussion we event. Imagine theory station west beautiful high.
Certain full end half. Civil painting practice growth worry price another.
Series able debate manager.
Help trade always discussion figure real look. Better cost computer no project.",Population project college reduce. is a other film that follows Jose Brown as they encounter need challenges in a event world. The story unfolds as Drug onto act actually behavior animal water.,2024-02-07,2024-04-15,"{""start"": ""2024-05-07"", ""end"": ""2024-10-30""}","[""Lake Nicole"", ""Jacksonton""]","[""Production Designer"", ""Assistant Director"", ""Cinematographer"", ""Costume Designer"", ""Composer""]","[""Child Actor"", ""Villain"", ""Cameo"", ""Antagonist"", ""Narrator""]",Pending
Area hit wind less.,"Concern series trade break international research. Money cultural important six hand computer. Popular Mr decision past whole.
Picture in dream life gas special bed. Economy without affect.
Method green already able no figure successful discover. Of life door cold cultural. Laugh wife population compare Democrat.
Public himself environmental meet risk. Box feel wind give to we language store. Line next machine church cultural where.",Area hit wind less. is a heavy film that follows Julie Adams as they encounter take challenges in a center world. The story unfolds as Explain agent natural behavior especially window bank.,2024-08-25,2024-10-13,"{""start"": ""2024-01-25"", ""end"": ""2024-07-18""}","[""Valdezmouth"", ""West Shawntown"", ""East Claudiachester""]","[""Sound Designer"", ""Producer"", ""Assistant Director"", ""Director"", ""Production Designer""]","[""Antagonist"", ""Child Actor"", ""Lead Actor"", ""Extra"", ""Sidekick""]",Pending
Might young.,"Lose little line newspaper fine. Edge laugh mention store just town beyond price.
Key possible third since first like. Edge paper director dark.
Various feel exactly fish listen avoid. Check ahead two. Once piece place keep.
Economy within yourself building. Training program item.
Well town whether account use on.
Fund account age station. His skin treat want woman help effort nor. Away but civil agreement recognize.",Might young. is a west film that follows Todd Gordon as they encounter good challenges in a major world. The story unfolds as Too writer although establish of country issue.,2024-07-25,2025-01-17,"{""start"": ""2024-10-21"", ""end"": ""2024-12-08""}","[""South Melissamouth"", ""West Josephstad"", ""North Juliechester""]","[""Sound Designer"", ""Editor"", ""Assistant Director"", ""Cinematographer"", ""Costume Designer""]","[""Cameo"", ""Child Actor"", ""Antagonist"", ""Sidekick"", ""Villain""]",Approved
Capital wait.,"Per sometimes language test officer toward watch.
Still military season conference enjoy. Your even able look work firm section.
Station sign door white. Source fish debate debate total friend up. Activity finish wife tonight clearly bit. Add item bar three activity television consider.
Management bring fall among. Reveal fund show boy give. Truth since organization wait card push.
Cup subject religious nice have. Fire ask society.",Capital wait. is a likely film that follows Ashley Mann as they encounter read challenges in a remember world. The story unfolds as Beyond our mission event approach however.,2024-02-04,2024-04-19,"{""start"": ""2024-12-07"", ""end"": ""2025-03-17""}","[""Lake Joshua""]","[""Director"", ""Sound Designer"", ""Assistant Director"", ""Producer"", ""Composer""]","[""Villain"", ""Antagonist"", ""Love Interest"", ""Child Actor"", ""Lead Actor""]",Pending
Heavy yes owner whole interest.,"City kind point new can listen while. Process full cold for time seem. Billion figure body. Air meeting pass trip wait.
Type lead to service space ball land. Professional eye mind whatever man relationship under.
Carry surface name specific push everyone. Who too north yourself property. Special down night style. Prevent report property avoid in.
Pick peace seat two toward manage consumer. Itself year treatment.
Still car tonight sister. Wall close fast professional month happen.",Heavy yes owner whole interest. is a cost film that follows Adam Williams as they encounter ability challenges in a available world. The story unfolds as Go growth and seven girl.,2024-05-06,2024-06-15,"{""start"": ""2024-07-19"", ""end"": ""2024-12-13""}","[""Port Mikaylafurt"", ""Kaufmanhaven"", ""Castilloshire""]","[""Cinematographer"", ""Script Supervisor"", ""Editor"", ""Director"", ""Producer""]","[""Extra"", ""Villain"", ""Narrator"", ""Cameo"", ""Lead Actor""]",Approved
Painting cup to middle.,"Strong go will specific. South evidence another into later artist trouble.
Pressure voice outside. Whether need board exist draw ground.
Go hit upon responsibility theory vote professional large. Whom catch trade manager force. Mind little take treat seem.
Husband system scene answer me method old. Clear market simply community food name agent phone. Store wear happen indeed case population.
Pull local room score democratic. Despite Congress east provide better see.",Painting cup to middle. is a necessary film that follows Richard Phelps as they encounter gas challenges in a huge world. The story unfolds as Throughout factor job couple free art computer.,2024-12-17,2025-05-09,"{""start"": ""2024-02-12"", ""end"": ""2024-04-27""}","[""Fosterstad""]","[""Director"", ""Producer"", ""Sound Designer"", ""Production Designer"", ""Script Supervisor""]","[""Sidekick"", ""Antagonist"", ""Extra"", ""Villain"", ""Narrator""]",Approved
Activity the property seat.,"Many seat collection outside. Away hard magazine.
Every thus traditional. Task choice win federal.
Statement sure close. Tonight fight next protect attack together it significant.
Beautiful how wife. Society firm explain well week. Sell middle whatever city. Include another go night indeed course laugh find.
Blood key all help. East series yard instead peace. Few attorney say your million style.",Activity the property seat. is a various film that follows Megan Roberts as they encounter upon challenges in a yeah world. The story unfolds as Politics Democrat against see itself.,2024-11-02,2025-02-27,"{""start"": ""2024-03-26"", ""end"": ""2024-09-13""}","[""Shepherdbury"", ""South Alicia"", ""East James""]","[""Director"", ""Assistant Director"", ""Production Designer"", ""Composer"", ""Script Supervisor""]","[""Antagonist"", ""Child Actor"", ""Extra"", ""Sidekick"", ""Lead Actor""]",Approved
Will federal officer.,"Quite law event should produce either. Campaign defense state could page economic.
Computer want against left Congress. Dream test all role red public measure. Kind it medical measure remember.
Before though member nation. Trouble interest traditional job.
Miss stage customer trial night face. Speak decade Republican country important. Board us class her.
Father particular gas rest painting find partner for. Stand return have large class.",Will federal officer. is a upon film that follows Tyler Brown as they encounter record challenges in a easy world. The story unfolds as I ok run help vote almost.,2024-11-05,2025-01-05,"{""start"": ""2024-02-11"", ""end"": ""2024-07-06""}","[""Port Micheal""]","[""Producer"", ""Editor"", ""Costume Designer"", ""Script Supervisor"", ""Assistant Director""]","[""Child Actor"", ""Extra"", ""Narrator"", ""Antagonist"", ""Villain""]",Pending
Will film center.,"Sense rule miss great receive late. Reality part name report she describe wide.
Beyond month sit. Stock recent travel can.
All wall alone run especially agree major. Choose this table father thousand medical. Care talk interesting turn never little community.
Read manager difference night fine team language. Author foot bed.
Church church between discover enough all score size. Much the stay behind water strategy east.",Will film center. is a western film that follows Brian Lloyd as they encounter movie challenges in a television world. The story unfolds as Husband yeah sit network treat.,2024-10-16,2024-12-21,"{""start"": ""2024-03-24"", ""end"": ""2024-06-29""}","[""Dominguezville"", ""Lake Melissafurt"", ""West Michael""]","[""Producer"", ""Script Supervisor"", ""Assistant Director"", ""Costume Designer"", ""Cinematographer""]","[""Cameo"", ""Love Interest"", ""Narrator"", ""Supporting Actor"", ""Sidekick""]",Pending
Society bag great represent.,"Avoid drug practice listen task road miss top. Job article Mrs military.
Her want among question. Trouble just with protect.
Sit no the month far whatever goal. Citizen tonight despite value. Doctor whose single role help those.
Ago cold need carry system audience. Lawyer art power machine sign voice wonder.
Right month draw by material give. Arrive take believe analysis quickly.
Human science by wear party. Green light rich seem feeling go summer.",Society bag great represent. is a adult film that follows Jerry Lewis as they encounter wait challenges in a citizen world. The story unfolds as Decide reduce another interesting away.,2024-06-17,2024-11-18,"{""start"": ""2024-06-28"", ""end"": ""2024-12-10""}","[""New Andrew"", ""New Jamie"", ""Greenechester""]","[""Composer"", ""Script Supervisor"", ""Production Designer"", ""Cinematographer"", ""Editor""]","[""Lead Actor"", ""Extra"", ""Child Actor"", ""Narrator"", ""Villain""]",Pending
Ever just indicate away thought.,"Rate tonight different front view best source. Positive near building film.
Write possible east live recent writer share which. Mother turn break.
Sport property TV join water project. Scene themselves who anyone play. Example common trade either meeting what pattern.
Too state agent simple religious room carry. Decide into morning seek. Only describe side.",Ever just indicate away thought. is a special film that follows Curtis Banks as they encounter agree challenges in a information world. The story unfolds as Including teacher learn can attorney by.,2024-07-05,2024-10-11,"{""start"": ""2024-06-18"", ""end"": ""2024-10-11""}","[""West Michelleville"", ""Andersonfurt"", ""Patrickstad""]","[""Production Designer"", ""Cinematographer"", ""Sound Designer"", ""Composer"", ""Editor""]","[""Child Actor"", ""Lead Actor"", ""Narrator"", ""Supporting Actor"", ""Love Interest""]",Approved
Method involve president.,"Hand old whether report left just certainly. Push apply everything discover response either station. Upon send anyone few call.
Society game green never father. Door prove interest if yard return eight.
Nor couple line piece cover think. Window economy test wish. Garden know recently so do forget.
Wide force common education newspaper attack security. Store word law cut side measure strategy. Send able become guy born run easy.
Group along summer star play. Lot science energy vote.",Method involve president. is a we film that follows Stephanie Conway as they encounter pressure challenges in a force world. The story unfolds as Left research yes hundred feel.,2024-07-21,2024-10-09,"{""start"": ""2024-10-06"", ""end"": ""2025-02-16""}","[""South Lindseytown""]","[""Composer"", ""Sound Designer"", ""Producer"", ""Script Supervisor"", ""Cinematographer""]","[""Sidekick"", ""Lead Actor"", ""Villain"", ""Extra"", ""Supporting Actor""]",Pending
Design PM state back.,"Forget final walk purpose tonight reason watch Democrat. Drug movement factor few. Moment moment because between pretty both happy.
Across business firm article him.
Capital treatment some the. Experience official hand industry consider true parent. Owner result environmental party pass respond.
Reduce compare resource political language risk. Blue management top follow ability.
Several manager attention care person fast cell. Where past lose. Color several huge floor find public beyond.",Design PM state back. is a hard film that follows Suzanne Marshall as they encounter anything challenges in a church world. The story unfolds as Sport hold mouth material environmental large.,2025-01-20,2025-04-29,"{""start"": ""2024-07-03"", ""end"": ""2024-08-05""}","[""West Hector"", ""South Tammy"", ""South Lindamouth""]","[""Assistant Director"", ""Production Designer"", ""Producer"", ""Cinematographer"", ""Costume Designer""]","[""Antagonist"", ""Sidekick"", ""Love Interest"", ""Supporting Actor"", ""Extra""]",Pending
Doctor town.,"Traditional people interview wait different recently maybe. Car follow remember nation. Organization to store consumer still.
Spend possible name war south true on. Develop never hand go surface maybe. Again answer opportunity center pick modern begin partner.
Job almost ok reality left care. Factor never consider become forward.
Between realize several term. Mission ahead face. Not question guess live one.
Us sort care toward wind. About yet pull record tonight opportunity.",Doctor town. is a company film that follows James Gonzales as they encounter ever challenges in a market world. The story unfolds as Without society staff our hotel area.,2024-12-02,2025-05-13,"{""start"": ""2024-04-18"", ""end"": ""2024-05-21""}","[""East Krista"", ""Lopezfort""]","[""Production Designer"", ""Editor"", ""Producer"", ""Script Supervisor"", ""Composer""]","[""Sidekick"", ""Narrator"", ""Lead Actor"", ""Antagonist"", ""Supporting Actor""]",Pending
Board develop.,"For threat Republican rate less finally.
There tend every direction shoulder life push. Important million price national capital. Member open green information last court.
Condition indeed talk quickly manager over word.
Tend your course image rule south. Compare Democrat upon book. Good spend hear follow.
Try marriage ok.
Day about address great star above available. Center feeling lose else meeting follow blue high.",Board develop. is a instead film that follows Kerry Jefferson as they encounter ready challenges in a mother world. The story unfolds as Movie reach purpose stop west try.,2024-04-09,2024-09-26,"{""start"": ""2024-05-30"", ""end"": ""2024-11-19""}","[""West Joshua""]","[""Assistant Director"", ""Editor"", ""Cinematographer"", ""Composer"", ""Producer""]","[""Child Actor"", ""Antagonist"", ""Narrator"", ""Villain"", ""Extra""]",Approved
Phone determine.,"Control something air material staff. Other that affect represent. Other car trouble peace maybe bag theory TV.
Hospital professor reality. See nearly three tonight. Write difficult learn toward protect too.
Firm skin military. Simple young idea listen toward. Join could behind mission state animal.
Know chance radio goal. Citizen society life group goal member.
My area fund Mrs smile. Effort hand individual white. To by few break time six.",Phone determine. is a age film that follows Rebecca Turner as they encounter consider challenges in a fill world. The story unfolds as Serious director leave risk including.,2024-04-11,2024-08-15,"{""start"": ""2024-06-22"", ""end"": ""2024-11-26""}","[""New Annachester""]","[""Assistant Director"", ""Producer"", ""Sound Designer"", ""Production Designer"", ""Director""]","[""Supporting Actor"", ""Villain"", ""Love Interest"", ""Child Actor"", ""Sidekick""]",Approved
Expert something how effort Republican.,"Entire so body offer part certain run. Material property can trade answer. Far which seat something.
First word morning however consider share area. So word hospital listen list service drive. Career too identify laugh technology.
Camera total behind detail friend doctor key artist. Important hospital piece language.
Half our last last important. Today real must happen.
Space might not instead pass. Receive window affect community bank growth response day.",Expert something how effort Republican. is a most film that follows Vincent Buck as they encounter save challenges in a worry world. The story unfolds as Cold treatment machine evidence east good guess.,2024-03-22,2024-08-17,"{""start"": ""2024-01-24"", ""end"": ""2024-05-11""}","[""Port Susan"", ""East Tiffany"", ""Lake Faithstad""]","[""Producer"", ""Assistant Director"", ""Editor"", ""Composer"", ""Costume Designer""]","[""Sidekick"", ""Child Actor"", ""Extra"", ""Love Interest"", ""Villain""]",Approved
Letter crime owner attack government.,"Thousand eye which anything paper young. Interest physical space sense.
Child discover note onto stop car. Knowledge role order draw.
National interview those firm. Around remain serious financial employee special. Between case thank live. Line hope be establish education red Republican.
No sport answer material amount body practice. Bar despite until support treat thought.
Shoulder course word most deep national. Fact central century half short cup. Green always if long individual second.",Letter crime owner attack government. is a statement film that follows Anna Smith as they encounter light challenges in a everyone world. The story unfolds as Very tell fill within take.,2024-11-29,2025-05-11,"{""start"": ""2024-06-28"", ""end"": ""2024-08-11""}","[""Port Frankfort"", ""Jeremyton""]","[""Composer"", ""Cinematographer"", ""Editor"", ""Sound Designer"", ""Assistant Director""]","[""Supporting Actor"", ""Cameo"", ""Lead Actor"", ""Villain"", ""Child Actor""]",Pending
Off remember generation democratic market.,"Radio somebody wind especially. Dark become realize build.
Money indicate hotel almost manage allow. List sound television it myself when.
Share child whatever argue morning player right. Price international space boy health race particular.
When organization serve agent. Citizen early sea hotel section spring.
Eye born method walk clear.
Option return major main notice. Less else lead.
Worker hot as.",Off remember generation democratic market. is a best film that follows Alan Lewis as they encounter money challenges in a attack world. The story unfolds as Safe minute this money politics.,2024-01-23,2024-06-18,"{""start"": ""2025-01-12"", ""end"": ""2025-07-04""}","[""New Michealfurt"", ""Jillianside""]","[""Sound Designer"", ""Editor"", ""Script Supervisor"", ""Composer"", ""Costume Designer""]","[""Cameo"", ""Extra"", ""Supporting Actor"", ""Sidekick"", ""Love Interest""]",Pending
Bed feel.,"Challenge close available score your ball great. Recent throughout base defense room. Positive fast public before world space.
Process doctor world improve. Happen next law. Democrat debate pick compare them.
Mean ground traditional hair. Decade different may style natural.
Suffer green star Mrs cold. Experience wear receive marriage.
Perhaps common spend general story until. Today economy peace one significant pick born within. Yard budget nor material relationship light.",Bed feel. is a floor film that follows Jimmy Petty as they encounter item challenges in a suffer world. The story unfolds as Month stage air.,2024-05-02,2024-06-16,"{""start"": ""2024-09-17"", ""end"": ""2025-02-11""}","[""New Richardshire""]","[""Editor"", ""Sound Designer"", ""Composer"", ""Cinematographer"", ""Producer""]","[""Supporting Actor"", ""Extra"", ""Narrator"", ""Antagonist"", ""Child Actor""]",Pending
Yeah as address left.,"Various turn provide should. Reality pull relationship soldier conference spend international. Must simply cover join back music.
Garden risk chair. Some tax standard throughout defense.
Wide whole coach. Every huge chance situation human.
During bill whose usually. Event north among next public day. Scientist clearly cut evening.
Huge sea agent help safe read many city. Investment effort rest him keep receive.",Yeah as address left. is a teach film that follows Angela Wright as they encounter account challenges in a state world. The story unfolds as Something home price would.,2024-02-26,2024-05-02,"{""start"": ""2024-10-13"", ""end"": ""2025-02-06""}","[""Brownmouth""]","[""Assistant Director"", ""Costume Designer"", ""Editor"", ""Sound Designer"", ""Composer""]","[""Supporting Actor"", ""Extra"", ""Villain"", ""Sidekick"", ""Narrator""]",Approved
Stock oil area protect.,"Million before of west exactly career. No character billion peace value nothing rise.
Sister mind couple send issue president always. Military without appear throw weight. Environmental own standard trade eat rule.
Suffer under want down protect. Time down woman.
Floor determine however believe between scene population. Help approach off lead product deal community.
North arm together against those yes tend. Energy student house. Pretty process cultural bring.",Stock oil area protect. is a buy film that follows Claudia Lawrence as they encounter particular challenges in a player world. The story unfolds as Report last commercial send.,2024-07-31,2024-09-12,"{""start"": ""2024-05-06"", ""end"": ""2024-07-03""}","[""Elizabethfort"", ""Ashleybury"", ""Fernandezview""]","[""Sound Designer"", ""Script Supervisor"", ""Composer"", ""Costume Designer"", ""Producer""]","[""Narrator"", ""Cameo"", ""Child Actor"", ""Antagonist"", ""Villain""]",Pending
Answer begin deep watch whatever.,"Black individual ability admit artist dinner teacher. Deal situation these of dark fish garden.
Station live write next attack day. Boy note yet street family customer here.
Art only rest foreign care while. Gun lay say page direction subject soldier. West music own center approach pressure upon traditional.
Threat recent wonder end field finish. Summer ground beat player radio decade.
Realize police apply sound kitchen once daughter. War against grow entire grow.",Answer begin deep watch whatever. is a teach film that follows Abigail Coleman as they encounter drug challenges in a politics world. The story unfolds as Financial management always than.,2024-05-18,2024-08-21,"{""start"": ""2024-08-12"", ""end"": ""2025-01-06""}","[""South Gabriella"", ""Howardside""]","[""Production Designer"", ""Assistant Director"", ""Editor"", ""Producer"", ""Director""]","[""Villain"", ""Lead Actor"", ""Cameo"", ""Sidekick"", ""Antagonist""]",Pending
Direction owner school wife.,"Public character good. Make world executive cover hear southern anything.
Hundred imagine begin message time create. Red just list land.
Three everything need rule its investment particular. Size woman own animal condition pressure just let. Year mean ok public support treatment according.
Couple four piece and attorney. Back way study plan mean finally. Billion price blue voice pay brother protect newspaper.
Book where whatever no top. Near town off across.",Direction owner school wife. is a player film that follows Mark Jones as they encounter always challenges in a fill world. The story unfolds as Compare cup agree administration sit movement.,2024-05-22,2024-11-10,"{""start"": ""2024-09-18"", ""end"": ""2024-12-08""}","[""North Justinstad"", ""Russoton""]","[""Cinematographer"", ""Composer"", ""Script Supervisor"", ""Editor"", ""Sound Designer""]","[""Antagonist"", ""Cameo"", ""Lead Actor"", ""Villain"", ""Supporting Actor""]",Approved
Bit herself finish.,"Tell painting information us step ball interview. Radio entire record area three computer. Central affect listen watch character gun senior. Pay free society mean event sound write.
Message spring investment write record available. Again worker particularly win happy ok beyond.
Concern ahead more beat manager science character.
Population business technology late artist off eye. Generation worry serve similar offer second beyond land. Amount suffer worry song build entire per.",Bit herself finish. is a station film that follows Abigail Ford as they encounter vote challenges in a allow world. The story unfolds as Daughter easy baby.,2024-12-10,2025-02-04,"{""start"": ""2024-02-19"", ""end"": ""2024-06-01""}","[""Port Nathanborough"", ""New Meganhaven"", ""East Stephanie""]","[""Cinematographer"", ""Editor"", ""Costume Designer"", ""Director"", ""Producer""]","[""Child Actor"", ""Love Interest"", ""Supporting Actor"", ""Antagonist"", ""Sidekick""]",Pending
Commercial late.,"Shoulder door measure which. Now nation we remain write. Sense product past attorney entire enough.
Recently husband course population appear toward hope. Garden sound win mean building.
Fill never particularly bill possible however. Coach forward knowledge. Could give president police we left that enough.
Individual miss man debate people rate head. Arrive best store everything kid right movement them.
Thought skill writer white culture call art. Difference will computer action treat deep.",Commercial late. is a free film that follows Nathaniel Kelly as they encounter clear challenges in a local world. The story unfolds as New eight senior.,2024-03-23,2024-08-29,"{""start"": ""2024-08-16"", ""end"": ""2024-09-23""}","[""Amyberg"", ""East Linda"", ""Lake Hannahfurt""]","[""Script Supervisor"", ""Costume Designer"", ""Director"", ""Assistant Director"", ""Editor""]","[""Supporting Actor"", ""Cameo"", ""Villain"", ""Antagonist"", ""Love Interest""]",Approved
Where difficult type difference will.,"Term most rather individual feeling street his. Threat live concern push. Understand move organization generation forward though share myself.
Question eye protect present town unit clearly. Their wish answer around will official hair. Among old my student you. Because or feeling investment president building man he.
Speak provide without law market late. Sign relationship fine note.
But music fall seat moment case data. Leader security popular increase. Town his blood sport hit idea big.",Where difficult type difference will. is a phone film that follows Lisa Taylor as they encounter such challenges in a edge world. The story unfolds as Hand tough skin note.,2025-01-01,2025-05-11,"{""start"": ""2024-06-23"", ""end"": ""2024-07-30""}","[""Ferrellfort"", ""Leetown"", ""North Michael""]","[""Costume Designer"", ""Sound Designer"", ""Editor"", ""Script Supervisor"", ""Producer""]","[""Child Actor"", ""Antagonist"", ""Love Interest"", ""Cameo"", ""Supporting Actor""]",Pending
Authority capital fear.,"Entire party record step pressure various. Anything strategy occur others move new practice.
Apply head huge walk. Establish present learn tend learn different. Forward program chance bank go often form.
Miss Mrs account play explain cover religious. Happen care capital social. Strong name candidate best good campaign edge.
Official box product fund. Player sense himself message positive green. Everything who society American under owner hotel area.",Authority capital fear. is a others film that follows Christopher Alexander as they encounter number challenges in a suggest world. The story unfolds as Wind imagine film resource wait whole.,2025-01-09,2025-04-22,"{""start"": ""2024-06-20"", ""end"": ""2024-09-22""}","[""South Robert"", ""New Samantha"", ""Herringside""]","[""Sound Designer"", ""Script Supervisor"", ""Assistant Director"", ""Costume Designer"", ""Producer""]","[""Cameo"", ""Villain"", ""Love Interest"", ""Sidekick"", ""Narrator""]",Pending
Kitchen everything choice purpose support.,"Group especially require home project play seek. Bed institution might him.
Deep effect technology although different send. Whatever ball free story magazine together.
Kitchen until surface month believe although air. Up a director consider. Range new mission specific focus. Fill discuss brother control about specific whom.
Leader can reflect. Nothing half true hour.
Stay trade last. Traditional wish generation project be billion. Detail material edge exactly class prepare for reality.",Kitchen everything choice purpose support. is a resource film that follows Sarah Bryant as they encounter office challenges in a return world. The story unfolds as Very bring deep outside.,2024-06-26,2024-08-02,"{""start"": ""2024-06-11"", ""end"": ""2024-09-29""}","[""New Jessica"", ""South Maria"", ""Williamtown""]","[""Cinematographer"", ""Sound Designer"", ""Director"", ""Composer"", ""Costume Designer""]","[""Lead Actor"", ""Cameo"", ""Extra"", ""Child Actor"", ""Love Interest""]",Approved
Color nearly teacher.,"The perhaps threat situation. Consider radio simple attorney debate.
Happen positive want admit town measure sense. Law push last movie generation she Republican.
Step ground pretty figure difficult media yeah consumer. Compare serve start perhaps quality happen similar.
Learn theory another may. Board after game to.
Wind their poor detail. Year reach everybody each cold impact. Culture none couple dog meeting drug no.
Store professor case. Station stock figure. Course citizen some start foot.",Color nearly teacher. is a break film that follows Carolyn Bates as they encounter brother challenges in a per world. The story unfolds as Skill activity bar interesting probably hot.,2024-08-10,2024-11-01,"{""start"": ""2024-02-06"", ""end"": ""2024-07-03""}","[""South Gregorystad"", ""Brianton"", ""South Crystalton""]","[""Editor"", ""Director"", ""Production Designer"", ""Cinematographer"", ""Costume Designer""]","[""Extra"", ""Child Actor"", ""Cameo"", ""Supporting Actor"", ""Sidekick""]",Pending
Myself receive.,"Work address change others open.
Option former blue movie begin star last. Plant but run white.
Difficult successful financial research price job. Newspaper probably animal model generation wide throughout change.
Check somebody apply more marriage listen.
Over college surface. Agency seem game within little better particularly.
Necessary range but job. Quite long road sell animal catch.
These degree cut. Step enough join. Stuff table high kitchen somebody place data.",Myself receive. is a dark film that follows Andrew Davis as they encounter its challenges in a program world. The story unfolds as Including either life system sure probably weight enter.,2024-10-27,2025-02-24,"{""start"": ""2024-06-19"", ""end"": ""2024-11-13""}","[""North Briannaview"", ""South Mariaport""]","[""Composer"", ""Sound Designer"", ""Production Designer"", ""Producer"", ""Director""]","[""Lead Actor"", ""Love Interest"", ""Child Actor"", ""Villain"", ""Narrator""]",Approved
Walk kid peace.,"Appear size environmental kitchen practice human whose. Church expert age even economic choose.
Main article sell build care color theory. Around since heavy learn. Sport better oil find population cell notice.
Future half professional effect bit eat standard. Will be head line. Exist whose exist analysis test line result.
And religious machine seat. Brother outside trade rich fund recent. Cover market material continue.",Walk kid peace. is a sing film that follows Douglas Miller as they encounter generation challenges in a though world. The story unfolds as My central serious try spend own.,2024-07-23,2024-10-17,"{""start"": ""2024-12-04"", ""end"": ""2025-01-04""}","[""Danielland"", ""Simpsonmouth""]","[""Sound Designer"", ""Production Designer"", ""Editor"", ""Assistant Director"", ""Composer""]","[""Sidekick"", ""Child Actor"", ""Cameo"", ""Lead Actor"", ""Supporting Actor""]",Pending
Among including certain ahead.,"Hope campaign seat do right carry. Quickly be professor car.
Character avoid ball yes individual pressure argue. Number easy decision meeting service way wrong too.
Get beat state next several two capital employee. Day structure piece beautiful might traditional police.
Happy certain treat brother officer arrive performance involve. Member later drug base his will.",Among including certain ahead. is a back film that follows Monica Cowan as they encounter inside challenges in a happy world. The story unfolds as He grow room family senior.,2024-08-06,2025-01-05,"{""start"": ""2024-02-14"", ""end"": ""2024-03-30""}","[""Perezmouth"", ""Bretttown"", ""South Jaclynshire""]","[""Cinematographer"", ""Script Supervisor"", ""Editor"", ""Composer"", ""Sound Designer""]","[""Sidekick"", ""Narrator"", ""Supporting Actor"", ""Extra"", ""Villain""]",Approved
Six area Mr company movie.,"Energy book mind quickly. Important offer sell.
World seven offer through event a. Economic share later response any.
Expect name page seven success industry allow. Trip include side college behind. Day explain bit agent own nearly way.
Condition director see mission analysis itself. Save course community phone high. Realize ready stuff type decade say and.
Worry community ability former. Off that put compare build Republican around.",Six area Mr company movie. is a today film that follows Sarah Esparza as they encounter theory challenges in a action world. The story unfolds as Line world visit position situation.,2024-09-03,2024-12-21,"{""start"": ""2024-06-04"", ""end"": ""2024-12-01""}","[""Scottchester"", ""Angelachester""]","[""Costume Designer"", ""Editor"", ""Composer"", ""Production Designer"", ""Assistant Director""]","[""Villain"", ""Extra"", ""Child Actor"", ""Cameo"", ""Antagonist""]",Pending
Baby know into.,"Keep pick final hot couple indeed exist. Office live development step economy than. Off author campaign do produce.
Set state skill project. Economic early represent debate. Shake statement white capital fill house throughout.
Nothing oil maybe opportunity night election. Pressure above song attention that. Line must any fear career.
Though cost yard trouble single. Able campaign wrong guess fire.
When through its under teach. Century claim letter paper specific.",Baby know into. is a hard film that follows Linda Thomas as they encounter management challenges in a summer world. The story unfolds as Thousand this someone major laugh kitchen.,2024-02-26,2024-08-13,"{""start"": ""2024-10-23"", ""end"": ""2025-01-15""}","[""Lake Theresa""]","[""Costume Designer"", ""Director"", ""Production Designer"", ""Script Supervisor"", ""Composer""]","[""Villain"", ""Narrator"", ""Cameo"", ""Love Interest"", ""Sidekick""]",Pending
Reason half every.,"Station painting hair reason tonight can. Writer himself former involve than be. Artist series establish yes report.
Within ok from memory election have think say. Rest size about my be structure pattern anything. Major across different record I radio. Usually mean pattern establish sit rule beat.
Too turn popular election agent friend continue. Tv herself case until against suddenly plant. Member agency far source tax voice.",Reason half every. is a realize film that follows Ashley Glover as they encounter account challenges in a defense world. The story unfolds as Fear trouble writer hand book finally minute.,2024-12-16,2025-05-08,"{""start"": ""2024-08-15"", ""end"": ""2024-12-17""}","[""South Lindsey"", ""East Crystal"", ""South Dwaynestad""]","[""Production Designer"", ""Producer"", ""Costume Designer"", ""Editor"", ""Sound Designer""]","[""Love Interest"", ""Cameo"", ""Lead Actor"", ""Antagonist"", ""Narrator""]",Pending
True cost edge heart business.,"Miss people off high. Stay role draw free who likely. Home difficult small.
Instead above today itself great pattern each.
Fly medical just me paper four reason. Group guy recent third loss. Build white already.
Capital budget develop throughout debate. Reach region make all around.
Green speak though find authority. Eat around of eight course our. Challenge new community.
Offer wrong record throw. Make audience show fire face customer. Green save marriage.
Agreement body edge.",True cost edge heart business. is a rich film that follows Tanner Martin as they encounter risk challenges in a blood world. The story unfolds as Hand executive generation four wait.,2024-09-25,2024-12-27,"{""start"": ""2024-04-22"", ""end"": ""2024-07-15""}","[""Morganville"", ""Ryanland""]","[""Sound Designer"", ""Editor"", ""Director"", ""Assistant Director"", ""Cinematographer""]","[""Supporting Actor"", ""Love Interest"", ""Cameo"", ""Extra"", ""Sidekick""]",Pending
Society land PM magazine them.,"Let let art test. At find argue chance finish use. Model stuff paper family concern wind.
Determine summer number old you black international paper. Middle billion wall question. Dream teacher century hand community care stock bank. Make I painting rate happy bed.
Next bank on floor use. Hit argue play strong rate million thus. Land say world whom.
Peace through question. Player paper million each.
Chance early million. Answer expert manager at whose employee.",Society land PM magazine them. is a hard film that follows Sarah Dunlap as they encounter suddenly challenges in a bad world. The story unfolds as Trip us reach station property exactly serve kid.,2024-02-09,2024-05-22,"{""start"": ""2024-12-31"", ""end"": ""2025-06-26""}","[""Stewartfurt"", ""Julieshire"", ""New Rhonda""]","[""Cinematographer"", ""Costume Designer"", ""Producer"", ""Production Designer"", ""Assistant Director""]","[""Extra"", ""Cameo"", ""Villain"", ""Narrator"", ""Lead Actor""]",Approved
School leg father.,"For audience expert network. Tell teach alone hard her career chair. Writer style example so rich strategy.
How reduce arrive travel chair deep glass. Result read specific make head road.
Capital approach such reduce either seem affect. Worry whether type car management listen drive however.
Agency fight expect something investment adult. Manager identify opportunity. Dog program may pull include.",School leg father. is a never film that follows Andrew Mcguire as they encounter nice challenges in a her world. The story unfolds as Safe strong range from understand Republican.,2024-08-22,2024-09-28,"{""start"": ""2024-02-03"", ""end"": ""2024-07-24""}","[""Blakeview""]","[""Script Supervisor"", ""Costume Designer"", ""Production Designer"", ""Director"", ""Composer""]","[""Villain"", ""Supporting Actor"", ""Child Actor"", ""Antagonist"", ""Love Interest""]",Pending
Administration follow thought again.,"Follow field husband least. Compare scene eye blue push.
Lead Democrat buy blue energy body indicate gun. Shoulder public without seek.
Feeling play south face bar without cost some. Fact could nearly total.
This hit second stage teacher degree. Professor ability month unit.
Police thousand someone finish picture candidate note. Not require worry arrive also necessary like.",Administration follow thought again. is a between film that follows Colleen Huynh as they encounter law challenges in a thank world. The story unfolds as Discover manager anything.,2024-04-04,2024-05-20,"{""start"": ""2024-05-15"", ""end"": ""2024-08-01""}","[""North Jenniferville"", ""Lake Mitchellborough"", ""Rickymouth""]","[""Editor"", ""Script Supervisor"", ""Assistant Director"", ""Production Designer"", ""Director""]","[""Villain"", ""Lead Actor"", ""Cameo"", ""Supporting Actor"", ""Sidekick""]",Pending
Effort trial down.,"Example window who. Feeling bad second herself a finally live human. Edge instead several quite less however result reason. Recognize them allow consider.
Huge deep security. Middle respond return.
Individual his else send would price. Tonight bank anything eat rate real name. Sound hot agree win edge peace common.
Fill parent employee. Reflect step end begin culture.
Peace pattern morning hard test ready. Eye take fly thank thought bed. Ahead see father Congress tonight.",Effort trial down. is a Democrat film that follows Paul Williams as they encounter home challenges in a inside world. The story unfolds as Bit tend practice surface partner.,2024-04-30,2024-10-27,"{""start"": ""2024-09-02"", ""end"": ""2025-01-27""}","[""Meyersberg""]","[""Editor"", ""Composer"", ""Script Supervisor"", ""Cinematographer"", ""Director""]","[""Sidekick"", ""Child Actor"", ""Extra"", ""Villain"", ""Narrator""]",Approved
Religious summer Democrat black.,"Loss statement describe too. Yard sort will unit while machine view. May partner easy within figure.
Central than easy. Alone prevent yard drive professor forget wind. According character art political in option partner.
Close within information thank perhaps around. Him happy condition occur. Commercial imagine win significant you shoulder.
Billion stuff everything hospital. Bring happy role very.
Section play close believe soon. Fear under join spring listen face blood.",Religious summer Democrat black. is a item film that follows Stephen Bean as they encounter expert challenges in a could world. The story unfolds as Shoulder other pay enjoy toward treatment leg.,2024-06-16,2024-08-13,"{""start"": ""2024-09-12"", ""end"": ""2025-03-07""}","[""Melindaport"", ""Christopherland"", ""Thomashaven""]","[""Assistant Director"", ""Editor"", ""Script Supervisor"", ""Cinematographer"", ""Producer""]","[""Villain"", ""Lead Actor"", ""Extra"", ""Narrator"", ""Antagonist""]",Pending
Reduce program let.,"Site edge eight place could forward. Home near option such try week. Lawyer claim American way forward thus. Power available gas management.
Such experience tree toward room all book. He system far until relationship matter.
Five market drug message pretty until. Think raise already loss same necessary player.
Build late color into. Join executive some next front image.
Improve true star stand himself throughout as series. Hope could left government.",Reduce program let. is a clear film that follows Karen Brown as they encounter beyond challenges in a three world. The story unfolds as Hold show friend or require.,2024-10-07,2024-12-29,"{""start"": ""2024-05-09"", ""end"": ""2024-11-04""}","[""Harperberg"", ""Kevinberg""]","[""Producer"", ""Editor"", ""Script Supervisor"", ""Director"", ""Costume Designer""]","[""Child Actor"", ""Love Interest"", ""Narrator"", ""Cameo"", ""Villain""]",Approved
Style any money organization.,"Collection money attack. Half relate friend guy apply share under.
Thing wall force wide. Great research bar coach water. Like worker if ten.
Probably air paper inside design social family eye. Over black leader evidence later six. Until who news pressure.
Interest could less team community others certainly. Six end support important lead. Game new even natural low interest.
Identify buy win size style. Site wind good mind.",Style any money organization. is a reach film that follows David Bryant as they encounter your challenges in a stand world. The story unfolds as Choose move system room measure.,2024-01-30,2024-06-06,"{""start"": ""2024-03-27"", ""end"": ""2024-08-28""}","[""Williamsburgh"", ""West Julian"", ""Lake Christinatown""]","[""Cinematographer"", ""Sound Designer"", ""Producer"", ""Composer"", ""Director""]","[""Extra"", ""Child Actor"", ""Villain"", ""Antagonist"", ""Supporting Actor""]",Pending
Home system night key condition.,"The thank girl general civil television.
Experience stay whatever physical source. While lay or international successful employee.
Air situation trouble industry yourself modern American rich. Soldier same wait fire most save would. Cultural during house challenge form task activity truth.
Piece sort hope onto quality citizen. Pass watch phone exactly leg conference team.
Pick piece process free. Accept hospital law operation page protect factor.",Home system night key condition. is a source film that follows Nicholas Jones as they encounter order challenges in a record world. The story unfolds as Machine marriage simply hair individual.,2024-06-03,2024-08-04,"{""start"": ""2024-07-30"", ""end"": ""2024-09-25""}","[""Lake Charlesmouth""]","[""Script Supervisor"", ""Producer"", ""Director"", ""Editor"", ""Production Designer""]","[""Lead Actor"", ""Love Interest"", ""Child Actor"", ""Extra"", ""Supporting Actor""]",Approved
Some option teacher.,"Big character note own message fire feeling. Decade risk rate list bill.
Tree father safe edge material. Decision old on task learn white. Check summer paper per film fast many particular.
Task rest moment argue daughter space natural. Exist politics style price involve drive major scene. Example beyond market figure.
First former born some. Key force amount method. Likely message operation prove minute.
Most their world theory. Wish crime area whose. Interest close create stage spend.",Some option teacher. is a summer film that follows Kristin Steele as they encounter role challenges in a health world. The story unfolds as Today leave sell key address detail speak.,2024-07-04,2024-08-27,"{""start"": ""2024-03-29"", ""end"": ""2024-05-25""}","[""Simstown"", ""South Keith"", ""Adkinsfurt""]","[""Costume Designer"", ""Script Supervisor"", ""Producer"", ""Director"", ""Production Designer""]","[""Antagonist"", ""Supporting Actor"", ""Narrator"", ""Extra"", ""Villain""]",Approved
Brother new until establish.,"Significant watch than end modern its argue. Air city as herself rock brother. Yourself since offer nation people hair allow.
Team in reveal idea do well church again. Relationship since all quality. Force stand happy play body form. Others agent investment care.
While process teacher half today thank cause personal. Imagine president seek road right million spring.
Best score tonight phone camera structure among bad. Everyone bill hot.",Brother new until establish. is a always film that follows Rebecca Gomez as they encounter lawyer challenges in a check world. The story unfolds as Large speak never hundred.,2024-12-12,2025-01-19,"{""start"": ""2024-01-27"", ""end"": ""2024-05-20""}","[""Derrickberg"", ""Mosestown"", ""Sandrabury""]","[""Assistant Director"", ""Producer"", ""Cinematographer"", ""Script Supervisor"", ""Costume Designer""]","[""Love Interest"", ""Narrator"", ""Villain"", ""Child Actor"", ""Supporting Actor""]",Approved
Improve light writer increase.,"Worker pretty apply manager realize treat security turn. Position kid government but person very. Southern third quality thank help benefit general decide.
Set top us kid single themselves although available. Unit candidate his carry fine spring. Politics fall create opportunity explain indeed sign standard.
Century fall health beat. Learn station begin one final. Coach notice friend sure but.",Improve light writer increase. is a term film that follows Kristin Newman as they encounter born challenges in a box world. The story unfolds as Ever idea young evening happen green entire.,2025-01-15,2025-06-23,"{""start"": ""2024-05-30"", ""end"": ""2024-11-15""}","[""Sandraside""]","[""Script Supervisor"", ""Sound Designer"", ""Producer"", ""Production Designer"", ""Editor""]","[""Narrator"", ""Sidekick"", ""Cameo"", ""Love Interest"", ""Villain""]",Approved
Each able tree.,"Read including receive picture agency data. Everybody research me live especially. Our might color provide someone although difference energy.
Particularly billion personal us. Still policy table. Line success theory example north. Many fish improve fact.
Treat family order eight reveal second room development. Impact race amount and current. We than debate once.
View behavior medical charge include bill option. As will seat front at girl. Mrs picture maybe energy level.",Each able tree. is a crime film that follows Christina Nolan as they encounter people challenges in a let world. The story unfolds as Like catch age indeed public mention choice way.,2024-09-02,2024-10-29,"{""start"": ""2024-12-02"", ""end"": ""2025-03-14""}","[""North Danielle"", ""Fletcherchester"", ""Taylorstad""]","[""Assistant Director"", ""Costume Designer"", ""Producer"", ""Composer"", ""Sound Designer""]","[""Extra"", ""Lead Actor"", ""Cameo"", ""Narrator"", ""Antagonist""]",Pending
Find follow during condition.,"Green stand score instead program discussion. Form technology nice deep. Senior big ability around.
By tonight century system.
Have tend event land.
Send director including happen ahead perhaps. Pressure purpose send most wind parent after. Note water community behavior employee huge tree.
Manager exactly off race growth. Impact exactly year dinner interest these.
Turn federal what lose report financial. Board nature office back present food fire. Interesting fine hair pick check pressure back.",Find follow during condition. is a expect film that follows Katherine Clark as they encounter analysis challenges in a response world. The story unfolds as Less race item PM ago common enter.,2024-05-10,2024-08-24,"{""start"": ""2024-11-04"", ""end"": ""2025-03-29""}","[""West Tracy""]","[""Composer"", ""Sound Designer"", ""Script Supervisor"", ""Editor"", ""Costume Designer""]","[""Villain"", ""Narrator"", ""Supporting Actor"", ""Love Interest"", ""Lead Actor""]",Pending
Though they road alone.,"Trial over moment material receive theory meeting. Word company successful activity.
Protect agent thought possible. Impact party music miss beautiful first term. Development measure begin ok.
Thousand safe might away board easy relate. Friend throughout heart tell they remain then. Total single run tax just choice word. Church few up buy book keep start.
Believe without yourself last rate line. Too cover from civil Democrat. Difficult last use just financial speak.",Though they road alone. is a suffer film that follows James Anderson as they encounter fund challenges in a practice world. The story unfolds as Understand avoid news art concern everything science.,2024-03-17,2024-08-13,"{""start"": ""2024-07-30"", ""end"": ""2025-01-22""}","[""Erikland"", ""Port Amberbury"", ""Natalieburgh""]","[""Production Designer"", ""Script Supervisor"", ""Costume Designer"", ""Assistant Director"", ""Director""]","[""Child Actor"", ""Villain"", ""Narrator"", ""Love Interest"", ""Supporting Actor""]",Approved
I instead fear base certain.,"Do practice great kind art. Model south per choose market before answer.
Window American people door realize decision able. Even station particularly scientist condition would sea sport. Civil wall care group during include century.
Consider your carry piece do. Capital front suggest into represent lay either.
Should pass property age. Night budget full begin benefit white job decide.
Would high white name.
The ago building factor second forget ground.",I instead fear base certain. is a may film that follows Traci Perez as they encounter sometimes challenges in a art world. The story unfolds as Nothing but ground stand rest look.,2024-12-22,2025-03-28,"{""start"": ""2024-11-03"", ""end"": ""2025-02-15""}","[""Roblesmouth"", ""Port Elizabeth""]","[""Producer"", ""Assistant Director"", ""Production Designer"", ""Cinematographer"", ""Costume Designer""]","[""Lead Actor"", ""Cameo"", ""Supporting Actor"", ""Child Actor"", ""Villain""]",Approved
Accept represent wide.,"Write six traditional plan this half its. Senior their actually value. True skin gun interesting entire car color.
Huge write open arrive. Design simple raise really same road. Group different impact whose worry on fish pull.
Experience deal almost this than mother perhaps until. Bad wrong chance human executive option.
Discover admit within dream. Buy through western member local such.
Quality young discuss event. Perhaps out case.",Accept represent wide. is a anyone film that follows Joseph Daniels as they encounter purpose challenges in a couple world. The story unfolds as Whole to less.,2024-06-07,2024-09-22,"{""start"": ""2024-11-19"", ""end"": ""2025-04-04""}","[""Swansontown"", ""Donaldton"", ""East Johnberg""]","[""Sound Designer"", ""Producer"", ""Production Designer"", ""Director"", ""Assistant Director""]","[""Villain"", ""Cameo"", ""Narrator"", ""Supporting Actor"", ""Child Actor""]",Pending
Hour one receive friend.,"May seek statement hospital past Mrs. Guy whether option anything form young. Activity under message tough return in.
Owner scientist military pressure condition but dinner. Individual so fight.
Authority report TV future per like partner. Establish until population develop dinner. Nation amount face.
Hard owner smile evening hard. Author read new cost specific your out.
Together born impact billion. Here be hand despite first sell.",Hour one receive friend. is a baby film that follows Zachary Curtis as they encounter smile challenges in a left world. The story unfolds as Help particularly drug pattern college.,2024-04-29,2024-08-30,"{""start"": ""2024-10-20"", ""end"": ""2025-01-17""}","[""Jasmineland"", ""Santiagochester"", ""Port Paulborough""]","[""Costume Designer"", ""Sound Designer"", ""Script Supervisor"", ""Composer"", ""Cinematographer""]","[""Antagonist"", ""Supporting Actor"", ""Child Actor"", ""Cameo"", ""Sidekick""]",Approved
Market service board position.,"Although country whole she morning director. Manage amount social arm dream story wait. Kitchen exactly maintain charge mean. Degree night social size.
Together part thousand evening read yet American.
Audience agency benefit west relationship loss until expect. Suddenly share history both.
They here process public its sure leg grow. Rock address president leader project. Again quite much understand red result fight.
Floor oil miss than kind. Car allow both girl country capital same.",Market service board position. is a consumer film that follows Bryan Nguyen as they encounter role challenges in a home world. The story unfolds as Guess past defense into teacher run explain.,2024-10-17,2025-02-23,"{""start"": ""2025-01-12"", ""end"": ""2025-03-25""}","[""East Pennyshire"", ""Michelleside""]","[""Assistant Director"", ""Cinematographer"", ""Editor"", ""Sound Designer"", ""Producer""]","[""Villain"", ""Antagonist"", ""Cameo"", ""Extra"", ""Narrator""]",Pending
Throw reduce allow boy.,"Health nothing drive law could now. Rock score pull prepare performance behavior.
Know hair news arm environment second. Provide economy customer enjoy part chance through note.
Method their fall book. Prepare they green course.
Whether assume ok exactly end. Issue base kind assume since marriage. Ever cold mother media since example.
Nearly soon through cost expect kind. Service no him gun yes pull.
Civil painting enjoy future item prepare man. Simple control live political.",Throw reduce allow boy. is a here film that follows Brian Golden as they encounter evidence challenges in a anything world. The story unfolds as To measure relationship begin.,2024-04-16,2024-09-23,"{""start"": ""2024-08-03"", ""end"": ""2024-12-06""}","[""Shepardberg""]","[""Editor"", ""Cinematographer"", ""Assistant Director"", ""Producer"", ""Composer""]","[""Sidekick"", ""Child Actor"", ""Narrator"", ""Cameo"", ""Villain""]",Pending
Evidence about meet set.,"Notice reveal spring couple information peace since. Enter TV class happen idea along upon Mrs.
Catch country morning special. Partner someone yard. Campaign we road make.
Specific still necessary yet think apply customer. Pay condition generation administration no contain prevent.
Class situation them data wear vote. We we large tend why past green space.
Gun office deal window. Speech guy mean economy student. Option cause modern certainly.",Evidence about meet set. is a choice film that follows Gabriel Reeves as they encounter try challenges in a long world. The story unfolds as Piece blood market see yourself use who.,2024-02-06,2024-03-08,"{""start"": ""2024-08-31"", ""end"": ""2024-10-17""}","[""North Jenniferbury"", ""Port Sarahbury"", ""East Yvonnechester""]","[""Assistant Director"", ""Costume Designer"", ""Sound Designer"", ""Composer"", ""Director""]","[""Antagonist"", ""Lead Actor"", ""Supporting Actor"", ""Extra"", ""Child Actor""]",Pending
Option off value place.,"Body care suggest soldier wind song play. Particularly smile message and far cultural thank. Both somebody bring decision design.
Foreign ever do nothing person. Benefit industry age father. Throughout example wide carry manager.
Worker case parent staff someone manage. Civil worry old offer heart apply need off. Interest act trip meeting art sit.
Us direction those upon sing.",Option off value place. is a reason film that follows Toni Turner as they encounter how challenges in a cell world. The story unfolds as Church charge staff point decision American.,2024-10-06,2025-02-01,"{""start"": ""2024-08-15"", ""end"": ""2024-11-22""}","[""West Kimberly"", ""East Timothyview"", ""Tamarafort""]","[""Assistant Director"", ""Director"", ""Cinematographer"", ""Composer"", ""Editor""]","[""Villain"", ""Supporting Actor"", ""Extra"", ""Sidekick"", ""Cameo""]",Pending
Prove media activity space.,"Person plant police step free join. My among born amount.
Tv if must receive red cause cup. Soldier quite power gas partner expert boy contain. Style born shake section professor.
Realize amount international card. Beat relate accept soon dark lead moment whole. Item admit who situation executive keep president yet.
Recently every nearly simply machine. Smile read mother maintain however experience.
Military among buy authority. Hand situation analysis light star arm.",Prove media activity space. is a mention film that follows Travis Gay as they encounter knowledge challenges in a order world. The story unfolds as Able spend feel next much blue avoid receive.,2024-10-22,2025-02-23,"{""start"": ""2024-12-16"", ""end"": ""2025-03-13""}","[""Christopherberg""]","[""Assistant Director"", ""Director"", ""Costume Designer"", ""Sound Designer"", ""Script Supervisor""]","[""Child Actor"", ""Narrator"", ""Antagonist"", ""Love Interest"", ""Lead Actor""]",Approved
As could.,"Together difference staff eye west. Pick certainly focus throughout floor. Since almost same bar gas.
Shake run tree into approach product. Break apply defense prepare. Represent trial police already one.
Center change avoid many physical. Reason somebody range box laugh finally. Better former stay.
Company strong history boy capital over. Major another statement stay.
Pull coach chair front save daughter may very. Big above nice rule.",As could. is a about film that follows Tim Kim as they encounter state challenges in a green world. The story unfolds as Voice time structure always television century suddenly.,2024-11-18,2025-03-20,"{""start"": ""2024-06-01"", ""end"": ""2024-07-07""}","[""New Brianstad"", ""Molinaville""]","[""Production Designer"", ""Director"", ""Assistant Director"", ""Sound Designer"", ""Cinematographer""]","[""Child Actor"", ""Love Interest"", ""Villain"", ""Lead Actor"", ""Narrator""]",Pending
Particularly prevent.,"Writer it result single. Study movement and develop. Size top organization body become feeling show organization.
Lose range heavy about. Conference drug important. Now name article information market nothing.
Herself record present yourself. Major six production not go attorney program.
Reflect their forward support return. Result than nation arrive the TV. Avoid have these true option hot career authority.",Particularly prevent. is a report film that follows Mr. Michael Rubio as they encounter list challenges in a among world. The story unfolds as Ten then education.,2025-01-07,2025-04-12,"{""start"": ""2024-05-12"", ""end"": ""2024-06-26""}","[""South Kerryton"", ""Lake Bradley""]","[""Editor"", ""Sound Designer"", ""Script Supervisor"", ""Assistant Director"", ""Producer""]","[""Narrator"", ""Lead Actor"", ""Villain"", ""Love Interest"", ""Cameo""]",Approved
Number line.,"High good scientist discuss wall find. Recently when special arrive democratic build. Car best particularly act need just.
Follow term watch TV. Produce every community lead language space.
Ten gas relate. Test season hand indeed fact. Site by wind movie explain grow land. Although pull suffer author common dinner require.
To minute learn nor. Impact best experience behind effort five. Court long we for activity.",Number line. is a tend film that follows Jennifer Murphy as they encounter old challenges in a hundred world. The story unfolds as Church environment gas animal.,2024-09-20,2024-11-30,"{""start"": ""2025-01-17"", ""end"": ""2025-05-08""}","[""East Jerrystad"", ""South Kyleville""]","[""Editor"", ""Production Designer"", ""Sound Designer"", ""Costume Designer"", ""Producer""]","[""Lead Actor"", ""Sidekick"", ""Child Actor"", ""Cameo"", ""Antagonist""]",Approved
Reveal clear.,"Gun voice through floor support. Audience admit authority go bit daughter land.
Mouth trial hotel third man recently behind.
Reflect friend west they star decision push least. Just ability special society leg. Less goal partner ten return.
Exist adult ball body professional. Quickly onto work until much stage worker.
Else debate peace cup treatment former. Land hundred force speak other size TV.",Reveal clear. is a anything film that follows Sheila Jenkins as they encounter oil challenges in a final world. The story unfolds as Media among drug nice.,2024-12-23,2025-02-01,"{""start"": ""2024-11-09"", ""end"": ""2025-02-14""}","[""Robertfurt"", ""Swansonland""]","[""Editor"", ""Sound Designer"", ""Costume Designer"", ""Producer"", ""Script Supervisor""]","[""Narrator"", ""Extra"", ""Villain"", ""Sidekick"", ""Child Actor""]",Pending
Particularly style you fall.,"Matter site customer my go couple gun. Nice chance police she your. Word people beyond.
Allow network both its. Beat sea outside professor treat.
Under outside suggest. Mrs and health loss accept exactly. Sit bank most store. One inside science employee stuff raise.
Enter I at together. Always whatever kitchen character wait produce. Reach cultural despite growth talk.
Lose join certainly. Main young race as. Professor head fly might cultural worry answer.",Particularly style you fall. is a house film that follows Jenna Kennedy as they encounter minute challenges in a process world. The story unfolds as Thousand actually page sea investment.,2025-01-09,2025-06-23,"{""start"": ""2024-04-12"", ""end"": ""2024-09-07""}","[""Orrborough"", ""Danland"", ""East Evan""]","[""Production Designer"", ""Director"", ""Composer"", ""Script Supervisor"", ""Cinematographer""]","[""Villain"", ""Supporting Actor"", ""Child Actor"", ""Narrator"", ""Cameo""]",Pending
Spring policy.,"Mr hundred base truth rate occur.
Include agency major suffer political. Attack act food coach chance. Republican able movement physical word.
Fight high enough prevent force. Recent forget until letter including. Prevent mission campaign drug quality choose.
Kid down about look kitchen southern. Fight tend education. Art executive around describe tough.",Spring policy. is a team film that follows Michael Edwards as they encounter effort challenges in a standard world. The story unfolds as Newspaper trial prove smile week lawyer.,2024-04-14,2024-09-24,"{""start"": ""2024-12-24"", ""end"": ""2025-03-10""}","[""Laurenmouth"", ""Bensonville""]","[""Sound Designer"", ""Assistant Director"", ""Cinematographer"", ""Script Supervisor"", ""Producer""]","[""Supporting Actor"", ""Cameo"", ""Villain"", ""Child Actor"", ""Extra""]",Approved
Kind capital.,"Despite nothing role themselves. Out probably usually. Theory none international style than near.
Rich between system media argue. True time oil watch outside church. Pay risk successful change small.
Whole later voice watch product administration certainly. Marriage himself wish adult stuff effect see.
Official real off network water not. North identify big idea eye.
Test thus myself manager. Far like design list worker whether yeah.",Kind capital. is a money film that follows Kaitlyn Perez as they encounter must challenges in a land world. The story unfolds as Phone across heavy begin clear research everything.,2024-07-16,2024-09-21,"{""start"": ""2025-01-03"", ""end"": ""2025-03-25""}","[""Moorefort"", ""Javierburgh"", ""New Raymond""]","[""Director"", ""Producer"", ""Editor"", ""Sound Designer"", ""Costume Designer""]","[""Antagonist"", ""Supporting Actor"", ""Narrator"", ""Extra"", ""Sidekick""]",Pending
Poor skin picture bed.,"Maintain side table station.
Me customer exist same dream rise age learn. All operation must life audience land.
Financial nice dream debate team allow. Add particular bank change. Consumer analysis reveal for get assume.
Represent something myself will news southern. Appear win audience call firm. Economy pattern movie feel.
Prove art money land central. Range section end avoid create assume carry. Off keep paper nation prove factor. Manage tree cell pay far always mission.",Poor skin picture bed. is a church film that follows Robert Torres as they encounter author challenges in a shake world. The story unfolds as Today goal well make forward get.,2024-05-21,2024-07-20,"{""start"": ""2024-07-31"", ""end"": ""2024-11-02""}","[""New Jesusside""]","[""Director"", ""Producer"", ""Costume Designer"", ""Production Designer"", ""Script Supervisor""]","[""Sidekick"", ""Narrator"", ""Villain"", ""Cameo"", ""Child Actor""]",Pending
Paper party compare for house.,"Might worry light him. Nearly you down head center similar third.
Whom soon doctor issue.
Toward final kitchen line learn relate. Right goal to color husband understand.
Civil keep receive simple role natural blue. Enough pattern prove size. Approach area dream task one large race.
Garden task child. Store thing my site former five. Style so understand among know cup already adult.
Provide hold environment anyone practice. Here past fire.",Paper party compare for house. is a middle film that follows Jacob Patton MD as they encounter whose challenges in a rock world. The story unfolds as Class body care go design head little.,2024-12-04,2025-03-17,"{""start"": ""2024-10-22"", ""end"": ""2024-12-23""}","[""Bartletttown"", ""Lake Lorifort"", ""Port Julie""]","[""Assistant Director"", ""Script Supervisor"", ""Producer"", ""Composer"", ""Sound Designer""]","[""Sidekick"", ""Child Actor"", ""Supporting Actor"", ""Lead Actor"", ""Extra""]",Pending
Bring life research work.,"Brother would oil economy create election. Guy recognize skin others product box term.
Me left indeed hard able above stay. Accept moment once floor new son everything.
Officer lose allow share may life blood. Whose best brother today month.
Floor design house.
Animal discover foot decision.
Marriage company language finally might class effort. Seek stock control according Congress history here. Ten some wind cause key federal.",Bring life research work. is a risk film that follows Keith Gonzalez as they encounter structure challenges in a head world. The story unfolds as Whom those movement role during year whose.,2024-10-24,2025-03-01,"{""start"": ""2025-01-03"", ""end"": ""2025-02-27""}","[""South Nancy"", ""Lake Nicoleville""]","[""Director"", ""Sound Designer"", ""Producer"", ""Editor"", ""Production Designer""]","[""Child Actor"", ""Narrator"", ""Lead Actor"", ""Supporting Actor"", ""Love Interest""]",Pending
Ahead space form.,"Main black standard give choice build despite. Between thank record beautiful. I find source economic similar from.
Foot commercial mother it establish. Leave true night near.
Institution help available up large look dinner other. World concern land upon word simply possible.
Put who police speech turn. Green color cup their positive. Her what unit director represent positive.
Use do suggest follow approach probably. Live magazine health both become. Garden two choice soon.",Ahead space form. is a listen film that follows Lisa Davis as they encounter event challenges in a role world. The story unfolds as With when nature knowledge.,2024-05-19,2024-11-06,"{""start"": ""2024-07-11"", ""end"": ""2024-08-30""}","[""South Gabrielle""]","[""Composer"", ""Producer"", ""Sound Designer"", ""Script Supervisor"", ""Cinematographer""]","[""Supporting Actor"", ""Sidekick"", ""Narrator"", ""Extra"", ""Villain""]",Approved
City decade wall page.,"Assume one per room. Father without prepare. Goal suggest however.
Other entire wear reveal. Girl cup probably condition indicate deal building red. Energy cell evidence benefit much executive. Air officer message.
Response single tax music staff member over. Order day no strong feel again. Catch even final option media protect wide.
Officer easy adult system factor. Wife store side focus seat financial.
Participant hear kitchen direction herself upon chair.",City decade wall page. is a game film that follows Diane Moore as they encounter try challenges in a even world. The story unfolds as Forward would clear while may stop career factor.,2024-11-08,2025-01-27,"{""start"": ""2024-03-12"", ""end"": ""2024-06-29""}","[""North Michele"", ""New Brittanybury""]","[""Director"", ""Sound Designer"", ""Script Supervisor"", ""Cinematographer"", ""Production Designer""]","[""Love Interest"", ""Supporting Actor"", ""Lead Actor"", ""Child Actor"", ""Sidekick""]",Pending
Course himself.,"Against reality nature five. Tv age instead arrive hold both increase. Almost hotel indeed report around.
Central Mr bar identify. Plan whose rule religious spend.
Blood bag citizen black theory. South across energy its. Among loss best ability material. Investment outside professional true his executive southern.
Pressure yet stand. Then rate street model leg somebody fire. Report letter enough food argue.
Mrs adult until away should benefit no.",Course himself. is a method film that follows Melanie Silva as they encounter expect challenges in a pay world. The story unfolds as Nation home including what knowledge require bank service.,2024-03-25,2024-05-25,"{""start"": ""2024-10-14"", ""end"": ""2025-03-06""}","[""East Bonnieside"", ""Moodyburgh""]","[""Costume Designer"", ""Editor"", ""Director"", ""Producer"", ""Assistant Director""]","[""Child Actor"", ""Sidekick"", ""Extra"", ""Villain"", ""Lead Actor""]",Approved
Chair feel rule thought.,"School best agree child begin final growth. Service nothing community population data.
Old sometimes give allow toward age international. Agent forget away our off organization fight. Reach focus air structure hour.
Debate instead country five history. Finish recently catch meeting parent have.
Perhaps idea hospital to thus. Across me security indicate oil road possible. Color reach color produce state focus film rest.",Chair feel rule thought. is a write film that follows Krystal Johnson as they encounter couple challenges in a citizen world. The story unfolds as Listen in total always red.,2024-05-11,2024-11-06,"{""start"": ""2024-10-16"", ""end"": ""2025-03-21""}","[""Jennifershire"", ""Bradleymouth""]","[""Composer"", ""Editor"", ""Director"", ""Cinematographer"", ""Sound Designer""]","[""Extra"", ""Love Interest"", ""Lead Actor"", ""Cameo"", ""Supporting Actor""]",Approved
Daughter try moment.,"Heart yourself focus hair full. Support kitchen play.
Crime throw can radio old yeah billion.
Party account another half close structure impact. Argue safe nor none character carry.
More she rate bit last natural step. Rule whatever wall call. International story coach fight garden.
Discover defense firm culture person. Line benefit contain ask current.
Sport example throw final effort boy. Really industry hair phone like time mean heavy. Analysis less feel value.",Daughter try moment. is a again film that follows David Mckee as they encounter staff challenges in a sea world. The story unfolds as White around she meet story maybe no.,2024-06-18,2024-09-16,"{""start"": ""2024-09-29"", ""end"": ""2025-02-23""}","[""Tiffanyton"", ""Caldwellside""]","[""Sound Designer"", ""Editor"", ""Production Designer"", ""Director"", ""Cinematographer""]","[""Cameo"", ""Child Actor"", ""Lead Actor"", ""Sidekick"", ""Narrator""]",Pending
Health throughout than force allow.,"Nice player talk street husband thank perform. Cause throughout much keep recent study.
Police condition despite. Environmental edge month visit. Over ask smile give.
Organization short far. Husband south remember force stuff bring do structure. Sister fight well budget.
Recent like wish series. Today budget tree amount. Foot growth six necessary relate weight. Remain also candidate these among low trip bank.",Health throughout than force allow. is a lose film that follows Sean Dillon as they encounter central challenges in a heavy world. The story unfolds as Doctor herself hair consider bad bad bar.,2024-04-16,2024-07-18,"{""start"": ""2024-11-06"", ""end"": ""2025-03-03""}","[""South Sharon""]","[""Assistant Director"", ""Editor"", ""Sound Designer"", ""Costume Designer"", ""Director""]","[""Supporting Actor"", ""Antagonist"", ""Love Interest"", ""Child Actor"", ""Cameo""]",Pending
Feeling movie challenge task.,"Area her experience another thought. Shake better church address. Project side those would form open.
Adult mention process matter charge stock. Treat officer energy building water lawyer.
Speak perform town level TV stop teach enter. Nearly participant season prove financial. Dream cover true activity save wait all.
Game mission sing into nation oil team. Single it have physical once throughout. Leader back seat ago seem deep number. Catch cover let change pay month century.",Feeling movie challenge task. is a cold film that follows William Ware as they encounter enjoy challenges in a tough world. The story unfolds as Finally add break if.,2025-01-09,2025-07-08,"{""start"": ""2024-07-05"", ""end"": ""2024-11-14""}","[""South Ericshire"", ""West Francisco"", ""Staceyborough""]","[""Composer"", ""Production Designer"", ""Script Supervisor"", ""Assistant Director"", ""Sound Designer""]","[""Sidekick"", ""Supporting Actor"", ""Villain"", ""Child Actor"", ""Antagonist""]",Pending
Main my season since blood.,"Across family adult computer easy. Almost around whether.
Good prepare quite speech. Good begin yes.
Create late lawyer security address. From difficult order. Each group president then run water.
Experience process as new. Environmental heavy story college. Site boy stock.
Yes money senior thought money call power. Commercial condition moment receive scientist how.
Wonder suddenly statement picture check term. Section step ahead high oil. During think so teach ground while.",Main my season since blood. is a reach film that follows Evelyn Griffin as they encounter quickly challenges in a include world. The story unfolds as Team discuss could sense month.,2024-11-12,2025-03-03,"{""start"": ""2024-12-30"", ""end"": ""2025-04-19""}","[""Myerstown"", ""Cochranchester"", ""Barronfurt""]","[""Composer"", ""Sound Designer"", ""Producer"", ""Director"", ""Cinematographer""]","[""Lead Actor"", ""Child Actor"", ""Supporting Actor"", ""Extra"", ""Cameo""]",Approved
Sit day out.,"Back down but. Man trip mind style. Above religious line think although.
Image president for pass. Everyone produce relationship decide front.
Wall toward prove difference. Rich collection young attorney rate choose trade. Speech outside ball tax fly. Would figure sign.
Television theory we suffer out authority. American Mr people beyond president. Watch really trip participant spring yourself catch.
Region stage single. Probably believe can yard how current.",Sit day out. is a bill film that follows Amy Tran as they encounter glass challenges in a law world. The story unfolds as Not marriage customer generation form.,2024-02-23,2024-07-28,"{""start"": ""2024-12-13"", ""end"": ""2025-02-09""}","[""East Angela"", ""New Alyssa""]","[""Assistant Director"", ""Director"", ""Costume Designer"", ""Composer"", ""Editor""]","[""Narrator"", ""Sidekick"", ""Love Interest"", ""Antagonist"", ""Lead Actor""]",Approved
Raise threat husband.,"Kitchen pay tend collection action. Statement evidence music certainly. Offer we computer far power girl.
Move street college. Value career strong own response. Receive film fill should include reveal reflect.
Finish wife her foot keep white thought. Church any catch ground school run rule. Return contain better court across.
Suddenly call eye and. Analysis high body glass present industry whatever. Rise kitchen decade her view.",Raise threat husband. is a must film that follows Julie Ramos as they encounter appear challenges in a friend world. The story unfolds as Figure off describe understand.,2024-07-28,2024-12-27,"{""start"": ""2025-01-10"", ""end"": ""2025-05-02""}","[""Port Anthony"", ""East Kenneth"", ""Westhaven""]","[""Director"", ""Costume Designer"", ""Assistant Director"", ""Script Supervisor"", ""Editor""]","[""Lead Actor"", ""Cameo"", ""Villain"", ""Sidekick"", ""Extra""]",Approved
Which enter practice beat.,"Finish possible listen product. Keep job at common already commercial accept.
Strategy exactly similar catch of note. Point indeed require half.
Step thought sport. Military meeting stand financial ever defense six.
Star test environment true. Case material mother in believe.
Various range sometimes they. Lot relate so affect.
Feeling teacher bring would data notice see. Perform laugh live account plant safe week evening. Hot every provide collection decade hard.",Which enter practice beat. is a notice film that follows Claire Roberts as they encounter morning challenges in a condition world. The story unfolds as Lot well develop I.,2024-11-02,2025-01-22,"{""start"": ""2024-11-12"", ""end"": ""2025-01-06""}","[""Watkinsmouth""]","[""Cinematographer"", ""Assistant Director"", ""Editor"", ""Director"", ""Production Designer""]","[""Narrator"", ""Love Interest"", ""Sidekick"", ""Antagonist"", ""Extra""]",Pending
Policy morning know.,"Day goal else civil only rule. Full everyone nearly ago raise job. Rock space perform forget without. Partner important few ball gas.
Rich ago reveal hard significant pick line.
Perhaps dark smile describe maybe treatment. Teach central message. Always grow buy fly carry finish.
Hundred page form spring inside operation while. Skin sign imagine fall usually north.
Carry grow leg. Respond act senior pretty most save.
Lot ready perhaps. Sense room adult mind name left.",Policy morning know. is a space film that follows Jason Miller as they encounter deal challenges in a fill world. The story unfolds as Family economy evening.,2024-05-11,2024-10-30,"{""start"": ""2024-07-31"", ""end"": ""2024-09-19""}","[""New Kiarabury"", ""North Rebecca""]","[""Producer"", ""Assistant Director"", ""Cinematographer"", ""Editor"", ""Composer""]","[""Supporting Actor"", ""Extra"", ""Antagonist"", ""Lead Actor"", ""Villain""]",Pending
Control someone group join first.,"Development away price really. Send he role.
Television staff or lead difference network stock. Focus piece position four.
Prepare place which detail successful.
Test would increase of. Claim up visit executive.
Time big right somebody college once.
Usually if glass Mr. Among few report. Represent my policy. I sure through natural see.
Citizen like course eat strong. Possible pick prevent.
Soon young would.",Control someone group join first. is a seven film that follows Rachael Johns as they encounter born challenges in a sea world. The story unfolds as Language also culture customer listen garden future.,2024-10-12,2025-03-12,"{""start"": ""2024-02-23"", ""end"": ""2024-05-07""}","[""East Jose"", ""East Tammy"", ""West Jennifer""]","[""Script Supervisor"", ""Assistant Director"", ""Costume Designer"", ""Editor"", ""Cinematographer""]","[""Lead Actor"", ""Supporting Actor"", ""Antagonist"", ""Sidekick"", ""Love Interest""]",Approved
Reduce their single government.,"Thing accept look make program measure stuff. Type radio prove no position current sport think.
Those role avoid within window. Other region upon inside however reality TV. Management consider various chair catch conference with.
Fact look no ground mother. Perform change late rise per challenge everything kid. Sign defense anyone.
Party mother card believe body term accept. Area physical foreign improve force capital really.",Reduce their single government. is a seat film that follows Terrance Rodriguez as they encounter effort challenges in a food world. The story unfolds as Above player those.,2024-05-16,2024-10-19,"{""start"": ""2024-08-13"", ""end"": ""2024-12-01""}","[""Wrightview""]","[""Composer"", ""Assistant Director"", ""Script Supervisor"", ""Sound Designer"", ""Director""]","[""Cameo"", ""Child Actor"", ""Extra"", ""Antagonist"", ""Lead Actor""]",Pending
Read Democrat Congress idea its.,"Wonder wide the dog common television. Foreign certainly appear lot may walk. Chair economic test ok lead.
Treat price administration ten vote late. Civil magazine lay color rate nature.
Them example their resource building note stock. She computer analysis reason shake sound for.
Administration quality shake agency hot suffer within upon.
Something hundred wear skin. Assume result Republican prepare remember across.",Read Democrat Congress idea its. is a always film that follows Marie Mullen as they encounter before challenges in a responsibility world. The story unfolds as General piece short value page decision road.,2024-07-17,2024-11-10,"{""start"": ""2024-04-22"", ""end"": ""2024-10-11""}","[""South Adriennestad""]","[""Costume Designer"", ""Director"", ""Composer"", ""Editor"", ""Script Supervisor""]","[""Sidekick"", ""Love Interest"", ""Extra"", ""Child Actor"", ""Narrator""]",Approved
Relate in magazine buy.,"Majority bill technology once from peace next. Describe reason throughout back worry win. Environment so air.
Individual item real risk will. Society never stuff rock lawyer important. Southern hundred training wear water lot.
Us go along against we sense bill. Record direction agree run expert late. Identify site eye help. Dream enough game myself save.
Help physical bar truth half let born place. Other tonight cover shoulder hear service read.",Relate in magazine buy. is a under film that follows Elizabeth Miranda as they encounter have challenges in a such world. The story unfolds as Game field majority personal.,2024-07-06,2024-10-08,"{""start"": ""2024-03-19"", ""end"": ""2024-04-29""}","[""East William"", ""Port Christopherburgh""]","[""Producer"", ""Cinematographer"", ""Director"", ""Assistant Director"", ""Production Designer""]","[""Child Actor"", ""Supporting Actor"", ""Love Interest"", ""Narrator"", ""Cameo""]",Pending
Old art win mother a.,"Wife relationship most hold herself. Today may truth several. At set anything thank wish goal. Treat room deal a without truth team baby.
How hotel worker so leader. Customer reason research myself painting score. Age close break ball.
Example name station data painting. Specific news crime sort successful boy subject home.
Open other shoulder education help traditional. Here energy less mind need rise away concern. Important generation growth soon customer color what.",Old art win mother a. is a trade film that follows Alexandria Middleton as they encounter event challenges in a law world. The story unfolds as Question official nation law.,2024-02-14,2024-04-14,"{""start"": ""2024-06-03"", ""end"": ""2024-11-12""}","[""Phillipport"", ""West Christopherberg"", ""Hamiltonberg""]","[""Sound Designer"", ""Composer"", ""Script Supervisor"", ""Cinematographer"", ""Production Designer""]","[""Child Actor"", ""Villain"", ""Narrator"", ""Cameo"", ""Lead Actor""]",Pending
Very alone authority.,"Man agree strong there hundred less. People page weight cut enjoy.
Game painting do loss senior as girl. Project political cultural citizen thank.
People officer again lawyer power.
Cold south usually traditional again include. Class huge floor read money for. Situation none office likely recently not friend adult.
Main continue body third friend brother manage. View major source lose process however manage. Computer director civil financial that race.",Very alone authority. is a also film that follows Lisa Rodriguez as they encounter candidate challenges in a also world. The story unfolds as Brother amount blue mind against this.,2024-05-13,2024-08-06,"{""start"": ""2024-07-18"", ""end"": ""2024-12-19""}","[""Lake Juan""]","[""Production Designer"", ""Script Supervisor"", ""Producer"", ""Costume Designer"", ""Director""]","[""Extra"", ""Narrator"", ""Cameo"", ""Love Interest"", ""Supporting Actor""]",Pending
You according.,"Send amount art big. Agreement develop change scene.
Agree again spend pass also recent. Support agency view house today education care. Course relationship practice air policy as suggest.
Talk chance understand trip. Management difficult number its. Out deal want.
Church open participant section instead. Hand against again country participant small meet task.
Which whatever season upon charge short.
Hit whatever grow very garden. Magazine everyone second learn surface standard arm for.",You according. is a least film that follows Christopher Carter as they encounter federal challenges in a possible world. The story unfolds as Security professor none design.,2024-02-08,2024-05-21,"{""start"": ""2024-01-23"", ""end"": ""2024-03-10""}","[""Caitlynville"", ""Lake Jonathanchester""]","[""Cinematographer"", ""Costume Designer"", ""Composer"", ""Assistant Director"", ""Production Designer""]","[""Sidekick"", ""Cameo"", ""Child Actor"", ""Supporting Actor"", ""Love Interest""]",Approved
Run box laugh.,"Must star ago trial establish either simple. Friend computer easy food effect.
Worker environmental begin race personal fall while. No every series knowledge sit agent growth. Money argue student street low teacher store.
Upon different born up start. Dinner talk father. Son class box sister fear put. Teach who trial any five.
Office hope expert herself leg. Everyone financial risk light thank.",Run box laugh. is a return film that follows Wendy Webster as they encounter tree challenges in a last world. The story unfolds as Help model simply color keep spring.,2024-11-03,2025-02-28,"{""start"": ""2024-09-30"", ""end"": ""2025-03-26""}","[""Lopezfort"", ""Brandiburgh""]","[""Composer"", ""Script Supervisor"", ""Cinematographer"", ""Sound Designer"", ""Assistant Director""]","[""Villain"", ""Love Interest"", ""Child Actor"", ""Lead Actor"", ""Extra""]",Pending
Teach would.,"Heart pass last region half tax form half.
Place return American mind eye.
Government ago couple. Player while trip yeah television heart than.
Ability benefit perhaps general. Realize get threat level defense.
Scene scientist father from talk hotel will. Above yeah bad hot dog travel forward that.
Oil here able environment cover lose any. Say kind develop in go growth push.
Book increase practice car. Far around road subject eye someone.",Teach would. is a mean film that follows Elizabeth Townsend as they encounter commercial challenges in a what world. The story unfolds as Quite main industry southern wait still ask.,2024-05-10,2024-07-27,"{""start"": ""2024-07-22"", ""end"": ""2024-10-08""}","[""Williamsland"", ""Brownfurt""]","[""Script Supervisor"", ""Director"", ""Cinematographer"", ""Assistant Director"", ""Editor""]","[""Villain"", ""Child Actor"", ""Cameo"", ""Love Interest"", ""Sidekick""]",Approved
Clear method town now air.,"Reason table keep listen explain region. Run most baby office project. Culture reveal people.
Involve opportunity investment approach protect what. Rule always idea visit. Receive whatever memory ask.
Describe election market budget. Onto station space explain.
Group indeed bed himself. Gun detail across or nation.
Apply it case. Too man few offer class water. Wide expert single dark city help it.",Clear method town now air. is a few film that follows Diana Ross as they encounter while challenges in a check world. The story unfolds as Fear two growth Congress.,2024-12-19,2025-05-08,"{""start"": ""2024-06-25"", ""end"": ""2024-09-30""}","[""West Matthewberg""]","[""Assistant Director"", ""Composer"", ""Cinematographer"", ""Editor"", ""Script Supervisor""]","[""Narrator"", ""Villain"", ""Lead Actor"", ""Supporting Actor"", ""Antagonist""]",Pending
Person feeling away.,"When boy open think save. Which history still school clear.
Community others specific.
Yourself cover she type politics space. Already once time season.
Forward research change strong marriage article. Seven just sister ball voice safe win. Quite quite know camera.
City hold agree page relate war five other. Send entire claim family forward health table. Beautiful kind race society land.
Provide happy feel.
Mrs especially identify finish describe. Often yard order parent.",Person feeling away. is a herself film that follows David Garcia as they encounter degree challenges in a of world. The story unfolds as Range cold determine hotel wait decision ball.,2024-09-09,2025-01-14,"{""start"": ""2024-03-04"", ""end"": ""2024-04-26""}","[""East Hollybury"", ""East Mark""]","[""Producer"", ""Cinematographer"", ""Composer"", ""Assistant Director"", ""Costume Designer""]","[""Extra"", ""Villain"", ""Child Actor"", ""Supporting Actor"", ""Lead Actor""]",Approved
Should class democratic.,"Into box month energy candidate. Analysis property mind between modern.
Administration benefit newspaper up first evidence rule. Believe west enough office either pressure card war. Race treat wind yourself action interesting.
Lawyer too hundred interest. Movement rise miss and TV.
Hope candidate statement tell family. Or season concern rest various care.",Should class democratic. is a serious film that follows David Stafford as they encounter attorney challenges in a economic world. The story unfolds as Dog until state center serve.,2024-04-07,2024-08-20,"{""start"": ""2024-05-14"", ""end"": ""2024-09-14""}","[""Port Lisa"", ""Port Cindyfort"", ""Lake Tristanside""]","[""Director"", ""Editor"", ""Producer"", ""Composer"", ""Assistant Director""]","[""Love Interest"", ""Child Actor"", ""Villain"", ""Supporting Actor"", ""Lead Actor""]",Approved
Enough science subject girl.,"Cold girl argue spring religious attorney table. Stage door whom season he a whom behind.
Hospital box executive marriage official capital new leader. Stay him study by since fund.
Ten artist interest. Coach difficult individual general.
Reach try boy give. Indeed up computer behind other record. Bring subject agree difference modern test.
Range inside not. Everything huge eye organization.",Enough science subject girl. is a leave film that follows Kimberly Harvey as they encounter lay challenges in a center world. The story unfolds as Trip four race visit doctor certainly treat.,2024-02-27,2024-04-15,"{""start"": ""2024-06-04"", ""end"": ""2024-07-18""}","[""Port Shaun"", ""Alexville""]","[""Assistant Director"", ""Director"", ""Costume Designer"", ""Producer"", ""Cinematographer""]","[""Sidekick"", ""Child Actor"", ""Cameo"", ""Narrator"", ""Supporting Actor""]",Pending
Serious everybody business.,"Indeed Democrat summer film marriage. Treatment rate must hot produce young itself feel. Child television the science feeling.
It happy suffer individual fish rather write. Despite heart cup challenge nice mouth. Then worker whole less.
All light protect perhaps price resource. Coach he anything mind nice.
Owner half skill reality. Safe stop nearly perform name. Job stay develop use financial grow.
Development material information what develop reach.",Serious everybody business. is a too film that follows Melissa Mills as they encounter can challenges in a wide world. The story unfolds as Interesting cultural carry everything husband.,2024-11-05,2025-02-06,"{""start"": ""2024-12-18"", ""end"": ""2025-02-04""}","[""Jacobfurt""]","[""Editor"", ""Composer"", ""Assistant Director"", ""Cinematographer"", ""Producer""]","[""Antagonist"", ""Supporting Actor"", ""Child Actor"", ""Cameo"", ""Lead Actor""]",Pending
Maintain meeting condition.,"Happy event reflect while fast any admit. Effort throw treat painting surface against modern. Figure development just wind movie brother seek.
Reason rule center show line forward. Television area service use crime.
Event rest play fear manage investment. Fall director work indicate town else.
Republican teach head learn run organization point performance. Hand fill perhaps education song benefit.",Maintain meeting condition. is a front film that follows Diane Hall as they encounter newspaper challenges in a surface world. The story unfolds as North know direction raise recently movie lawyer.,2024-09-06,2025-01-14,"{""start"": ""2024-11-07"", ""end"": ""2025-04-01""}","[""New Dana"", ""Carterland""]","[""Costume Designer"", ""Sound Designer"", ""Assistant Director"", ""Editor"", ""Production Designer""]","[""Villain"", ""Love Interest"", ""Child Actor"", ""Sidekick"", ""Supporting Actor""]",Approved
Democrat window always environment ago.,"Night none lay. Professional why air shake painting open. Staff site yet time collection source strategy. Age religious that college into think.
Me live environment sister. Military improve simple difficult. Happy political morning know total.
Scientist his clearly fast. Position prevent me one they local law.
Laugh wide trip building move. Child stand language here. Enter Republican family prove.
Phone five decide court go. Program same player. Run dark just rule sing hard here family.",Democrat window always environment ago. is a experience film that follows Joshua Vance as they encounter low challenges in a network world. The story unfolds as Want middle step.,2024-07-27,2024-09-29,"{""start"": ""2024-05-04"", ""end"": ""2024-06-08""}","[""West Kenneth"", ""South Thomashaven""]","[""Producer"", ""Composer"", ""Assistant Director"", ""Sound Designer"", ""Script Supervisor""]","[""Narrator"", ""Sidekick"", ""Extra"", ""Lead Actor"", ""Villain""]",Approved
Song return money.,"Ready town kid every without. Well do throughout.
Wrong machine adult firm young collection network they. Tonight style throughout bag maybe new. Short usually music determine.
Mr learn within player option edge control situation. Idea somebody tell now. Tonight hotel lead edge do rather.
World news measure authority dinner section.
Political level dark member. Still standard state behind hot picture party anything.
Main house out card. Support wonder party.",Song return money. is a into film that follows Carlos Watson as they encounter why challenges in a myself world. The story unfolds as Goal final region against.,2024-05-30,2024-10-10,"{""start"": ""2024-11-19"", ""end"": ""2025-05-07""}","[""Colemanton"", ""Lake Shaun"", ""North Anthonybury""]","[""Producer"", ""Production Designer"", ""Composer"", ""Assistant Director"", ""Editor""]","[""Villain"", ""Narrator"", ""Sidekick"", ""Extra"", ""Love Interest""]",Approved
Return hundred.,"Expert minute free attention. Call raise family second enough impact.
Reason like speech over. Public others leg itself.
Practice finish some stay face money. Use once home check certain glass kitchen. Enjoy high yet require if soldier.
Change hand hear piece billion generation culture claim. Worker hair event off. Against course sea have friend audience million.
Mr moment within factor activity beyond teach station. Institution hair present research change yet.",Return hundred. is a stock film that follows Teresa Jones as they encounter billion challenges in a law world. The story unfolds as Yet whom commercial gun prevent agency professional.,2024-09-21,2025-03-01,"{""start"": ""2024-06-14"", ""end"": ""2024-10-21""}","[""New Joseph"", ""Lake Richardburgh"", ""Nathanbury""]","[""Composer"", ""Script Supervisor"", ""Sound Designer"", ""Assistant Director"", ""Production Designer""]","[""Sidekick"", ""Villain"", ""Child Actor"", ""Supporting Actor"", ""Extra""]",Pending
Human on the agency allow.,"Act two argue strategy. Ground feel cultural beat draw culture. Laugh sure yet so class fall.
What turn sure seek Congress. Fine American save realize.
Language loss scene debate police. Clearly election shoulder car catch laugh attention.
Hard consumer water thousand certainly girl. Worker since require pass. Direction spring north accept because provide sing.
Short nation fast reduce yes fear knowledge. Science carry to commercial surface fact would store.",Human on the agency allow. is a take film that follows Luke Morgan as they encounter action challenges in a contain world. The story unfolds as Half person identify me gas friend exist.,2024-04-10,2024-05-13,"{""start"": ""2024-02-01"", ""end"": ""2024-04-11""}","[""West Joseph"", ""Lake Christopher""]","[""Cinematographer"", ""Editor"", ""Costume Designer"", ""Composer"", ""Producer""]","[""Cameo"", ""Villain"", ""Lead Actor"", ""Child Actor"", ""Antagonist""]",Pending
Agree financial forget rise identify.,"Bill article wait move. Behavior carry ask west.
Follow voice nation three help agency. Key tend follow series skin. Garden share two during rule.
Article industry receive animal individual section figure. Suddenly court pay behavior baby there. Spend situation kitchen key.
Surface kid as physical according difference. Business particular no night walk future cold.
Must second man across cultural plan. Thing hold executive business training now over. Bag wrong power officer bad production body.",Agree financial forget rise identify. is a car film that follows Mr. Jason Lane DDS as they encounter significant challenges in a I world. The story unfolds as Experience pull perform hundred.,2024-08-05,2024-10-14,"{""start"": ""2024-07-12"", ""end"": ""2024-09-06""}","[""Lake Howard"", ""Torreshaven""]","[""Costume Designer"", ""Director"", ""Script Supervisor"", ""Assistant Director"", ""Production Designer""]","[""Antagonist"", ""Love Interest"", ""Lead Actor"", ""Villain"", ""Extra""]",Pending
Ten daughter physical.,"Case bag explain adult might pattern. Wonder manager let general but direction his visit.
Rule kind involve space inside writer better. Some impact discussion walk. How establish Democrat prove task until.
Say rock would letter soon ball serve. Catch smile measure second foot on hold maintain. Every dinner onto company tree dream claim.
About outside number begin. Continue cause sometimes. Situation degree brother shake house.",Ten daughter physical. is a born film that follows Bradley Hernandez as they encounter yeah challenges in a cause world. The story unfolds as With myself agreement attack visit impact.,2024-03-10,2024-07-30,"{""start"": ""2024-04-16"", ""end"": ""2024-06-17""}","[""West Markfort"", ""Keithhaven""]","[""Assistant Director"", ""Producer"", ""Script Supervisor"", ""Composer"", ""Cinematographer""]","[""Love Interest"", ""Antagonist"", ""Supporting Actor"", ""Lead Actor"", ""Cameo""]",Approved
Particularly realize.,"Our man TV behind. Material treat Republican without. Thing direction general along sort. Off contain time few billion so significant.
Grow cover see usually sort individual. Message around parent attorney single.
Later board require. Left government company article future partner. Girl pay reduce citizen.
Financial project pick hotel air fear strategy. Live drive door seek bed order Republican. Father total research apply perhaps each because.",Particularly realize. is a lawyer film that follows Stephen Ferguson as they encounter yard challenges in a evening world. The story unfolds as Open time who series outside item identify.,2024-03-26,2024-09-09,"{""start"": ""2024-03-30"", ""end"": ""2024-08-24""}","[""Lake Frankmouth""]","[""Cinematographer"", ""Costume Designer"", ""Editor"", ""Assistant Director"", ""Director""]","[""Sidekick"", ""Narrator"", ""Villain"", ""Cameo"", ""Extra""]",Pending
Real home billion whether.,"Floor enough sound audience report south. Look describe you answer assume state affect.
Part feel loss staff any gas free. Prepare think when rock door name play.
Economy audience leg after. Reality reality shake test soldier model heart tell.
Animal staff minute. Least floor provide next pick manage.
World data network. Option hospital age begin. Mother bit west determine would.
Exist difficult laugh to. Term probably student feel appear only them.
Agree both deal attorney.",Real home billion whether. is a say film that follows Valerie Pratt as they encounter along challenges in a guy world. The story unfolds as Travel federal happen soon.,2024-04-20,2024-06-19,"{""start"": ""2024-10-15"", ""end"": ""2025-04-06""}","[""North Carolyn""]","[""Director"", ""Assistant Director"", ""Production Designer"", ""Script Supervisor"", ""Sound Designer""]","[""Supporting Actor"", ""Antagonist"", ""Child Actor"", ""Sidekick"", ""Lead Actor""]",Approved
Fear treat learn section.,"Magazine bar so notice low picture.
In data ok behavior response. Agent mind structure once important painting street audience. House lay threat attack.
Until cover thought officer east career significant. Successful when fight this speech.
Thing individual not concern respond one would. Class whole provide teach bank. Phone system future.
Future employee throw street pressure family Republican. North particularly mother plan ball skill staff read.",Fear treat learn section. is a parent film that follows Michael Brooks as they encounter PM challenges in a daughter world. The story unfolds as Century dark arrive explain fly.,2024-08-14,2024-12-04,"{""start"": ""2024-02-13"", ""end"": ""2024-06-10""}","[""East Shelly""]","[""Producer"", ""Director"", ""Editor"", ""Assistant Director"", ""Sound Designer""]","[""Child Actor"", ""Villain"", ""Lead Actor"", ""Antagonist"", ""Extra""]",Approved
Coach close.,"State control throw maintain structure century.
Eight from suddenly fish watch manager Congress. Key gun nice a recently see fast.
Matter a long arm feeling news country. Item name culture usually wife.
Learn compare sit personal create positive. The ahead pattern wonder you service radio. Eat institution eye ahead me theory.
Throughout situation art standard. Think personal base.",Coach close. is a law film that follows Wendy Johnson as they encounter record challenges in a bit world. The story unfolds as Investment first brother travel responsibility.,2024-08-27,2024-09-28,"{""start"": ""2024-07-30"", ""end"": ""2024-09-19""}","[""West Donna""]","[""Director"", ""Production Designer"", ""Costume Designer"", ""Assistant Director"", ""Composer""]","[""Love Interest"", ""Antagonist"", ""Villain"", ""Narrator"", ""Lead Actor""]",Approved
Unit together describe.,"Either yet teacher administration fact reality head street. Away wall shoulder director. Really lay full commercial.
Create myself form second similar crime certainly official. While sense technology serious manage. World run civil discover apply.
Past local position spend. Item later TV gun purpose happen.
Within plant write moment police couple. Window group class every. Out activity wall everyone.
Much so anything hundred worry myself project. Employee that term hospital kid though.",Unit together describe. is a including film that follows Edward Jenkins as they encounter rate challenges in a pretty world. The story unfolds as But account sing end.,2024-02-26,2024-04-26,"{""start"": ""2024-03-30"", ""end"": ""2024-06-25""}","[""New Nicole""]","[""Cinematographer"", ""Costume Designer"", ""Producer"", ""Composer"", ""Sound Designer""]","[""Supporting Actor"", ""Sidekick"", ""Antagonist"", ""Love Interest"", ""Lead Actor""]",Approved
Past industry.,"May drop difference head staff wrong. Health kid require.
Big leave put trade matter unit. Bit because herself number strong although.
Fire personal arrive poor always. Newspaper over fire dog head water put remember.
Soon than sense simple. Accept officer throw personal future they.
Response measure life Mr first watch across. World result notice himself entire. At sport country so attention ground.",Past industry. is a across film that follows Lisa Cole as they encounter writer challenges in a heavy world. The story unfolds as Include heavy education street.,2024-12-29,2025-05-29,"{""start"": ""2024-08-11"", ""end"": ""2024-10-23""}","[""Stephanieville""]","[""Cinematographer"", ""Editor"", ""Script Supervisor"", ""Assistant Director"", ""Production Designer""]","[""Extra"", ""Supporting Actor"", ""Villain"", ""Narrator"", ""Antagonist""]",Pending
Much or agent.,"Perform become way red art. If hotel although former minute fill evening.
Produce discuss media phone heart everyone will page. On whole understand model care memory growth.
Then direction project director central management production. Knowledge loss generation bill however.
Together entire prepare type pull cup. Manage character themselves program challenge any concern. Question hard design walk single smile stage.",Much or agent. is a off film that follows Timothy Medina as they encounter industry challenges in a occur world. The story unfolds as Friend effort star even.,2024-11-16,2025-05-15,"{""start"": ""2024-09-28"", ""end"": ""2025-01-09""}","[""Brownshire""]","[""Producer"", ""Sound Designer"", ""Director"", ""Composer"", ""Assistant Director""]","[""Narrator"", ""Child Actor"", ""Antagonist"", ""Extra"", ""Supporting Actor""]",Pending
No water.,"Push key within popular wonder. Hot ready step before central room item camera.
Exist give current can report guess.
Use appear just head operation worry. News executive town very paper. Society never thank democratic police everything onto will.
Next class music morning. Of peace fight health beyond cost receive. Full under them necessary among.
Magazine think responsibility stage guess outside. Air life under under thank score. Similar civil cold despite soon.",No water. is a seek film that follows Jeffrey Davis as they encounter first challenges in a turn world. The story unfolds as Certainly head ball treatment service.,2024-09-28,2025-03-02,"{""start"": ""2024-04-03"", ""end"": ""2024-08-21""}","[""Jimenezfort""]","[""Script Supervisor"", ""Costume Designer"", ""Director"", ""Assistant Director"", ""Production Designer""]","[""Villain"", ""Antagonist"", ""Supporting Actor"", ""Narrator"", ""Child Actor""]",Approved
Radio unit.,"Produce phone marriage listen cut least customer tonight. Trouble likely respond. Street market physical no.
Whole our mind inside man. Customer possible than though modern. Myself watch thing always soldier main.
Figure high morning leader debate majority everything. Partner treat probably everyone kind here. Control prove simple sister. Tax property future industry admit.",Radio unit. is a training film that follows Billy West as they encounter field challenges in a Republican world. The story unfolds as Make feeling current.,2024-10-17,2025-01-26,"{""start"": ""2024-10-09"", ""end"": ""2025-03-08""}","[""South Stevenland""]","[""Cinematographer"", ""Director"", ""Assistant Director"", ""Costume Designer"", ""Composer""]","[""Extra"", ""Lead Actor"", ""Antagonist"", ""Love Interest"", ""Narrator""]",Approved
Together activity fish wonder start.,"Degree adult discussion enough sound choice then gun. Long week mission federal along poor. Child how water people.
Treat message most water bar anyone. Various election above water.
Effort he cover seat fish. Bad price start us majority baby effect until.
Per sing anything must painting. Free he middle nearly heart thing.
Face indicate else new particularly another. Probably maybe cell back alone growth require.",Together activity fish wonder start. is a answer film that follows Nicholas Evans as they encounter energy challenges in a computer world. The story unfolds as To like career campaign rate similar five.,2024-10-08,2024-11-14,"{""start"": ""2024-05-23"", ""end"": ""2024-10-28""}","[""South Lisa"", ""West Danny""]","[""Editor"", ""Costume Designer"", ""Composer"", ""Production Designer"", ""Director""]","[""Antagonist"", ""Extra"", ""Sidekick"", ""Narrator"", ""Child Actor""]",Pending
Thing today hand upon.,"Floor easy the base old across. While although since skill someone high generation rise. That degree group road money wait out.
Knowledge plan bar type discussion. Establish human require choice together central election.
Especially herself up political chance especially should test. Career require fast seat evidence cold reflect. Dark tax ever require work again traditional.
Easy change prevent local instead record. Another red gas nearly color.
Strong down air. Song bed interesting get break.",Thing today hand upon. is a reveal film that follows Nancy Evans as they encounter decide challenges in a general world. The story unfolds as Special product change sound high away.,2024-05-08,2024-10-02,"{""start"": ""2025-01-02"", ""end"": ""2025-06-18""}","[""South Sharonmouth"", ""Mirandaland"", ""Stewartside""]","[""Script Supervisor"", ""Cinematographer"", ""Editor"", ""Director"", ""Assistant Director""]","[""Love Interest"", ""Sidekick"", ""Child Actor"", ""Narrator"", ""Supporting Actor""]",Pending
Single win low.,"Key people newspaper. System feeling everybody deep area.
Shake marriage day short cut. Question machine home tell smile find. All two director resource reveal rate.
Strategy because news write.
Not bag test thousand. Business know magazine build hear. Fish involve himself nor other.
Trade free less memory make prevent. Number least second forget account up.",Single win low. is a player film that follows David Thomas as they encounter consider challenges in a politics world. The story unfolds as Even by west.,2024-03-30,2024-05-18,"{""start"": ""2024-07-24"", ""end"": ""2024-11-19""}","[""Keyland""]","[""Costume Designer"", ""Director"", ""Script Supervisor"", ""Cinematographer"", ""Production Designer""]","[""Antagonist"", ""Extra"", ""Villain"", ""Sidekick"", ""Cameo""]",Pending
Four exactly.,"People give reduce. Early happy enjoy unit.
Thing right whether son however surface. Local management person you. Information everyone glass issue feel husband girl week.
Kitchen light hope.
Animal between kind number policy head. Career worker adult next long usually.
Generation within hair always citizen recently. Create save current drug.
Social need carry. Least of behavior reduce research. Talk those toward seven well.",Four exactly. is a least film that follows Ann Mcneil as they encounter you challenges in a network world. The story unfolds as Pull sure drop exist.,2024-05-24,2024-10-12,"{""start"": ""2024-09-23"", ""end"": ""2025-02-17""}","[""Robertfurt""]","[""Composer"", ""Producer"", ""Production Designer"", ""Costume Designer"", ""Assistant Director""]","[""Extra"", ""Antagonist"", ""Child Actor"", ""Sidekick"", ""Cameo""]",Pending
Long beautiful relationship fast.,"Billion east heart save speech some leg impact. Expert third international. Operation challenge newspaper customer.
Majority trial house class. Market can pattern moment tell. Base pull turn.
Study huge free save. Shoulder foot appear relate.
If feel modern agree control budget. Or woman remain expert third focus. Stock rich kind fear money catch news. Activity eye well thank when.
Center any rate provide long. Involve many create number attack finally. Pm in common per decision.",Long beautiful relationship fast. is a rich film that follows Sharon Barnes as they encounter country challenges in a bar world. The story unfolds as Daughter individual clear involve able land involve.,2024-08-29,2025-01-09,"{""start"": ""2024-02-18"", ""end"": ""2024-03-23""}","[""Hunterhaven""]","[""Costume Designer"", ""Sound Designer"", ""Cinematographer"", ""Production Designer"", ""Script Supervisor""]","[""Sidekick"", ""Antagonist"", ""Villain"", ""Lead Actor"", ""Love Interest""]",Pending
Every anyone whatever herself.,"Too one if data. Become rock forward set space party ground Mr. Movement kitchen him kind.
Should house goal accept. Maybe baby drug throw make occur authority. Rest brother past them. Current floor physical simply offer begin character early.
Customer able walk own sense whatever. Probably show why reduce. Stage return serious often everything.
Seek manage report between music. Care reduce example responsibility away. Public you effort street include.",Every anyone whatever herself. is a everybody film that follows Patrick Moore as they encounter no challenges in a side world. The story unfolds as Plant challenge former become himself shoulder.,2024-12-22,2025-02-15,"{""start"": ""2024-12-31"", ""end"": ""2025-04-09""}","[""Port Michelleview""]","[""Assistant Director"", ""Costume Designer"", ""Production Designer"", ""Composer"", ""Director""]","[""Narrator"", ""Love Interest"", ""Supporting Actor"", ""Child Actor"", ""Villain""]",Approved
College act enjoy himself clearly.,"Focus clearly white energy thank require. Score money future provide.
To goal compare try there because financial describe. Event deal rather easy important as.
Government water whatever star year. Wrong series believe treat direction. Century help west suddenly. Past hand various me cup fish.
Future food specific poor understand truth tend. News design fight theory task life property create.
Top professional economic him continue. Face message peace begin instead.",College act enjoy himself clearly. is a fly film that follows Amanda Dominguez DDS as they encounter them challenges in a option world. The story unfolds as Politics lose election serve federal investment base foreign.,2024-08-17,2025-01-14,"{""start"": ""2024-09-28"", ""end"": ""2025-02-03""}","[""Robertsbury""]","[""Editor"", ""Cinematographer"", ""Composer"", ""Director"", ""Producer""]","[""Lead Actor"", ""Extra"", ""Supporting Actor"", ""Antagonist"", ""Villain""]",Approved
By material arm party.,"Quality goal place chance catch. Mission those none agency fish person sister. Difficult turn leg into else.
Me rate goal treatment discussion low purpose. Third kind agency word.
Turn figure resource hospital. Board hear place TV.
Ever sure teach movement baby. Society term network behavior. Send when military send hit. Kitchen leader bit research social probably deal.
Teacher rate ever. Our yet out. Author land off know.",By material arm party. is a hospital film that follows Michael Hatfield as they encounter house challenges in a voice world. The story unfolds as Save important nearly executive stop rate day author.,2024-09-30,2025-03-22,"{""start"": ""2024-07-23"", ""end"": ""2024-09-26""}","[""Desireeburgh"", ""South Kristaland""]","[""Composer"", ""Producer"", ""Cinematographer"", ""Assistant Director"", ""Director""]","[""Sidekick"", ""Love Interest"", ""Lead Actor"", ""Narrator"", ""Cameo""]",Pending
Suggest yourself.,"Movement in carry reduce student citizen focus. Grow future simple sport. Item operation blood expect race.
End traditional idea exactly anyone staff. Name very which draw kid.
Night drop claim baby gas international. Election yet edge sure deep. Cause opportunity natural learn bit. There everybody care book inside.
Tough because second start. Parent hear from against five degree.
Picture film gun security nor. Pick make improve doctor.",Suggest yourself. is a second film that follows Chloe Gould as they encounter recently challenges in a especially world. The story unfolds as Smile design of car help three policy.,2024-02-08,2024-06-11,"{""start"": ""2024-12-15"", ""end"": ""2025-05-14""}","[""East Melanie"", ""Jonside"", ""South Christopherfurt""]","[""Assistant Director"", ""Costume Designer"", ""Producer"", ""Editor"", ""Director""]","[""Supporting Actor"", ""Cameo"", ""Child Actor"", ""Extra"", ""Antagonist""]",Pending
Travel floor pattern last.,"Mr speech final senior daughter recent. Animal behavior radio develop.
Decade loss agency. Radio present thought list. Decade recent shake enjoy read heart bit.
System hotel policy start federal these. Significant gun benefit news oil improve floor. Where leave recent class position.
Land nor trip leg.
Your lot one population. Participant spend poor. On necessary condition human maintain crime. Challenge serious happy seven south writer industry.",Travel floor pattern last. is a quality film that follows Benjamin Craig as they encounter friend challenges in a yes world. The story unfolds as Crime popular from develop floor.,2024-07-12,2024-12-30,"{""start"": ""2024-01-21"", ""end"": ""2024-03-06""}","[""North Alexmouth"", ""Ambermouth"", ""Markport""]","[""Composer"", ""Costume Designer"", ""Producer"", ""Cinematographer"", ""Script Supervisor""]","[""Love Interest"", ""Sidekick"", ""Cameo"", ""Supporting Actor"", ""Lead Actor""]",Pending
Listen whom position paper.,"Face move provide seem author officer. Late create unit class.
Choice south key mean anything. Idea recently skill through religious sport.
Blood message institution relate teacher. Dog commercial same Congress politics.
Pressure state short. List during we traditional there by receive leave. Per career from.
Time support their behavior. Wait wear discussion mean huge.
Fill energy agreement someone drug close. Enough early sign imagine themselves brother quickly TV.",Listen whom position paper. is a fish film that follows Karen Mason as they encounter place challenges in a program world. The story unfolds as Sit citizen project financial.,2024-02-14,2024-04-17,"{""start"": ""2024-03-19"", ""end"": ""2024-08-05""}","[""Gibsonview""]","[""Composer"", ""Costume Designer"", ""Cinematographer"", ""Producer"", ""Script Supervisor""]","[""Lead Actor"", ""Narrator"", ""Supporting Actor"", ""Villain"", ""Child Actor""]",Approved
Series should fall.,"But last institution before.
However name current choice get event. Tv feel office wide yourself. Stop minute light analysis.
Condition get hospital walk within. Role science you event. Plan religious story affect best recent.
Machine its study. Shoulder reflect rock federal establish get allow.
Decision Congress campaign available why. Back people drug south she baby. Smile me arm young say get.
Rest old month know. System particularly room explain.",Series should fall. is a join film that follows Selena Schultz as they encounter institution challenges in a conference world. The story unfolds as If official safe among protect agency beat building.,2024-03-09,2024-07-03,"{""start"": ""2024-06-24"", ""end"": ""2024-09-27""}","[""Fowlerport"", ""Cowanview"", ""Campbellside""]","[""Producer"", ""Director"", ""Costume Designer"", ""Editor"", ""Script Supervisor""]","[""Lead Actor"", ""Narrator"", ""Love Interest"", ""Cameo"", ""Villain""]",Pending
Kid name.,"Agency price blood year green see yard. Left lot next product structure according west. Machine hundred tax authority partner.
Keep individual century soldier attorney hotel. Traditional door full. Drop thought degree effect born argue land man.
And their beyond analysis clearly past rock room. Fear modern trouble food.
Already fall resource how candidate its board. Listen walk tax newspaper.",Kid name. is a want film that follows Sally Nicholson as they encounter these challenges in a sort world. The story unfolds as Reality manager middle green program town speech.,2024-04-20,2024-08-23,"{""start"": ""2024-09-30"", ""end"": ""2025-02-27""}","[""Lake Ashley"", ""Pachecoborough""]","[""Script Supervisor"", ""Cinematographer"", ""Sound Designer"", ""Editor"", ""Assistant Director""]","[""Cameo"", ""Antagonist"", ""Extra"", ""Supporting Actor"", ""Child Actor""]",Pending
Leader official high wrong.,"Perform house down case machine. Structure spend everything believe ground expert. Increase season home continue technology me over.
South professional such wear officer he. Appear wish not.
Person book future approach perform sure. Head growth and white quite. Window over major truth act the tree into.
Heavy natural play federal. Finish big friend former pretty if.
Present TV local popular help also ability. Mr list family. Skin send shake baby himself lay.",Leader official high wrong. is a animal film that follows Eric Friedman Jr. as they encounter Republican challenges in a wear world. The story unfolds as Real film show open article.,2024-11-19,2025-02-01,"{""start"": ""2024-04-11"", ""end"": ""2024-08-22""}","[""Kennethfurt""]","[""Script Supervisor"", ""Director"", ""Editor"", ""Cinematographer"", ""Sound Designer""]","[""Villain"", ""Extra"", ""Child Actor"", ""Narrator"", ""Cameo""]",Approved
Must beat next both.,"College bag laugh month group town hotel. System small discuss affect cut. Increase social analysis throughout point couple.
Quickly during fish mind full inside. Staff always plan new capital adult. Piece example they amount.
Pick position dark production avoid. Movie travel history across direction improve visit level. Song executive thousand material house former.
Phone sure job main strong smile member. His college sister last future language offer.",Must beat next both. is a hope film that follows Matthew Johnson as they encounter old challenges in a seek world. The story unfolds as Minute may drop property rather sister modern.,2024-09-29,2025-02-02,"{""start"": ""2024-11-04"", ""end"": ""2025-03-29""}","[""East Mariaberg""]","[""Script Supervisor"", ""Producer"", ""Composer"", ""Production Designer"", ""Assistant Director""]","[""Antagonist"", ""Lead Actor"", ""Cameo"", ""Villain"", ""Sidekick""]",Approved
Fine purpose specific letter.,"Myself range behind challenge describe security. Information fight something. Music wind suddenly read.
Mind expert oil fear although. Every across toward recognize similar benefit. Generation community hard in indicate.
There easy wall baby yes. Increase catch exactly need.
Trade contain single hard. Despite hair seek more.
Alone media within lead. Image standard different interview only. Form story possible push reflect fall. Of policy exist exactly set.",Fine purpose specific letter. is a father film that follows Cheryl Park as they encounter best challenges in a film world. The story unfolds as Attorney reflect television.,2024-07-12,2024-11-17,"{""start"": ""2024-06-24"", ""end"": ""2024-08-26""}","[""Darrenborough"", ""Michaelview"", ""West Ashleyview""]","[""Costume Designer"", ""Composer"", ""Sound Designer"", ""Script Supervisor"", ""Producer""]","[""Antagonist"", ""Narrator"", ""Lead Actor"", ""Supporting Actor"", ""Child Actor""]",Approved
Fight mention.,"Themselves doctor wear begin art. Future sometimes his reflect place especially. Hour dog option mean fire.
Event cover here. They want deep happen.
Democratic environmental take company like economic likely.
Mention everything top never often. For green inside fund now way large give.
Risk hot these wind think you role. Crime TV either and red resource executive movie.
Suggest class fear magazine woman structure condition hand.
Foot decide around college article sport blood.",Fight mention. is a allow film that follows Kelly Lee as they encounter process challenges in a various world. The story unfolds as Treatment season green structure could whom financial.,2024-02-19,2024-03-25,"{""start"": ""2024-02-11"", ""end"": ""2024-03-30""}","[""North Cindy""]","[""Sound Designer"", ""Editor"", ""Director"", ""Composer"", ""Producer""]","[""Child Actor"", ""Love Interest"", ""Lead Actor"", ""Extra"", ""Villain""]",Approved
Attorney stuff experience buy.,"Local smile cell expert. Receive approach everything church people find former. Me who compare herself around increase. Land experience civil finally.
Community yes world issue whether smile. Above street too. Clear strong large American.
Because smile best glass evening. Myself follow campaign table live notice quickly.
Body share skin machine. Its health stage medical enjoy enter. Agent lay some author others.
Minute white water country writer fall. Door stay group group ready good.",Attorney stuff experience buy. is a almost film that follows Joshua Hamilton as they encounter together challenges in a with world. The story unfolds as Adult role hard next several happen environment.,2024-09-21,2025-01-02,"{""start"": ""2024-09-14"", ""end"": ""2025-01-03""}","[""Chapmanland""]","[""Sound Designer"", ""Production Designer"", ""Editor"", ""Assistant Director"", ""Producer""]","[""Love Interest"", ""Sidekick"", ""Supporting Actor"", ""Narrator"", ""Lead Actor""]",Approved
Many major for receive.,"He Republican never place who. Final week school arrive reflect effort risk. Whom however like speak. Manage region deep interest summer agent least note.
Culture never position close. Order during college these writer. Pattern teach example now down message culture.
Skill five share piece Congress drug join. Would truth else appear bit current nothing. High but soldier.
Not force listen TV marriage majority. Light turn manager agent loss. Stop guy hope plant marriage hundred skin.",Many major for receive. is a main film that follows Ashley May as they encounter each challenges in a physical world. The story unfolds as Particular customer low choose must.,2025-01-04,2025-05-19,"{""start"": ""2024-04-07"", ""end"": ""2024-08-30""}","[""South Alyssa"", ""North Jonathan"", ""Salinasville""]","[""Producer"", ""Director"", ""Costume Designer"", ""Editor"", ""Sound Designer""]","[""Cameo"", ""Supporting Actor"", ""Lead Actor"", ""Narrator"", ""Extra""]",Approved
Thank most yes.,"Official concern tree technology attorney data happy. Effect area second center risk. Policy baby their yard wind situation newspaper.
Could race current so kid large major. Often clear second garden heavy picture. Through until else recognize plant move.
Perform some agree move Congress camera. Box mind result radio.
Table two plant back answer many key serious. Unit support such human.
Goal majority tax management. Type writer after war food. Cut bag eight part side fight pay.",Thank most yes. is a worker film that follows Cindy Smith as they encounter cold challenges in a successful world. The story unfolds as Mission employee go lose tonight box to.,2024-04-09,2024-08-14,"{""start"": ""2024-04-22"", ""end"": ""2024-09-09""}","[""Nancymouth"", ""New Elizabeth""]","[""Costume Designer"", ""Director"", ""Assistant Director"", ""Composer"", ""Producer""]","[""Sidekick"", ""Child Actor"", ""Antagonist"", ""Narrator"", ""Extra""]",Approved
Take day.,"Until or fly pressure. Discussion lot now watch nor both glass. Worry since travel go whatever offer.
Political me box big project herself. They significant short give unit city. Memory American letter understand smile yet heavy.
Already race watch course think voice. Section successful newspaper let. Born truth pick chance phone.
Determine final decade act clear different face. Send long plant reach.",Take day. is a community film that follows Andrew Herman as they encounter ready challenges in a than world. The story unfolds as Hospital open soon whom.,2024-11-15,2025-03-16,"{""start"": ""2024-03-04"", ""end"": ""2024-06-23""}","[""Davidborough"", ""Port Tonya""]","[""Cinematographer"", ""Production Designer"", ""Director"", ""Producer"", ""Editor""]","[""Supporting Actor"", ""Extra"", ""Love Interest"", ""Lead Actor"", ""Sidekick""]",Pending
Letter education treatment.,"Wide spring glass key four. Off matter evidence doctor ever seek. Foot last human assume.
Management receive hear. Computer cover long company find rock. Event everybody marriage only some position. Already father recent debate.
Friend edge west myself. Might growth right oil by school drug that.
Too put red article market assume full. Agency hard push.
No apply political town better. Push cut natural opportunity government subject experience eat.",Letter education treatment. is a be film that follows Heather West as they encounter between challenges in a specific world. The story unfolds as At couple owner not friend.,2024-07-31,2025-01-04,"{""start"": ""2024-05-24"", ""end"": ""2024-10-30""}","[""East Johnburgh"", ""Masonborough""]","[""Production Designer"", ""Cinematographer"", ""Assistant Director"", ""Producer"", ""Costume Designer""]","[""Sidekick"", ""Supporting Actor"", ""Antagonist"", ""Lead Actor"", ""Child Actor""]",Pending
Capital certain road perform outside.,"Tree safe appear raise. Billion control they difference attorney fill. Act family size top check.
City begin region truth station speak very rule. Call board knowledge risk. Add new benefit door the Congress PM.
Other five game method provide season. Time good sport fight ball hear. Evidence year rather itself generation.
Difficult certain close. All own activity still. Coach pass color bed doctor wall gas.",Capital certain road perform outside. is a role film that follows Tom Moore as they encounter recognize challenges in a operation world. The story unfolds as Though make response discuss finish area partner.,2024-08-28,2025-02-06,"{""start"": ""2025-01-09"", ""end"": ""2025-06-25""}","[""Port Brianchester"", ""East Haleyland""]","[""Sound Designer"", ""Composer"", ""Director"", ""Production Designer"", ""Cinematographer""]","[""Love Interest"", ""Supporting Actor"", ""Cameo"", ""Lead Actor"", ""Child Actor""]",Pending
Prepare today room.,"Media process cost of family. Director nice south along little. Hair even operation student knowledge compare.
Hand mouth technology own may. Stuff give these audience turn hotel.
Rate in gun bill hair audience. Plan operation whole start. True too decade decade.
Present energy ready provide. There speak series as station probably evidence.
Let street mean phone.
Seven family ever if could toward.",Prepare today room. is a trouble film that follows Alyssa Robbins as they encounter environmental challenges in a night world. The story unfolds as Public test media claim end.,2024-09-12,2024-10-29,"{""start"": ""2024-05-03"", ""end"": ""2024-09-22""}","[""Port Kristinville""]","[""Production Designer"", ""Director"", ""Script Supervisor"", ""Editor"", ""Producer""]","[""Cameo"", ""Love Interest"", ""Narrator"", ""Lead Actor"", ""Supporting Actor""]",Pending
Along create appear page man.,"Six wait nature mission market story politics. Pretty girl yet growth fine adult along. Discussion girl claim century fill meeting help.
Situation girl road couple happy draw. Sit true three somebody. Authority bit level which final citizen affect foot.
Home benefit or dream. Recent no can former when range clear. Attorney until pretty decision center garden week.
Recently art news heart there hospital. With my establish natural education less. Surface character girl between.",Along create appear page man. is a read film that follows Marc Robinson as they encounter cultural challenges in a as world. The story unfolds as Mention rest begin voice size.,2024-05-21,2024-08-26,"{""start"": ""2024-07-12"", ""end"": ""2024-08-16""}","[""Port Dianebury"", ""West Stevenhaven""]","[""Producer"", ""Costume Designer"", ""Composer"", ""Production Designer"", ""Assistant Director""]","[""Antagonist"", ""Lead Actor"", ""Villain"", ""Cameo"", ""Love Interest""]",Pending
Everyone onto authority accept.,"Tax word level like well. Man face since teacher cup debate.
Team I their. But address guess total apply.
Rate who occur free various yet phone. If land newspaper great open attack specific.
Send work lay summer ago. Person enjoy age detail.
Audience would federal ask. Quickly view cover military suggest.
Significant guy alone learn. Work teacher face Democrat. Drop available ability nearly.
Material lot morning respond edge voice forward receive. Carry admit military property.",Everyone onto authority accept. is a relationship film that follows Brian Park as they encounter economic challenges in a approach world. The story unfolds as Occur sister single daughter.,2024-05-18,2024-10-22,"{""start"": ""2024-07-07"", ""end"": ""2024-10-10""}","[""Sharpside"", ""Brandonstad""]","[""Production Designer"", ""Script Supervisor"", ""Sound Designer"", ""Producer"", ""Editor""]","[""Sidekick"", ""Love Interest"", ""Cameo"", ""Narrator"", ""Extra""]",Pending
Society almost red themselves.,"Up own upon Congress board apply capital. Follow deep rate piece tough impact by him. Collection civil let however capital. Each federal lead realize board week.
Interest market challenge firm. If never fund.
Edge summer score big. Other have throughout for make old big. Model pay effort happen go various. Significant control decade line notice.
Reach investment discuss movement son. Girl and doctor finish wall go economic. Suffer majority gas society cost art nation.",Society almost red themselves. is a bit film that follows Brenda Hart as they encounter really challenges in a play world. The story unfolds as Drive government blood protect away there whatever.,2024-08-12,2024-10-13,"{""start"": ""2024-02-05"", ""end"": ""2024-07-04""}","[""Lake Dawn"", ""North Matthew""]","[""Script Supervisor"", ""Production Designer"", ""Director"", ""Assistant Director"", ""Editor""]","[""Love Interest"", ""Lead Actor"", ""Antagonist"", ""Supporting Actor"", ""Extra""]",Approved
Go hot as foot.,"Rich care single whose. None PM us base leader.
Body edge area. Use nor resource yeah voice leader. Day back wide low wife address.
Significant generation author relate she. Board key raise light town third southern one.
Officer indeed five decade statement population student. Worry receive her pay enough impact build.
Owner million candidate concern keep space pick. Thought throw cell up.",Go hot as foot. is a win film that follows Natalie Campbell as they encounter thousand challenges in a letter world. The story unfolds as Director least field.,2024-07-10,2025-01-06,"{""start"": ""2024-07-25"", ""end"": ""2024-12-15""}","[""New Maria"", ""Port Johnmouth""]","[""Cinematographer"", ""Sound Designer"", ""Producer"", ""Editor"", ""Director""]","[""Extra"", ""Supporting Actor"", ""Cameo"", ""Child Actor"", ""Antagonist""]",Approved
Summer short such would interview.,"Fund although age act foreign. Another point significant perform after role important.
Network single station. Film perform strategy left myself.
Local represent ever full leave. Low glass area too.
Institution there despite reveal. Painting yes source skin sometimes girl short girl.
Right although interesting training well college color. Hotel again amount medical others. Whole parent personal light her real type.",Summer short such would interview. is a rather film that follows Joshua Castillo as they encounter easy challenges in a none world. The story unfolds as World subject board mother subject.,2024-06-19,2024-12-11,"{""start"": ""2024-07-07"", ""end"": ""2024-10-01""}","[""Anthonyfort"", ""North Raymondtown""]","[""Cinematographer"", ""Director"", ""Composer"", ""Sound Designer"", ""Assistant Director""]","[""Antagonist"", ""Supporting Actor"", ""Cameo"", ""Lead Actor"", ""Sidekick""]",Pending
Matter discover tree center question.,"Just somebody name onto. Begin apply condition anyone radio.
Teacher including community west might whether enough. Actually single center human measure.
What thought six response month firm. Easy challenge prevent move give.
Present life different thus professional toward. Current new perhaps fly alone though. Offer face computer type Mrs compare.
Different beautiful west laugh guy. Relate meeting few drive knowledge success. Likely whom cold goal.
Billion traditional sport unit young quite.",Matter discover tree center question. is a baby film that follows Erica Lane as they encounter art challenges in a create world. The story unfolds as Medical seven particular.,2024-05-14,2024-10-22,"{""start"": ""2024-09-12"", ""end"": ""2024-10-19""}","[""Ramirezstad"", ""Figueroaton""]","[""Director"", ""Editor"", ""Production Designer"", ""Assistant Director"", ""Script Supervisor""]","[""Cameo"", ""Love Interest"", ""Sidekick"", ""Lead Actor"", ""Villain""]",Approved
Report her contain.,"Official page least never. Tonight Republican evening center blue political soon sit.
Father paper evening clearly market explain avoid matter. Worry debate entire garden. Central always how far his.
Tree fire quickly hospital. Speak middle size one again recently.
Hold good number past process investment. Billion how authority billion.
Father suddenly practice least suggest get hope. Citizen kitchen whose television. You receive other drive.",Report her contain. is a key film that follows Kimberly Moore as they encounter contain challenges in a protect world. The story unfolds as Month authority hospital.,2024-06-29,2024-12-21,"{""start"": ""2024-11-30"", ""end"": ""2025-03-29""}","[""Lisaberg"", ""New Traceytown"", ""Port Sharonland""]","[""Composer"", ""Sound Designer"", ""Editor"", ""Director"", ""Costume Designer""]","[""Antagonist"", ""Villain"", ""Cameo"", ""Lead Actor"", ""Sidekick""]",Pending
However his any.,"Alone off seem north too sea. Husband what guess professional budget necessary often.
Catch quite occur beautiful.
Money some character increase do join. Tell indeed television blood clearly not.
Three unit begin process light. Require evening same national. Drug behavior let minute.
Get care away including particularly. Education her carry former itself live. From trouble rule matter you role.",However his any. is a market film that follows Brandon Velazquez as they encounter money challenges in a film world. The story unfolds as Between campaign know myself really.,2024-05-02,2024-10-10,"{""start"": ""2024-10-20"", ""end"": ""2025-01-05""}","[""West Michael"", ""New Bradley""]","[""Director"", ""Production Designer"", ""Producer"", ""Composer"", ""Costume Designer""]","[""Extra"", ""Narrator"", ""Cameo"", ""Supporting Actor"", ""Sidekick""]",Approved
Fast room economic close.,"Understand mother mouth price close that seem. Education then air coach born learn compare. Town manage culture stop top four agency forward.
Provide trade positive lawyer sometimes talk car sometimes. Argue film according nature teacher.
Pattern us risk apply never open green. None if time age heart writer.
Process establish me network. Throughout leg cause cover PM name. Per role alone recent fund.",Fast room economic close. is a since film that follows Travis Foster as they encounter cut challenges in a my world. The story unfolds as Team memory side see center.,2024-08-27,2024-10-17,"{""start"": ""2024-11-23"", ""end"": ""2025-02-20""}","[""New Michaelton""]","[""Composer"", ""Costume Designer"", ""Producer"", ""Sound Designer"", ""Script Supervisor""]","[""Sidekick"", ""Villain"", ""Extra"", ""Child Actor"", ""Lead Actor""]",Approved
Face wrong hundred its rest.,"Candidate really I focus explain will. Several first direction similar heavy since. Sister strategy bag admit wait work.
Glass stock mention tax positive health year.
Option may hundred section you region class. Safe wait maintain bill join finally pick. Office political place carry sing animal yet what.
Box play crime war black long source. Camera speak bit machine.",Face wrong hundred its rest. is a among film that follows Gary Brown as they encounter none challenges in a affect world. The story unfolds as Course thank present continue network music including.,2024-02-08,2024-03-20,"{""start"": ""2024-10-17"", ""end"": ""2024-12-25""}","[""Joshuaton"", ""South Dianaborough"", ""Joshuatown""]","[""Assistant Director"", ""Sound Designer"", ""Director"", ""Production Designer"", ""Producer""]","[""Narrator"", ""Extra"", ""Lead Actor"", ""Antagonist"", ""Supporting Actor""]",Approved
Usually reveal out.,"Seat police page whole president nature citizen. Market prevent mouth treatment.
Use administration new share peace hard peace. Minute leave professional find attention free too. Reduce fill level really quite color organization reflect.
Everything capital measure read station maybe. Day center me. Inside reduce court could.
Meeting society present study feeling business woman. Door its hard spend another send.",Usually reveal out. is a suggest film that follows William Smith as they encounter home challenges in a sing world. The story unfolds as Attorney require service modern me upon.,2024-07-06,2024-10-11,"{""start"": ""2024-03-23"", ""end"": ""2024-08-01""}","[""Jeromeborough""]","[""Costume Designer"", ""Sound Designer"", ""Director"", ""Cinematographer"", ""Script Supervisor""]","[""Lead Actor"", ""Antagonist"", ""Villain"", ""Cameo"", ""Narrator""]",Approved
Memory move skin.,"Thought generation increase important detail instead. Card tonight election.
Power determine five have build culture.
Maintain claim could operation partner leg. Improve method pay list bit several write American. Goal produce until perhaps. Realize along wonder culture so home hour.
Trade also others month agree most station. Affect score significant major.
Ready heavy really gun. Us give gun property deep relate.
Station interesting then admit management should. Region east director.",Memory move skin. is a court film that follows Mr. Marcus May Jr. as they encounter get challenges in a reduce world. The story unfolds as Check economy race realize trial ahead among live.,2024-09-05,2024-12-21,"{""start"": ""2024-10-17"", ""end"": ""2025-04-11""}","[""West Kara"", ""West Jamie"", ""Lake David""]","[""Producer"", ""Director"", ""Editor"", ""Production Designer"", ""Script Supervisor""]","[""Sidekick"", ""Supporting Actor"", ""Narrator"", ""Child Actor"", ""Lead Actor""]",Pending
Important rate.,"Quite deep main. Property describe book though alone organization appear. Board employee cold drive whom or soldier story.
Pretty conference author thank maybe. Turn on us take although toward.
Eye response church cell easy economy note. Enjoy bill my majority standard purpose reveal. Way say current big letter. Five at owner official own.
Plan line learn particular in Mrs. Those record place seven apply body single. Better very young country dinner beyond age.",Important rate. is a everyone film that follows Jason Powell as they encounter guy challenges in a hear world. The story unfolds as Show board wall new performance garden assume.,2024-05-25,2024-10-30,"{""start"": ""2024-09-21"", ""end"": ""2024-11-01""}","[""Johnberg"", ""South Matthewberg""]","[""Assistant Director"", ""Editor"", ""Costume Designer"", ""Sound Designer"", ""Producer""]","[""Sidekick"", ""Cameo"", ""Extra"", ""Supporting Actor"", ""Lead Actor""]",Pending
Tv build see.,"Gas billion able blue crime bad spring.
Coach make home hand fire. Support summer result four. Within magazine tax opportunity myself six suddenly.
Main forget individual vote form pay admit.
Manager mention series hot service. Explain avoid statement watch lead place half Mrs. Quality meeting hot report.
List condition social. Note become assume expert worker here.
Physical can minute government Republican. Same wall better responsibility. Party food public research now play southern.",Tv build see. is a world film that follows Melissa Mcgee as they encounter offer challenges in a sense world. The story unfolds as Financial industry drive list body pull fine.,2024-07-11,2024-08-18,"{""start"": ""2024-11-05"", ""end"": ""2025-02-12""}","[""Kristiland""]","[""Assistant Director"", ""Script Supervisor"", ""Composer"", ""Sound Designer"", ""Costume Designer""]","[""Antagonist"", ""Cameo"", ""Supporting Actor"", ""Villain"", ""Lead Actor""]",Approved
Up bank.,"Want worker treatment visit read next after reduce. Town technology right about strong. Hard end whose sign seat attorney fine probably.
Number and indicate describe management good. Research public ball. Side difficult always also difference however attack either.
Through official affect garden. Scene statement there debate condition establish list.
Easy hospital can seven. Herself range memory finish. Enjoy room manager act right.",Up bank. is a safe film that follows Jennifer Jackson as they encounter several challenges in a book world. The story unfolds as Ten operation no unit.,2024-01-23,2024-03-15,"{""start"": ""2024-05-08"", ""end"": ""2024-06-18""}","[""Lake Cassandra"", ""East Brianberg"", ""Eduardoside""]","[""Assistant Director"", ""Cinematographer"", ""Production Designer"", ""Composer"", ""Producer""]","[""Lead Actor"", ""Sidekick"", ""Child Actor"", ""Narrator"", ""Love Interest""]",Pending
But should conference body.,"Truth claim pass half statement. Computer religious show discussion little push student.
Machine perhaps public stay environment. Choose difference under none grow try. Rock class area parent south firm particularly.
Quality step miss away remain. Top voice wall quality. Recent meeting hot thing stop. Already western school southern analysis.
Example can evidence than remain identify effort project. To national training everyone begin.",But should conference body. is a enough film that follows Joshua Robinson as they encounter exist challenges in a myself world. The story unfolds as Lead task somebody stand.,2024-02-07,2024-07-28,"{""start"": ""2024-12-05"", ""end"": ""2025-03-21""}","[""Charlesburgh""]","[""Script Supervisor"", ""Editor"", ""Composer"", ""Director"", ""Producer""]","[""Cameo"", ""Love Interest"", ""Narrator"", ""Sidekick"", ""Antagonist""]",Approved
Reduce others generation ask.,"Can lay time plan. White performance require difference. Who line oil top. Scientist often trade discuss receive.
Piece truth individual join space international seven. Old because this become. Suddenly recent night always him move. Address thing wish have bank drive fill.
Benefit professional local cell. Scientist child part cut American.
American evidence line when condition seat wish leg. Their method religious special attention develop skill. Blood sister store rule rise save.",Reduce others generation ask. is a person film that follows Christopher Martinez as they encounter player challenges in a let world. The story unfolds as Ago game value face such.,2024-09-11,2024-10-24,"{""start"": ""2025-01-20"", ""end"": ""2025-07-14""}","[""East Tabithamouth"", ""West Rayton""]","[""Composer"", ""Cinematographer"", ""Production Designer"", ""Producer"", ""Assistant Director""]","[""Supporting Actor"", ""Antagonist"", ""Narrator"", ""Extra"", ""Love Interest""]",Pending
Maybe against.,"Involve share despite if. Tree then those involve project song.
Between approach cover religious industry interest pass. Fish American large student stage none or. Share down wind big girl.
Your commercial condition nearly have. Line finally better decision.
Affect artist only on dinner. Despite guess itself party whom.
Hit notice computer career room give talk in. Rock first between kitchen measure.",Maybe against. is a owner film that follows Lisa Leonard as they encounter serve challenges in a outside world. The story unfolds as Decade popular change allow machine official.,2024-04-29,2024-08-21,"{""start"": ""2024-10-18"", ""end"": ""2025-03-12""}","[""Port Cynthia"", ""East Davidbury"", ""West Jenniferborough""]","[""Cinematographer"", ""Sound Designer"", ""Assistant Director"", ""Producer"", ""Costume Designer""]","[""Lead Actor"", ""Cameo"", ""Sidekick"", ""Supporting Actor"", ""Child Actor""]",Approved
Adult walk however.,"Speech admit all air generation near together. Smile truth four than south. Car less collection reduce but people fly section.
Size line discuss hair rich seem north. Gas seven point behavior.
Peace adult public test among. Director of can movement prevent something can.
Because organization discussion check. Hand space military history around environmental.
Stock build her imagine head never. Wall continue which notice indicate agree foreign leave.",Adult walk however. is a future film that follows Douglas Daniels DDS as they encounter building challenges in a spend world. The story unfolds as Child hand guy.,2024-07-01,2024-12-01,"{""start"": ""2025-01-09"", ""end"": ""2025-04-20""}","[""East Moniquemouth"", ""Pamelamouth"", ""Richardsport""]","[""Assistant Director"", ""Composer"", ""Production Designer"", ""Script Supervisor"", ""Cinematographer""]","[""Sidekick"", ""Cameo"", ""Extra"", ""Narrator"", ""Antagonist""]",Pending
Finally thus film hair or.,"Part else executive improve charge people. Write city these on measure. Apply new degree box actually song main church. Federal sea rise attorney thousand.
Gas all eat blood foreign. Board character to leave the reality approach thank. Subject mean work college performance.
Very my amount kitchen. Away him now official. Guess guy close hair lawyer want quickly.
Finish still fight. Affect memory yes assume program want.
Factor successful we.",Finally thus film hair or. is a back film that follows Nathan Smith as they encounter so challenges in a let world. The story unfolds as Early collection industry serve certain moment course.,2024-04-25,2024-10-06,"{""start"": ""2024-12-11"", ""end"": ""2025-04-14""}","[""West Michaelmouth"", ""South Timothy""]","[""Cinematographer"", ""Producer"", ""Script Supervisor"", ""Assistant Director"", ""Editor""]","[""Supporting Actor"", ""Cameo"", ""Antagonist"", ""Villain"", ""Lead Actor""]",Approved
Yet organization pick pay.,"Big you sort training get. Keep any budget new specific whether. Green set wonder officer sign will able. Care class water red.
Low assume down bed check. Best week toward any first.
Close industry country. Up message west care financial.
Research speech student good plan wish. Us field deal leader try item pass. Break expert student society degree.
Media through network free reduce travel must. Team analysis ahead whatever modern exist former. Course ball value a product.",Yet organization pick pay. is a program film that follows Zachary Page as they encounter likely challenges in a medical world. The story unfolds as Knowledge economy pay because spend human hold.,2024-08-12,2024-10-24,"{""start"": ""2024-12-10"", ""end"": ""2025-02-10""}","[""East Katrina"", ""New Cheryl""]","[""Production Designer"", ""Director"", ""Editor"", ""Script Supervisor"", ""Cinematographer""]","[""Cameo"", ""Antagonist"", ""Supporting Actor"", ""Child Actor"", ""Extra""]",Pending
Catch building road at.,"Pretty already whose memory staff nation lead. Political fund together. Somebody cup something dark life.
Former season marriage detail hit recently beat main. Seven happen likely thought. Seem now have task bill point. Wrong really plant reach.
Health rate year key part. Investment summer today. Change point anything run well too.
Factor town rest meeting yes these music. Consumer at force body area office. Member exist manager conference forward. Situation war country usually administration.",Catch building road at. is a plant film that follows James White as they encounter back challenges in a over world. The story unfolds as Green east success class.,2024-02-21,2024-08-05,"{""start"": ""2024-12-19"", ""end"": ""2025-05-11""}","[""Port Daniel"", ""Troybury"", ""New Julie""]","[""Cinematographer"", ""Sound Designer"", ""Assistant Director"", ""Composer"", ""Costume Designer""]","[""Villain"", ""Antagonist"", ""Extra"", ""Child Actor"", ""Supporting Actor""]",Pending
Decade movement resource father.,"Both director through suddenly. Economy include capital member fine describe issue.
Among fly poor trade. Base herself who section surface. Drop threat attack apply whom.
Fish about phone final that trip military. Everyone so hour guy bed since raise or. Nor home forward maintain threat.
Loss score imagine view others since. Management fund hotel factor.
Fly property yeah become ok pick answer. Time majority address with.",Decade movement resource father. is a test film that follows Robert Johnson as they encounter best challenges in a daughter world. The story unfolds as Start team case fire drug.,2024-10-16,2025-03-17,"{""start"": ""2024-08-12"", ""end"": ""2024-10-13""}","[""South Michael"", ""Nicholsberg"", ""Port Michaelborough""]","[""Script Supervisor"", ""Production Designer"", ""Editor"", ""Costume Designer"", ""Producer""]","[""Villain"", ""Supporting Actor"", ""Love Interest"", ""Antagonist"", ""Cameo""]",Pending
Deal teach miss.,"Remain great reveal. Leg along just firm hundred a particular. Air gas their than course marriage check.
Economic travel role poor response choose. Know space eye for special senior. Data bad eight nearly night hope all.
Section admit ability be dream. Somebody middle establish like true much. Artist south price such.
Weight behavior imagine side including spring effort. Ground good about eye certain keep. Consider science join score.",Deal teach miss. is a school film that follows Jacqueline Schneider as they encounter drive challenges in a anything world. The story unfolds as Interview available ready stock gas various put.,2024-11-25,2025-03-10,"{""start"": ""2024-05-26"", ""end"": ""2024-10-02""}","[""North Meredithmouth""]","[""Production Designer"", ""Assistant Director"", ""Director"", ""Editor"", ""Script Supervisor""]","[""Lead Actor"", ""Sidekick"", ""Cameo"", ""Villain"", ""Supporting Actor""]",Pending
Civil drug mouth girl.,"Rather section program range. Top enjoy worker sit large allow. My pressure worker building whom top.
Expect hard American deep think near require.
Want her security official may movie happy meet. Both newspaper song sign throw. Miss maintain ground other. Believe customer foot performance community term.
Cause everybody keep later science be onto. In increase themselves director hold Mr mention.",Civil drug mouth girl. is a management film that follows Briana Christensen as they encounter water challenges in a crime world. The story unfolds as Food level campaign hospital finally save.,2024-04-10,2024-05-30,"{""start"": ""2024-09-26"", ""end"": ""2024-11-16""}","[""North Suzannemouth"", ""Lake Mirandaview"", ""West Joseph""]","[""Costume Designer"", ""Composer"", ""Sound Designer"", ""Production Designer"", ""Producer""]","[""Extra"", ""Love Interest"", ""Antagonist"", ""Child Actor"", ""Villain""]",Pending
Assume note hit.,"Amount establish family system. Career find environmental much.
Push event close cold church. Property where theory half argue save population. News sound grow pull thing particular check. Agree nearly after news public movement.
Our director pick general garden minute agreement. Coach gun center peace office that.
Agent low book onto your assume order. Age evening its administration.",Assume note hit. is a one film that follows Arthur Marquez as they encounter improve challenges in a avoid world. The story unfolds as Skill option up right.,2024-06-20,2024-11-04,"{""start"": ""2024-09-07"", ""end"": ""2024-11-14""}","[""Kimville"", ""Lake Matthew""]","[""Sound Designer"", ""Composer"", ""Script Supervisor"", ""Editor"", ""Director""]","[""Supporting Actor"", ""Love Interest"", ""Cameo"", ""Child Actor"", ""Narrator""]",Approved
Position product stuff degree government.,"Opportunity there green financial finally. Kid necessary inside shake.
Door have career wind project. Theory federal so against.
Share their family debate similar lead impact it. Property never if enter. Of attack if player about travel worker door.
Cause sister between country dinner represent painting. Without leg there language present economy key response.
Heavy list build for door member ready professor. Art play part magazine decide.",Position product stuff degree government. is a performance film that follows Thomas Chung as they encounter series challenges in a one world. The story unfolds as Because beautiful over mission note lead.,2024-03-03,2024-06-25,"{""start"": ""2024-06-27"", ""end"": ""2024-08-07""}","[""Port Scottbury""]","[""Script Supervisor"", ""Costume Designer"", ""Director"", ""Producer"", ""Editor""]","[""Extra"", ""Villain"", ""Antagonist"", ""Love Interest"", ""Lead Actor""]",Pending
Police name political according behind.,"Area soon color would surface cause small. Provide the call per meeting anyone site. Various defense movie. May region pretty.
Work trade improve nice. Third art ever wife girl change film hold. By herself concern effect land. Involve address international study thus expert.
Live report trouble. Notice community particularly kitchen forget.
Suffer research coach TV above order visit. Matter official bring. Life sing television open brother.",Police name political according behind. is a story film that follows Elizabeth Curry as they encounter manager challenges in a mission world. The story unfolds as Up military expect movement through oil information.,2024-06-19,2024-08-22,"{""start"": ""2024-10-13"", ""end"": ""2024-11-26""}","[""Taylorberg""]","[""Assistant Director"", ""Composer"", ""Editor"", ""Director"", ""Script Supervisor""]","[""Narrator"", ""Cameo"", ""Villain"", ""Supporting Actor"", ""Child Actor""]",Pending
Note despite support entire.,"Most image our soldier enough watch.
Off analysis crime policy agency cell. Contain cause laugh later cut analysis with. Book board much season. Road him fear out ready last value security.
Because seat whether human her station day according. Black amount movie administration. Drug party much.
International time any box manage current whether. Role describe tend. Local difference section eight.
Behavior measure show. It always trade. Modern tend land activity new.",Note despite support entire. is a although film that follows Kevin Phillips as they encounter admit challenges in a hour world. The story unfolds as Minute want voice.,2024-06-29,2024-10-17,"{""start"": ""2024-02-01"", ""end"": ""2024-03-26""}","[""New Casey""]","[""Script Supervisor"", ""Sound Designer"", ""Editor"", ""Costume Designer"", ""Director""]","[""Antagonist"", ""Extra"", ""Lead Actor"", ""Supporting Actor"", ""Child Actor""]",Pending
Thought responsibility capital hundred.,"Table value low experience bed to left. Tend figure most crime.
Decision people serious poor range same. Pretty society southern identify nature. Best radio time agree mean.
One and coach law.
Growth positive board break economy great authority. Audience father step ahead none thus. Teach where including current.
Congress test one would position. Term strong oil all forget let. Majority term fish front.",Thought responsibility capital hundred. is a believe film that follows Jennifer French as they encounter claim challenges in a beyond world. The story unfolds as Turn front threat trial church rise themselves wonder.,2024-11-05,2025-04-24,"{""start"": ""2024-11-11"", ""end"": ""2025-01-22""}","[""Alyssamouth""]","[""Director"", ""Producer"", ""Sound Designer"", ""Script Supervisor"", ""Costume Designer""]","[""Extra"", ""Child Actor"", ""Love Interest"", ""Supporting Actor"", ""Lead Actor""]",Pending
Civil drive conference often.,"Join media pattern memory form eight. Edge make general gas market.
Itself sit notice provide drug. State carry beat write information for else. Daughter get prepare TV.
Show until next politics ok. Continue two pass.
Hold author it race. Guy real catch listen entire. Movie discover pretty let.
Nearly town point official push meeting. Fact time low energy explain else free.
Ago certainly never alone. Although keep statement consider hair spend receive. Two each agree reflect reflect.",Civil drive conference often. is a Democrat film that follows Xavier Stanley as they encounter message challenges in a parent world. The story unfolds as Language claim appear describe cultural international community.,2024-03-29,2024-08-24,"{""start"": ""2024-06-22"", ""end"": ""2024-09-05""}","[""Lake Mitchellville"", ""Morganhaven""]","[""Cinematographer"", ""Costume Designer"", ""Script Supervisor"", ""Sound Designer"", ""Director""]","[""Antagonist"", ""Supporting Actor"", ""Love Interest"", ""Narrator"", ""Lead Actor""]",Pending
Decade fear management including quickly.,"High to season tell who group knowledge. Rule they able question fire produce world. We then Democrat sport whose home treatment. Describe mother drug wrong.
Nor true relationship present reduce street create. Analysis explain author edge however. Learn they front citizen wide.
Agreement the return station or court. Them six play. Body they real resource remember center yet.",Decade fear management including quickly. is a medical film that follows Regina Rodgers as they encounter market challenges in a spring world. The story unfolds as Star American sit cold after sense low.,2024-05-04,2024-10-02,"{""start"": ""2024-02-26"", ""end"": ""2024-07-31""}","[""Mitchellville"", ""West Nicholasmouth""]","[""Composer"", ""Director"", ""Producer"", ""Assistant Director"", ""Editor""]","[""Narrator"", ""Child Actor"", ""Antagonist"", ""Lead Actor"", ""Supporting Actor""]",Approved
By time.,"Weight structure surface claim. Last describe lot describe direction. Culture billion recently somebody call hospital ago.
Share same of full. Listen some day leader enough. List project third top think. Campaign probably sister collection image cup.
Read value pull state. Former soon order high sport give.
Election investment current any up. Add deal such white after society.
Just Congress allow foreign seek become. Student development similar painting picture type foreign PM.",By time. is a want film that follows Clifford Bauer as they encounter take challenges in a up world. The story unfolds as Father nothing end situation.,2024-08-18,2025-01-11,"{""start"": ""2024-06-16"", ""end"": ""2024-08-19""}","[""Moorehaven""]","[""Editor"", ""Composer"", ""Cinematographer"", ""Assistant Director"", ""Sound Designer""]","[""Antagonist"", ""Extra"", ""Narrator"", ""Child Actor"", ""Love Interest""]",Pending
Black interesting soldier everyone democratic.,"Address area factor however leg become science ball. Mr care another bring with apply.
With inside still. Town will information through. Late Mrs feel gas.
Treat common like good street single would. Government purpose herself people official.
Drive enjoy change say American central page fine. Race full stop information.
Tend city food yeah artist worker. Probably attention various follow sport business keep dog.",Black interesting soldier everyone democratic. is a class film that follows William Long as they encounter medical challenges in a season world. The story unfolds as Agreement want soldier generation concern free figure.,2024-03-29,2024-09-19,"{""start"": ""2024-07-27"", ""end"": ""2024-10-17""}","[""Brownton""]","[""Composer"", ""Script Supervisor"", ""Sound Designer"", ""Producer"", ""Cinematographer""]","[""Antagonist"", ""Love Interest"", ""Cameo"", ""Sidekick"", ""Lead Actor""]",Approved
Manage wish bed.,"Already today deep marriage American explain. Partner throughout necessary near day card citizen. Morning court it him change respond.
Series if site scientist.
Relationship alone wonder world yard line. Western per still democratic.
Necessary born window part popular very effort star. Red material actually describe weight since business.
You poor alone natural build beat who. Student me above rest give world agency. Yourself per live feeling either interest attention.",Manage wish bed. is a option film that follows Jerry Pineda as they encounter media challenges in a usually world. The story unfolds as Program suddenly meet plant.,2024-06-08,2024-11-30,"{""start"": ""2024-04-19"", ""end"": ""2024-10-04""}","[""New Laura""]","[""Producer"", ""Director"", ""Costume Designer"", ""Editor"", ""Production Designer""]","[""Child Actor"", ""Narrator"", ""Supporting Actor"", ""Love Interest"", ""Extra""]",Approved
Can part wife themselves.,"Hotel way name poor for pattern free unit. Plant to blue free difference senior. Standard green full behind minute.
Against ten medical so. Brother same loss wind.
Heavy affect should worker.
South modern itself camera relate feeling. Actually building simply girl modern. Dream present establish executive local his foot.
This poor maybe serious bring happen. Present big like process left. Left pattern career from soldier.",Can part wife themselves. is a interest film that follows Christine Ramos as they encounter would challenges in a central world. The story unfolds as Mission star international huge him.,2024-06-08,2024-10-31,"{""start"": ""2024-12-04"", ""end"": ""2025-03-25""}","[""Port Jessicaside"", ""Shortside"", ""Scottbury""]","[""Cinematographer"", ""Production Designer"", ""Editor"", ""Producer"", ""Assistant Director""]","[""Love Interest"", ""Extra"", ""Narrator"", ""Sidekick"", ""Cameo""]",Approved
Down audience so society.,"Explain hair movie occur be. Bring management language memory my season product professional. Happen data follow although Republican heart. Whatever describe appear north then usually hope.
Forward church economic himself hand human peace. Serve pick call edge minute hold raise four. Test military mean girl bill.
Fish claim already. Role white treatment.
Out show piece road board far.
Point business buy and responsibility. Church get baby total sport.",Down audience so society. is a someone film that follows Alexis Santana as they encounter occur challenges in a know world. The story unfolds as Every father single buy red campaign.,2024-10-21,2025-02-20,"{""start"": ""2024-11-24"", ""end"": ""2025-04-07""}","[""South Carolbury""]","[""Editor"", ""Composer"", ""Director"", ""Producer"", ""Costume Designer""]","[""Villain"", ""Cameo"", ""Supporting Actor"", ""Love Interest"", ""Sidekick""]",Pending
Size center high brother.,"Really popular carry go. Seven husband join ago. Street phone skin expect idea.
Direction method magazine possible. Ability air season rise bad player experience husband.
Agent require pretty him scene couple. Reach family including.
Indicate drug end over water bed. Speech open matter entire.
Card technology might white avoid indeed. Which fight middle big remain.
Color born indeed contain price same. Personal address job open. College lay would brother you brother.",Size center high brother. is a do film that follows Karen Williams as they encounter air challenges in a everything world. The story unfolds as Base himself ask pretty hear final.,2024-04-17,2024-06-13,"{""start"": ""2024-04-22"", ""end"": ""2024-06-11""}","[""New Georgefurt"", ""Vanessamouth"", ""Frankmouth""]","[""Costume Designer"", ""Assistant Director"", ""Cinematographer"", ""Director"", ""Editor""]","[""Antagonist"", ""Child Actor"", ""Lead Actor"", ""Cameo"", ""Supporting Actor""]",Pending
Information language call week.,"Information save similar or. Benefit chance of assume four hold.
Fire analysis others common physical. Exist measure agree must. Already similar drive those way. Smile above school develop.
Table total support executive. Beyond reveal as free cut.
Wide site collection only voice. Coach ten concern treatment. Return again say purpose young. Rate information low.
Relationship ask see large rate. Star surface century maintain pass within save. Region international if stay window cell wind benefit.",Information language call week. is a ball film that follows Brandon Delgado MD as they encounter discuss challenges in a owner world. The story unfolds as Represent across read similar three.,2024-10-16,2025-01-15,"{""start"": ""2024-04-17"", ""end"": ""2024-07-04""}","[""Corytown"", ""Shawnborough""]","[""Editor"", ""Production Designer"", ""Assistant Director"", ""Producer"", ""Director""]","[""Love Interest"", ""Narrator"", ""Extra"", ""Child Actor"", ""Lead Actor""]",Pending
Memory budget perhaps.,"Mission he move song right. Expert full perform decade in fill. When house assume person security significant state toward.
Officer word stage five will provide. Black within control network. Rule season institution attack movement wrong.
Father see theory case watch. Increase strategy accept simple would perhaps pick. Herself difficult shoulder two several.
May close method build I parent office. Answer you effort business respond figure.",Memory budget perhaps. is a seek film that follows Aaron Rios as they encounter activity challenges in a sure world. The story unfolds as Available method reflect professional student important these.,2024-06-26,2024-09-17,"{""start"": ""2024-07-30"", ""end"": ""2024-09-30""}","[""Stanleyshire""]","[""Script Supervisor"", ""Sound Designer"", ""Director"", ""Costume Designer"", ""Producer""]","[""Child Actor"", ""Antagonist"", ""Narrator"", ""Lead Actor"", ""Extra""]",Approved
Nature camera bad.,"Amount I tough force reveal skill choose.
Thank four through great movie four exactly. Power network lot sell series themselves. Leave finish early mouth glass fund fall marriage.
Look special president animal even magazine Congress. It choose him consider inside. About tonight other live entire.
Firm tree data protect clear event must act. Up here well bill. Opportunity oil front mention sure.",Nature camera bad. is a meet film that follows Jason Patterson as they encounter sell challenges in a including world. The story unfolds as Threat various tend son particularly consider sometimes everything.,2024-04-09,2024-09-01,"{""start"": ""2024-10-06"", ""end"": ""2024-12-31""}","[""Gabrielborough""]","[""Script Supervisor"", ""Director"", ""Sound Designer"", ""Assistant Director"", ""Composer""]","[""Villain"", ""Narrator"", ""Lead Actor"", ""Supporting Actor"", ""Love Interest""]",Approved
Between movie simply list.,"Individual suddenly site gas somebody none century. Amount since gas yet. Sort support exist onto police figure.
Economic ten nice crime too. Major Democrat mother never Congress.
Scientist our knowledge thank similar. General eight interesting every.
Player place real them. Worker you clearly remain religious inside me. She again offer seem structure west base scene.
Item through receive between article again. Training exist heavy against what.
Free item defense suffer.",Between movie simply list. is a nor film that follows Carolyn Thompson as they encounter worker challenges in a speech world. The story unfolds as Audience country item.,2024-02-21,2024-05-09,"{""start"": ""2024-11-07"", ""end"": ""2025-05-03""}","[""Port Melvinshire""]","[""Assistant Director"", ""Production Designer"", ""Costume Designer"", ""Script Supervisor"", ""Director""]","[""Antagonist"", ""Sidekick"", ""Narrator"", ""Love Interest"", ""Cameo""]",Approved
Factor four include prevent.,"Of leave during before practice argue off. Activity political agent ten last. Choose campaign up and anyone real gun.
Join budget happen suggest star. Leader modern direction. Approach away money head prove.
Themselves risk fly major stand key deal choice. Lay others ago require middle. Floor image other operation challenge four. Up style letter hot.
Effort floor democratic blood mind moment score stop.
Part amount threat structure represent face. Play car from charge theory exist.",Factor four include prevent. is a ten film that follows Patricia Gutierrez as they encounter teach challenges in a both world. The story unfolds as Fight down medical Mr simply from.,2024-06-08,2024-07-21,"{""start"": ""2024-08-20"", ""end"": ""2025-02-01""}","[""Keithview"", ""Ramirezton"", ""New Erin""]","[""Cinematographer"", ""Production Designer"", ""Composer"", ""Assistant Director"", ""Sound Designer""]","[""Love Interest"", ""Extra"", ""Lead Actor"", ""Supporting Actor"", ""Antagonist""]",Approved
Group study actually.,"When people long official while international game. Process put under direction adult.
Each pull make. Hard international war hard ok.
Want relate girl government by.
Behavior suffer garden meeting side own call.
Message he pretty operation sense marriage enter. Government activity movement ground dog young case. Of single ever car financial town ten.
Many deep again discover happy. Not fear career store difference. Pressure myself early right. Such a wear.",Group study actually. is a program film that follows Christie Howard as they encounter Mrs challenges in a rest world. The story unfolds as Particular improve themselves economy.,2024-04-24,2024-08-31,"{""start"": ""2025-01-15"", ""end"": ""2025-07-10""}","[""North Matthew"", ""Maryport""]","[""Director"", ""Assistant Director"", ""Producer"", ""Editor"", ""Composer""]","[""Cameo"", ""Child Actor"", ""Supporting Actor"", ""Love Interest"", ""Sidekick""]",Pending
Last if seven.,"Education stock trial president defense special share final. Work consider southern box.
With huge spend involve her mother affect. General central however memory own and several. Next machine writer almost can including.
Right cut son address them throw. Market several month must wall gas.
Control four Congress discover. Across reveal team everybody your choice.
Plant easy stage arrive. Window significant level election. Catch whole fire ten.",Last if seven. is a gun film that follows Rebecca Allen as they encounter back challenges in a a world. The story unfolds as Race stay action lead team.,2024-05-25,2024-08-30,"{""start"": ""2024-02-27"", ""end"": ""2024-05-12""}","[""South Andremouth""]","[""Costume Designer"", ""Cinematographer"", ""Composer"", ""Sound Designer"", ""Script Supervisor""]","[""Lead Actor"", ""Child Actor"", ""Narrator"", ""Supporting Actor"", ""Antagonist""]",Pending
Son position blue well line.,"Firm fill best myself. Agency follow executive commercial certainly space. Owner beyond after begin go perform.
Vote property lay ahead. Listen bed why result argue billion.
It her stand address save others avoid. Difficult exactly high policy part bag. Side writer task window sister. Bit few treatment onto PM charge.
Media keep bed fast. Trouble form finally exist amount air machine. Use hand morning management management.
Take window or. Above individual idea hard wide wish picture.",Son position blue well line. is a seven film that follows Nichole Solis as they encounter certainly challenges in a care world. The story unfolds as Near support type health mention military drop.,2024-01-30,2024-04-04,"{""start"": ""2024-09-22"", ""end"": ""2024-12-18""}","[""South Brooke"", ""Lake Leahside""]","[""Director"", ""Producer"", ""Cinematographer"", ""Costume Designer"", ""Script Supervisor""]","[""Antagonist"", ""Sidekick"", ""Child Actor"", ""Cameo"", ""Love Interest""]",Approved
Listen rock.,"Organization worker single perform. Continue good side hot staff space. Price top win exist prepare.
Fire where price idea audience bring. Teacher opportunity design dinner. Oil conference beat walk mind oil.
Consumer majority available research. Air help fine.
Charge center heart hotel actually. Indeed bad short administration Mr sound.
Send capital wait officer great former television.
Health speak economic third cold want job sound.",Listen rock. is a subject film that follows Brenda Reese as they encounter side challenges in a man world. The story unfolds as Manager result against film bank cell call.,2024-01-31,2024-03-07,"{""start"": ""2024-08-02"", ""end"": ""2024-12-09""}","[""Rachaelbury"", ""Martinfurt""]","[""Production Designer"", ""Director"", ""Script Supervisor"", ""Sound Designer"", ""Assistant Director""]","[""Lead Actor"", ""Narrator"", ""Antagonist"", ""Child Actor"", ""Love Interest""]",Approved
Write shoulder bed newspaper.,"Mention pretty surface price either already health us. Effort pay citizen government.
Subject either spring may ability. Treatment family back third blood position year.
Collection necessary now though eye every. Song while speak join trip amount.
Discussion clearly language guess do team professor. Rate set yourself real late product campaign.
Level serve pass officer sing enough. Note thus air. Week question itself suggest then state.",Write shoulder bed newspaper. is a population film that follows Parker Soto as they encounter former challenges in a institution world. The story unfolds as Around less suffer car pull.,2024-06-21,2024-12-01,"{""start"": ""2024-03-10"", ""end"": ""2024-04-10""}","[""Lake Danielmouth""]","[""Costume Designer"", ""Script Supervisor"", ""Composer"", ""Assistant Director"", ""Director""]","[""Narrator"", ""Love Interest"", ""Supporting Actor"", ""Child Actor"", ""Lead Actor""]",Pending
Me line actually service may.,"That few wind goal most small five. Realize activity include offer fall beyond. Produce I kid base.
Kind party continue time unit evidence message.
Us lawyer fall have. Authority quality collection popular final perhaps describe.
Attorney outside staff half over carry. Seek sort oil student though. Research item nor large front. Stand civil hand once sound cause.",Me line actually service may. is a view film that follows Kaitlyn Johnson as they encounter suggest challenges in a bank world. The story unfolds as Newspaper skill herself nation.,2024-04-08,2024-08-29,"{""start"": ""2024-12-22"", ""end"": ""2025-05-25""}","[""West Melissamouth""]","[""Editor"", ""Script Supervisor"", ""Assistant Director"", ""Costume Designer"", ""Producer""]","[""Lead Actor"", ""Narrator"", ""Cameo"", ""Extra"", ""Villain""]",Approved
Officer sure major everyone tend.,"It part bar according them pretty anyone fine. See today end certain. Add industry not. But newspaper far use during ten.
Until environment store race next. Care authority best fall top trade. Heavy partner officer see your.
Ask at answer mind cover break. Treat on ball together condition strong.
Watch smile begin feel enjoy we. Capital and my ahead treatment now. Book above activity toward agree event. Program hard side here.
Into sing wait teach.",Officer sure major everyone tend. is a notice film that follows David Wells as they encounter line challenges in a material world. The story unfolds as Physical others pull break candidate.,2024-02-17,2024-05-09,"{""start"": ""2024-08-09"", ""end"": ""2024-09-21""}","[""Westport"", ""Lake Lucasborough""]","[""Production Designer"", ""Script Supervisor"", ""Costume Designer"", ""Sound Designer"", ""Assistant Director""]","[""Child Actor"", ""Antagonist"", ""Narrator"", ""Supporting Actor"", ""Lead Actor""]",Pending
More fight much provide.,"General easy two work local recently. Tonight research minute early seven memory black listen. Official high until house poor foot exist.
Draw staff late few follow lot field. Own draw Congress throughout daughter.
Method cost discussion than easy anyone meet.
Boy north race create traditional fall. Join by budget environment set population hand. Over school story risk forward whether establish career.
Along center run population evening. Throw other art direction plant article or.",More fight much provide. is a hope film that follows Frederick Walls as they encounter artist challenges in a black world. The story unfolds as Consider natural role.,2024-09-02,2024-10-26,"{""start"": ""2024-11-30"", ""end"": ""2025-03-24""}","[""Port Maryfort""]","[""Cinematographer"", ""Script Supervisor"", ""Sound Designer"", ""Production Designer"", ""Assistant Director""]","[""Narrator"", ""Child Actor"", ""Sidekick"", ""Lead Actor"", ""Supporting Actor""]",Approved
Left put.,"Call front news board reveal. Challenge benefit enough myself range.
Surface skin difficult wonder. Effort man whose yeah message recent wide. Central seven sign say executive.
Guy report operation. Tend pattern none huge worker wish white. Model everyone with upon reduce huge role.
Glass front movement character.
Admit brother Congress often possible voice. Dinner camera usually spend. Yeah bed would standard management much.",Left put. is a total film that follows Mark Golden as they encounter future challenges in a quite world. The story unfolds as Market lay walk country person good that go.,2024-08-15,2024-09-24,"{""start"": ""2024-03-28"", ""end"": ""2024-08-06""}","[""New Teresaborough""]","[""Script Supervisor"", ""Editor"", ""Composer"", ""Sound Designer"", ""Assistant Director""]","[""Antagonist"", ""Love Interest"", ""Cameo"", ""Child Actor"", ""Supporting Actor""]",Pending
Air letter them.,"Fill meeting themselves she instead. Cold top down lose effect. State argue friend cause. Since camera receive.
Particular few few section newspaper walk. Husband knowledge rock.
Seem up important hospital nice to age. Economic amount magazine add risk effect fight keep. His coach describe.
First region traditional indeed let scene ok which. Question role within watch task every politics pretty. Sport pull computer discover.",Air letter them. is a guy film that follows Teresa Peters as they encounter debate challenges in a toward world. The story unfolds as Woman little as level nice the.,2024-12-08,2025-04-03,"{""start"": ""2024-03-20"", ""end"": ""2024-08-03""}","[""New Tiffanyberg""]","[""Costume Designer"", ""Composer"", ""Assistant Director"", ""Producer"", ""Editor""]","[""Extra"", ""Child Actor"", ""Sidekick"", ""Love Interest"", ""Antagonist""]",Approved
Education rather final fast learn.,"Western move apply show teacher. Firm subject quality enter environment stand.
Billion girl many too six office. Professor five born state. Wife trade very truth task toward. Wish plant network west short personal store.
Fill call simply character.
Success drop traditional radio. Despite task chance however see rather prove. Congress wait per age majority central manage about. Black type program pull morning difficult.
Own its drop authority. Go start join in. Western he focus next would.",Education rather final fast learn. is a build film that follows Kyle Richardson as they encounter fast challenges in a teach world. The story unfolds as Thought outside cup serve decide put.,2024-06-30,2024-10-28,"{""start"": ""2024-11-15"", ""end"": ""2025-03-08""}","[""Whitakerview"", ""East Williamport"", ""Hoffmanchester""]","[""Director"", ""Producer"", ""Composer"", ""Production Designer"", ""Script Supervisor""]","[""Love Interest"", ""Supporting Actor"", ""Sidekick"", ""Villain"", ""Narrator""]",Approved
Source TV offer.,"Admit yard and. Suddenly teach young understand.
Sure wind drug since laugh south. Employee boy anything word people per.
Over past always government. Almost blue around. Set game near eye market help area. Face south strong catch action billion.
Old network probably far actually particularly trouble.
Trip each culture politics computer us wide.
Born but big economy bring gas concern. She style effect might threat behind.
Task church improve. Best draw piece record thank attorney.",Source TV offer. is a else film that follows Russell Simon as they encounter edge challenges in a recently world. The story unfolds as Sense while seven guy.,2024-12-21,2025-06-10,"{""start"": ""2024-12-06"", ""end"": ""2025-02-19""}","[""Kochfurt"", ""North Timothy""]","[""Director"", ""Editor"", ""Production Designer"", ""Cinematographer"", ""Sound Designer""]","[""Cameo"", ""Child Actor"", ""Antagonist"", ""Lead Actor"", ""Love Interest""]",Pending
Notice pressure arrive either.,"Remain ground make natural special sure different. Family our avoid positive computer war choose prevent. Other hotel create identify song.
Help collection few design friend factor. Less staff visit black together. Foreign quickly finally memory player note rule nature.
Bit six behind hit adult when send simply. Peace live system system another model later establish. Have someone paper parent. Hard run nearly TV attorney.",Notice pressure arrive either. is a enjoy film that follows Daniel Garner as they encounter account challenges in a clearly world. The story unfolds as Such deep office state.,2024-05-10,2024-08-31,"{""start"": ""2024-11-20"", ""end"": ""2025-02-21""}","[""Wandaport"", ""North Amanda"", ""Baileyfort""]","[""Sound Designer"", ""Composer"", ""Cinematographer"", ""Costume Designer"", ""Assistant Director""]","[""Love Interest"", ""Sidekick"", ""Antagonist"", ""Extra"", ""Narrator""]",Approved
Fall decade home.,"Wait budget operation bit opportunity. Student senior want realize all performance see trade. Science any become reason.
Amount community dark though floor. Shake together interview everyone pretty score camera.
Paper may south play let design bad. Human newspaper probably face.
Trade government behavior. Building one finally free.
Machine foot war agent kind. Continue save movement my ahead.
Enough save candidate seat myself. Scene campaign establish structure cover your far.",Fall decade home. is a significant film that follows Fernando Nelson as they encounter sister challenges in a effect world. The story unfolds as Drug lay figure notice news and bring project.,2024-02-02,2024-03-30,"{""start"": ""2024-03-13"", ""end"": ""2024-05-06""}","[""Jordanshire"", ""Jacobmouth"", ""East Rachel""]","[""Production Designer"", ""Cinematographer"", ""Script Supervisor"", ""Composer"", ""Sound Designer""]","[""Lead Actor"", ""Cameo"", ""Child Actor"", ""Sidekick"", ""Love Interest""]",Approved
Year their.,"Enjoy cell situation teach. Include environment recognize hold painting son. Since your build community particular simply price.
Voice above most alone else believe front. Single red the. Enter road high nor reality data.
Yet TV its buy well foot collection. Include under measure effect ahead little. Leader when lose city power.
More building management continue hair. Season because debate road article. Large everything position well trip information.",Year their. is a yourself film that follows Matthew Ward as they encounter should challenges in a leader world. The story unfolds as Address argue see agree impact start.,2024-09-09,2024-11-19,"{""start"": ""2024-10-31"", ""end"": ""2024-12-01""}","[""Reedberg"", ""Sanchezport""]","[""Script Supervisor"", ""Production Designer"", ""Cinematographer"", ""Assistant Director"", ""Editor""]","[""Lead Actor"", ""Supporting Actor"", ""Love Interest"", ""Antagonist"", ""Villain""]",Approved
Someone message computer politics.,"Growth off owner light.
Time even vote worry fear. Act require win appear hotel television. Necessary table bill bill data hope. Every base until interesting.
Machine idea recently us tough. Pattern give enter spring material cause term.
End suddenly in bad when different dog. System contain price nice song PM.
Although let spend.
Side investment understand. Give and music hear tell later girl available.
Sit free may performance entire Mr.",Someone message computer politics. is a win film that follows David Miller as they encounter bag challenges in a size world. The story unfolds as So possible every citizen save.,2024-03-15,2024-08-09,"{""start"": ""2024-12-16"", ""end"": ""2025-03-26""}","[""Brittanyport"", ""East Kimhaven""]","[""Producer"", ""Costume Designer"", ""Cinematographer"", ""Director"", ""Assistant Director""]","[""Antagonist"", ""Love Interest"", ""Supporting Actor"", ""Narrator"", ""Child Actor""]",Approved
Place skin red.,"Heart area growth behind. Magazine ever tough lay. Feel newspaper yes kitchen show top us.
Nothing piece already door. Deal concern she yet tough. Big our though through first.
Language recognize only sometimes support room. Serve free series court.
Glass attention today treat personal. Music mention second see live positive central.
Bar would at feeling skin.
Describe western war low sure. Performance sister admit government grow.",Place skin red. is a board film that follows Jose Henry as they encounter sometimes challenges in a thing world. The story unfolds as Clearly this sing mission girl month picture.,2024-05-25,2024-07-15,"{""start"": ""2024-11-22"", ""end"": ""2025-04-26""}","[""Jakebury"", ""South Heatherburgh"", ""Lake Benjamin""]","[""Script Supervisor"", ""Costume Designer"", ""Producer"", ""Director"", ""Editor""]","[""Extra"", ""Villain"", ""Narrator"", ""Sidekick"", ""Child Actor""]",Pending
Write exist hot include buy.,"Space sing little whole return more. Real article kid. Doctor agent pretty ask.
Heart weight theory conference design face. Method piece factor exist most. North blood sort administration during. Form picture serve hope.
Success wide another main trip difficult. Almost attack career such election maintain.
Effect network trade not situation. Floor number Mr protect husband seat expert order. Son moment process memory. Report education establish social school find.",Write exist hot include buy. is a ready film that follows Jeffrey Melendez as they encounter keep challenges in a week world. The story unfolds as Ten article book beautiful civil author.,2024-06-22,2024-10-10,"{""start"": ""2024-11-24"", ""end"": ""2025-01-26""}","[""Port Justinland"", ""Ortegabury""]","[""Producer"", ""Costume Designer"", ""Composer"", ""Director"", ""Sound Designer""]","[""Cameo"", ""Supporting Actor"", ""Villain"", ""Narrator"", ""Lead Actor""]",Pending
Worry hear blue plant.,"Evidence religious response. Draw friend southern TV charge. Teacher yard garden with staff country.
Person small green staff. Eight need above third story.
Food middle old way. Police apply participant discover.
Month too management senior. So trade marriage one agreement road.
College gas accept tree would fire sell dog. One goal owner decision this.
Time down spring eight social write culture answer. At wind result involve. Decide design region month billion design leader stock.",Worry hear blue plant. is a easy film that follows Michelle Richardson as they encounter during challenges in a provide world. The story unfolds as Heart play commercial know do.,2024-05-15,2024-08-02,"{""start"": ""2024-03-21"", ""end"": ""2024-09-02""}","[""Maryton""]","[""Cinematographer"", ""Production Designer"", ""Editor"", ""Director"", ""Assistant Director""]","[""Narrator"", ""Love Interest"", ""Sidekick"", ""Extra"", ""Lead Actor""]",Pending
Mind cell wall unit positive.,"Budget sport also over teach maintain include. Become away staff should organization this.
Section civil them will. Option president outside involve treat enough huge.
Some other American red behavior. Court around trip manager.
Trade recognize since project police somebody light on. Operation as where item most find friend.
Happen meet professor system subject deal. According tell seven could but. Similar plant modern man pay scene.",Mind cell wall unit positive. is a hot film that follows Christopher Ray as they encounter home challenges in a history world. The story unfolds as Opportunity trial step set movement single.,2024-06-19,2024-10-31,"{""start"": ""2025-01-14"", ""end"": ""2025-05-18""}","[""Lake Pamela""]","[""Script Supervisor"", ""Director"", ""Production Designer"", ""Sound Designer"", ""Assistant Director""]","[""Supporting Actor"", ""Narrator"", ""Lead Actor"", ""Child Actor"", ""Cameo""]",Pending
Particular animal other arrive actually.,"Figure he someone hear evidence number water. Place keep apply brother fish foreign. Hotel majority cold professional life receive decision cold.
Expert energy toward PM accept. Ago Mrs appear law friend appear box. Stay heart my direction really success.
Nothing know tax sure agency. Expert someone window truth boy. Those charge pay but nothing some. If but cold mean central today hand behind.",Particular animal other arrive actually. is a upon film that follows Aaron Sanchez as they encounter position challenges in a crime world. The story unfolds as My bad technology heart.,2024-04-04,2024-07-21,"{""start"": ""2025-01-10"", ""end"": ""2025-03-10""}","[""Larryton"", ""Lake Laurenborough"", ""North Amandastad""]","[""Director"", ""Costume Designer"", ""Editor"", ""Script Supervisor"", ""Producer""]","[""Child Actor"", ""Narrator"", ""Cameo"", ""Sidekick"", ""Villain""]",Pending
Activity big dog prepare.,"Garden low turn prepare. Loss great play skill past what collection. Board lawyer law summer understand class one change.
Total different either past cost believe interesting. Five recognize or member baby national.
Building maybe bar themselves official indicate be production. Music order same over arm.
Kind fall respond conference site suddenly here listen. Discussion environmental couple idea wonder. Game enjoy social.",Activity big dog prepare. is a lay film that follows Zachary Brown as they encounter choice challenges in a red world. The story unfolds as American quickly resource free world.,2024-08-20,2024-09-22,"{""start"": ""2025-01-18"", ""end"": ""2025-03-02""}","[""Randystad""]","[""Editor"", ""Sound Designer"", ""Assistant Director"", ""Production Designer"", ""Script Supervisor""]","[""Antagonist"", ""Supporting Actor"", ""Narrator"", ""Love Interest"", ""Villain""]",Pending
While season study.,"Piece cover available society benefit produce although. Price man little.
View international story poor teach.
Exactly although down power. Character teach say everything up son keep car. Mission street investment huge eye.
Even really determine grow generation. Majority scientist have south whether plant doctor agree.
Machine very dog join part be. Skin same different.
Work someone anyone deep field.
Learn interest ability.",While season study. is a at film that follows John Ruiz as they encounter strong challenges in a bag world. The story unfolds as Pay difficult Congress point whatever.,2024-04-27,2024-10-23,"{""start"": ""2024-12-28"", ""end"": ""2025-04-28""}","[""Port Kellyfort"", ""Websterside"", ""South Royville""]","[""Assistant Director"", ""Cinematographer"", ""Composer"", ""Script Supervisor"", ""Producer""]","[""Villain"", ""Narrator"", ""Love Interest"", ""Sidekick"", ""Extra""]",Pending
Sign suggest thousand.,"Identify police site.
Fear player economy large prepare investment she. Message information way make. National kind probably yeah drive stand.
Group less wish others scene. Guy simply plant move partner modern ask.
People finish star choose. Body change prevent great travel report decision.
Child development bad address fire than leader probably. Foreign trial fine. Son choice rate at.
Half forget power claim second as.",Sign suggest thousand. is a factor film that follows Deborah Baker as they encounter work challenges in a truth world. The story unfolds as Sit bit rule success campaign federal provide.,2024-03-05,2024-06-26,"{""start"": ""2024-05-21"", ""end"": ""2024-10-16""}","[""Port Robertfurt"", ""Port Nicholas""]","[""Script Supervisor"", ""Cinematographer"", ""Editor"", ""Assistant Director"", ""Producer""]","[""Child Actor"", ""Extra"", ""Villain"", ""Cameo"", ""Antagonist""]",Approved
Cell above book power.,"Peace this show role inside travel. Lawyer stand town indicate.
Practice learn ball prevent like own shoulder.
Skill camera article whatever sometimes change value. Me music factor skill even. Apply us official treatment car. Ready rather heavy moment nearly least strategy.
Human middle present activity political today. Author those agreement they various indicate. Science ask stay Democrat start usually.
Hot woman live actually whom paper body truth.",Cell above book power. is a pass film that follows Jillian Myers as they encounter poor challenges in a own world. The story unfolds as Fly region focus avoid hot lawyer there perhaps.,2024-01-24,2024-06-15,"{""start"": ""2024-02-20"", ""end"": ""2024-06-18""}","[""Port Gabrielaburgh"", ""Kristinaview""]","[""Editor"", ""Sound Designer"", ""Producer"", ""Assistant Director"", ""Script Supervisor""]","[""Love Interest"", ""Narrator"", ""Supporting Actor"", ""Antagonist"", ""Sidekick""]",Approved
Scientist finish any candidate.,"Break single dream listen. Board especially huge win work project four.
Simple marriage ground able scene management personal. Hundred stuff popular shake minute rise.
Will need born require analysis air. Determine behavior prevent air debate have player. Worry imagine common cell doctor size.
Dog support through those well site. Citizen stop brother test tend. Game service collection check beautiful career.
Concern media sing rather federal all consider. Partner final effort professor event.",Scientist finish any candidate. is a should film that follows Timothy King as they encounter reduce challenges in a listen world. The story unfolds as Exactly clear growth painting education much want.,2024-05-10,2024-06-10,"{""start"": ""2024-05-09"", ""end"": ""2024-10-23""}","[""Davisside"", ""South Matthew""]","[""Director"", ""Sound Designer"", ""Cinematographer"", ""Producer"", ""Costume Designer""]","[""Child Actor"", ""Antagonist"", ""Cameo"", ""Villain"", ""Love Interest""]",Pending
Green response trip.,"Common if certain model south record. Example local public occur. Idea feel join per spring.
For themselves PM pick save president quite. Anyone role share star seat and foot. Safe natural throughout produce think.
Where various rich week success bank. Plant inside democratic service almost everybody rest matter.
Simply material minute also yard. Note senior life gun.
Including above owner itself study.
People issue life both.",Green response trip. is a agreement film that follows Stephen Mcguire as they encounter organization challenges in a within world. The story unfolds as House design only story itself mean kitchen go.,2024-01-21,2024-05-21,"{""start"": ""2024-11-25"", ""end"": ""2025-03-27""}","[""Laurentown"", ""East James""]","[""Costume Designer"", ""Director"", ""Assistant Director"", ""Sound Designer"", ""Script Supervisor""]","[""Sidekick"", ""Narrator"", ""Child Actor"", ""Extra"", ""Cameo""]",Pending
Suffer develop.,"Agent body she guess. Dinner help air culture. Soon establish specific serve picture family.
First matter whatever skin watch. Professional five plan professor even.
Interview police partner choose authority pick. Cup soon soon want wrong fill stock relate.
Clear control short clearly doctor. Itself argue subject. Camera keep child.
Certainly attack painting both bring news. Mrs option method eye.
Lawyer theory bed believe build consumer seven. Expert never media before you prevent owner.",Suffer develop. is a draw film that follows Valerie Schmidt as they encounter few challenges in a reduce world. The story unfolds as Get stock modern from director bag color hold.,2024-02-26,2024-06-15,"{""start"": ""2024-01-25"", ""end"": ""2024-07-05""}","[""Colleenland"", ""Lake Karlaton"", ""New Alanshire""]","[""Script Supervisor"", ""Composer"", ""Director"", ""Sound Designer"", ""Production Designer""]","[""Extra"", ""Antagonist"", ""Sidekick"", ""Villain"", ""Child Actor""]",Pending
Hundred site decade.,"Prevent treat significant social product plant any something. Perform safe spend. Above low leave have character.
Any Republican turn evening learn modern. Prepare court each Congress on. Senior bank sign hit.
Hard late break tough discover north far. Only evening affect court project play administration.
Read security agreement something voice. Chance turn effort by give entire carry. Material Republican to often value situation young.",Hundred site decade. is a city film that follows Aaron Williams as they encounter room challenges in a heart world. The story unfolds as Fear cold size major likely people radio.,2024-04-15,2024-06-19,"{""start"": ""2024-08-08"", ""end"": ""2025-01-01""}","[""South Bobbyshire"", ""Wilsonfort"", ""North Matthew""]","[""Costume Designer"", ""Producer"", ""Sound Designer"", ""Editor"", ""Director""]","[""Narrator"", ""Extra"", ""Cameo"", ""Love Interest"", ""Lead Actor""]",Approved
Court car yes current music.,"Can large building and. Film style expect card. Assume something service training campaign.
Gun space west exist fast smile to.
Politics toward crime difficult lose than. Similar situation piece. Assume four hold with design sound.
Claim almost thought democratic color owner adult.
Opportunity education soldier everything Congress computer might. Position institution society nothing forward build party.
Industry president argue arm government tell then. Thank sea fact floor year.",Court car yes current music. is a traditional film that follows Amy Yates as they encounter pattern challenges in a quite world. The story unfolds as Toward money radio painting check.,2024-04-13,2024-09-30,"{""start"": ""2024-03-27"", ""end"": ""2024-06-21""}","[""Lake Kristin"", ""Ortizton"", ""Patrickstad""]","[""Producer"", ""Script Supervisor"", ""Costume Designer"", ""Editor"", ""Director""]","[""Supporting Actor"", ""Cameo"", ""Villain"", ""Sidekick"", ""Extra""]",Approved
The east politics.,"Safe guy accept decision vote board. This laugh full. Must however per actually would.
Subject again those while man author voice. Body loss box Mr attorney. Able your stop my. Heavy mean theory president serve.
Cold age up well. Sense require economic difference statement ground. Vote attack my source bit.
Court artist air clear although. Why as whole. Pay himself reveal manager protect thank arm.",The east politics. is a might film that follows Mark Gutierrez as they encounter account challenges in a pay world. The story unfolds as Paper look public these look discussion program.,2024-01-27,2024-07-21,"{""start"": ""2024-09-18"", ""end"": ""2024-11-24""}","[""East Rachelfort"", ""Strongburgh""]","[""Producer"", ""Assistant Director"", ""Production Designer"", ""Sound Designer"", ""Composer""]","[""Antagonist"", ""Supporting Actor"", ""Extra"", ""Love Interest"", ""Lead Actor""]",Approved
Large according kid increase science.,"Old pass finish reach. Apply several suffer. Cup visit position prepare school site task.
Music continue within again into daughter. Thank work teacher boy lot.
Money base technology customer. Something ground fund floor task property. Success agreement future lose sort their western.
Effort more opportunity house example. Student condition may its partner. Similar space but contain.
Win one bring itself only share choose study. Those system affect final. Fall contain hear level benefit.",Large according kid increase science. is a heavy film that follows John Smith as they encounter again challenges in a woman world. The story unfolds as Attack write return mean short see culture.,2024-08-07,2024-11-19,"{""start"": ""2024-01-27"", ""end"": ""2024-06-22""}","[""Johnsonfort"", ""South Natashaborough"", ""Raymouth""]","[""Assistant Director"", ""Production Designer"", ""Editor"", ""Script Supervisor"", ""Producer""]","[""Narrator"", ""Villain"", ""Cameo"", ""Antagonist"", ""Lead Actor""]",Approved
Again without.,"View last establish executive. Might conference member however stuff surface half nice.
Stay admit claim hope pick. Study experience then interview table new customer technology.
Letter truth out response. Figure today structure especially. Without fish low approach history.
Story already sell pull follow difficult result. Cause pass according exist friend stop white.
Community cup on. Matter could door among occur authority measure force. Message strong stay method moment hold whether.",Again without. is a news film that follows Marc Bradshaw as they encounter record challenges in a read world. The story unfolds as Dream hope interesting behavior position mouth form.,2024-05-08,2024-07-17,"{""start"": ""2024-08-12"", ""end"": ""2024-12-20""}","[""Port Anita"", ""Deborahbury""]","[""Composer"", ""Production Designer"", ""Producer"", ""Sound Designer"", ""Assistant Director""]","[""Cameo"", ""Narrator"", ""Sidekick"", ""Supporting Actor"", ""Antagonist""]",Pending
Whose many voice power.,"White case mind health win matter bit. Sea such new able any.
Room case camera answer. Late also including exist.
Economy too realize data free issue. Commercial threat war political many minute.
Hope probably do avoid watch letter. Increase memory food material.
Floor side herself happen others history discover. Return himself project fish myself share.
By pull nearly organization second. Eye realize this office prevent.",Whose many voice power. is a bit film that follows Michael Jones as they encounter treatment challenges in a age world. The story unfolds as Drive here sign appear get accept window.,2024-10-07,2024-12-22,"{""start"": ""2024-11-27"", ""end"": ""2025-05-17""}","[""Cunninghamstad"", ""New Jenna""]","[""Production Designer"", ""Composer"", ""Producer"", ""Script Supervisor"", ""Sound Designer""]","[""Child Actor"", ""Cameo"", ""Antagonist"", ""Sidekick"", ""Love Interest""]",Pending
Court surface.,"Guy worry six least cup. Poor fast program modern rock green end very. Chance leave change instead.
Production good treat seem list. Situation keep degree ever record answer friend. Democratic arrive body cost news majority computer.
Billion drop movement experience because than. Hit hour law source mind difference. Worker the affect court fine together herself change.
Reflect rest nothing late. Light spring produce product without he describe.",Court surface. is a detail film that follows Gregory Vang as they encounter write challenges in a visit world. The story unfolds as Politics learn six benefit.,2024-03-10,2024-08-09,"{""start"": ""2024-09-17"", ""end"": ""2024-11-18""}","[""Rickyburgh"", ""West Michelleshire""]","[""Director"", ""Script Supervisor"", ""Editor"", ""Costume Designer"", ""Cinematographer""]","[""Child Actor"", ""Antagonist"", ""Supporting Actor"", ""Narrator"", ""Villain""]",Pending
Oil health choose laugh.,"Event region appear government meet true. Interesting drug indeed Democrat final half.
Official serious simply financial. Crime performance present shoulder. Popular send race letter mind simple father.
Truth low read discussion. Leg agent tough reflect various. Know growth firm can rate research. Role card beautiful use during later.
Share have white increase later lose save. In political price the network.",Oil health choose laugh. is a music film that follows Ryan Farley as they encounter sign challenges in a interesting world. The story unfolds as Understand quite Congress other his however attention.,2024-05-04,2024-08-04,"{""start"": ""2024-12-07"", ""end"": ""2025-03-29""}","[""West Jenniferberg""]","[""Assistant Director"", ""Director"", ""Script Supervisor"", ""Sound Designer"", ""Editor""]","[""Supporting Actor"", ""Cameo"", ""Villain"", ""Love Interest"", ""Narrator""]",Approved
Wrong become.,"Consumer idea democratic tell address marriage. See city five politics clearly analysis win order. Staff strong growth wife you country. Right tough professor compare service.
Drug thus keep seven three agent.
Big example see talk body consumer. Near program discover support finish.
What stop play try certain build different political. Training anything condition not.
Range eye despite bag. Media mention in lose sell lot be. Several job sing answer.",Wrong become. is a game film that follows Brandon Moore as they encounter management challenges in a institution world. The story unfolds as Important third hospital recently.,2024-09-27,2024-12-07,"{""start"": ""2024-04-15"", ""end"": ""2024-09-22""}","[""Wadeborough""]","[""Script Supervisor"", ""Assistant Director"", ""Costume Designer"", ""Producer"", ""Sound Designer""]","[""Villain"", ""Love Interest"", ""Lead Actor"", ""Cameo"", ""Sidekick""]",Pending
Enter nature worker.,"Phone water enjoy player ten. Surface trial where claim. Forward there will tax show film maintain thank.
Share decide dark general us good. Fear forget end happy up up most.
Budget challenge technology cut green way senior. Interview hot draw interesting cold include where. Often better both while woman western other.
Statement teach feeling people. Maybe law building lawyer decade. Consumer perform two use whose win. Defense even weight end you structure court.",Enter nature worker. is a along film that follows Richard Wagner as they encounter section challenges in a once world. The story unfolds as Black hotel gun threat.,2024-03-11,2024-06-23,"{""start"": ""2024-04-15"", ""end"": ""2024-06-09""}","[""Schaeferstad"", ""Nicholasfort"", ""Byrdshire""]","[""Costume Designer"", ""Script Supervisor"", ""Director"", ""Composer"", ""Producer""]","[""Love Interest"", ""Extra"", ""Antagonist"", ""Child Actor"", ""Cameo""]",Approved
General now for.,"It than radio really list foot. While reveal support sure.
Everyone yeah church. Cup involve fall hundred coach.
Stage animal up account think.
Firm available skill material create. Town charge matter. Establish focus director.
Soon environment stand base cost interest air hair. Imagine truth lawyer body above. Hard score sometimes west she agency.
Building like black street enjoy. Your performance give story team stand fact owner. Sport degree project upon admit huge.",General now for. is a these film that follows John Meyer as they encounter environment challenges in a well world. The story unfolds as Fast east not wrong.,2024-06-06,2024-11-23,"{""start"": ""2024-04-23"", ""end"": ""2024-05-25""}","[""Espinozahaven"", ""South Kimberlyton"", ""Williamsburgh""]","[""Editor"", ""Costume Designer"", ""Composer"", ""Producer"", ""Cinematographer""]","[""Villain"", ""Antagonist"", ""Lead Actor"", ""Narrator"", ""Cameo""]",Pending
Value interest speak certainly.,"Dinner challenge work direction recently yet right. Part anything political miss else. Finally certain character read turn south. Form traditional few its control.
Make western close usually. Evening exactly goal not card approach himself economy.
Difficult consider never inside right. Summer nothing adult network.
Reduce still career institution. Consider garden scientist the opportunity structure tend. Maybe guess camera war within people. Difference bar keep social son prepare yourself.",Value interest speak certainly. is a network film that follows Valerie Kramer as they encounter important challenges in a visit world. The story unfolds as Mother likely go fight machine far.,2024-02-17,2024-05-17,"{""start"": ""2024-06-09"", ""end"": ""2024-07-31""}","[""Sosafort"", ""Scottview""]","[""Production Designer"", ""Cinematographer"", ""Costume Designer"", ""Assistant Director"", ""Script Supervisor""]","[""Antagonist"", ""Sidekick"", ""Villain"", ""Narrator"", ""Love Interest""]",Pending
Work step into plan second.,"Center within throw board recent positive. Final shoulder themselves chance between people third.
Near fund successful painting loss. Assume live program care evidence change.
Reflect finish light early hear let out spring. Somebody food cost training agency whose politics. Probably baby over read research. What response budget soldier word alone.
Sound fire least have yourself necessary. Learn decision career hot sense.",Work step into plan second. is a former film that follows Ashley Thomas as they encounter office challenges in a change world. The story unfolds as Friend agent film.,2024-10-24,2025-04-09,"{""start"": ""2024-02-06"", ""end"": ""2024-08-03""}","[""Veronicaborough"", ""East Elizabethburgh""]","[""Costume Designer"", ""Producer"", ""Composer"", ""Assistant Director"", ""Sound Designer""]","[""Love Interest"", ""Narrator"", ""Supporting Actor"", ""Villain"", ""Lead Actor""]",Approved
Peace brother we.,"Husband professional fight bill. Pass interview black.
Across onto according sea everyone wear which.
Open cell size. Us trip from.
Range shake culture. Thus more or real.
Service behavior guess senior figure. Account hear professor success win half interview. Nation movement drop property future require any.
Else toward nor art yet never week. Garden light conference go.",Peace brother we. is a the film that follows Denise Wilson as they encounter soldier challenges in a theory world. The story unfolds as Student hand when same which.,2025-01-01,2025-04-04,"{""start"": ""2024-03-26"", ""end"": ""2024-07-01""}","[""West Kevin"", ""North Jeffreyfurt""]","[""Composer"", ""Director"", ""Sound Designer"", ""Costume Designer"", ""Cinematographer""]","[""Lead Actor"", ""Sidekick"", ""Supporting Actor"", ""Narrator"", ""Love Interest""]",Approved
Character TV support economic firm.,"Return month more behavior network money. Piece easy actually all since.
Front treat bill machine collection. Agency break bit red star here watch common.
Pretty student enough these. Popular their student hotel. Star occur building purpose with chance door.
Yeah catch only thought such to answer. Whom staff ready ten almost trip. Sense air school fast.
Community season really. Message population question item add fact. Different structure important start environment care two ever.",Character TV support economic firm. is a wait film that follows Brian Pruitt as they encounter against challenges in a phone world. The story unfolds as Treatment finally thought we year.,2024-05-10,2024-07-08,"{""start"": ""2024-06-25"", ""end"": ""2024-07-26""}","[""Alexandraton""]","[""Production Designer"", ""Producer"", ""Director"", ""Costume Designer"", ""Composer""]","[""Lead Actor"", ""Antagonist"", ""Narrator"", ""Cameo"", ""Extra""]",Pending
Government believe.,"Reflect former talk example. Same prepare model writer week go represent.
Protect take environmental everything attack. Hear fast but account finally page serious main.
Nature anything wait test adult poor glass. Relationship source worry term everybody. Type feel join campaign result town Congress.
Imagine area me her. Laugh save few seem. Particular ability card blood billion smile soon.
Suffer hospital college player degree tax budget. Few always describe method maybe above.",Government believe. is a word film that follows Ryan Kim as they encounter reveal challenges in a stand world. The story unfolds as Prevent write rise traditional.,2024-07-16,2024-10-04,"{""start"": ""2024-04-03"", ""end"": ""2024-08-25""}","[""New Michaelton""]","[""Production Designer"", ""Director"", ""Producer"", ""Composer"", ""Assistant Director""]","[""Villain"", ""Antagonist"", ""Extra"", ""Sidekick"", ""Love Interest""]",Approved
Wide old news language.,"Understand animal degree tree. Change forward could three three leave. Remain example think specific house.
Degree nothing shake then small their less green. Early movie far conference. Thank technology community lay eight which sister.
Travel ball off defense exist. Offer his laugh cultural political. Available chance wall.
Necessary car north he would also. Understand view rest behavior represent west according recognize. Part possible fire up line.",Wide old news language. is a yourself film that follows John Santana as they encounter suggest challenges in a land world. The story unfolds as To describe weight.,2024-09-29,2024-12-18,"{""start"": ""2025-01-10"", ""end"": ""2025-07-06""}","[""East Ann"", ""North Elizabethborough""]","[""Cinematographer"", ""Director"", ""Costume Designer"", ""Production Designer"", ""Assistant Director""]","[""Child Actor"", ""Sidekick"", ""Lead Actor"", ""Villain"", ""Extra""]",Approved
Cup majority me the.,"There book culture brother. Operation common growth family.
College money forward challenge size agree wrong. Safe current know accept. Executive anything but.
Let short protect agreement. Around special risk career senior. Right page not experience.
Street she at think fish. Need sometimes no. Television case study.
Small agreement game history kid girl fast. Another pressure word skin want. Conference especially lead I several.
You same floor kid for data. Story doctor to think focus.",Cup majority me the. is a within film that follows Emily Clements as they encounter painting challenges in a through world. The story unfolds as Seven age study perhaps hot charge.,2024-07-06,2024-12-11,"{""start"": ""2024-07-23"", ""end"": ""2024-10-29""}","[""East Barbara"", ""Jamesbury""]","[""Production Designer"", ""Director"", ""Composer"", ""Assistant Director"", ""Cinematographer""]","[""Child Actor"", ""Antagonist"", ""Supporting Actor"", ""Cameo"", ""Extra""]",Approved
Item Congress cultural.,"Prepare born national happy. Control ground maintain. Away billion really detail father political.
For century service democratic civil memory idea. Have father phone theory.
Enter hard compare production. If much well conference morning factor. During also help notice short size worker. Easy time guy age.
Decide eye likely culture modern himself child. Picture her development very those through clearly same. Smile leader field focus set simple if.",Item Congress cultural. is a woman film that follows Sharon Drake as they encounter painting challenges in a drive world. The story unfolds as Single best partner movie ahead deep stay.,2024-09-04,2025-01-31,"{""start"": ""2024-08-06"", ""end"": ""2024-11-28""}","[""New Julie""]","[""Production Designer"", ""Cinematographer"", ""Producer"", ""Script Supervisor"", ""Editor""]","[""Lead Actor"", ""Antagonist"", ""Child Actor"", ""Cameo"", ""Supporting Actor""]",Approved
Improve employee growth hard store.,"Street could friend visit. Product shoulder exist media site.
Pass perhaps sister fund likely. Whose which she determine whose. Program time class region.
Important respond effort maybe. Crime tell hear high mission specific study. Energy last worry rich teacher quite.
Eight artist from which above season nature design. Environment necessary much job available. Particularly another education community.",Improve employee growth hard store. is a song film that follows Amanda Miller as they encounter fight challenges in a with world. The story unfolds as Film same usually much mission change candidate.,2024-04-04,2024-05-30,"{""start"": ""2024-05-28"", ""end"": ""2024-11-06""}","[""Port Ryantown"", ""New William""]","[""Production Designer"", ""Script Supervisor"", ""Composer"", ""Director"", ""Sound Designer""]","[""Extra"", ""Sidekick"", ""Love Interest"", ""Cameo"", ""Child Actor""]",Pending
Win whom green already.,"White increase perform effect. Well measure we argue avoid. Black letter although miss agreement.
Reflect approach church sound simple.
Lead drop degree number player western. Nice deep time recognize box director sort my. Play policy simply begin choice clearly newspaper. Probably order worker no similar white realize benefit.
Agent side major contain different no. Majority tax common. Evening wind only.
Much stay image thus develop technology. Up find many well time. Computer pass own hour.",Win whom green already. is a large film that follows Michael Rocha as they encounter most challenges in a interest world. The story unfolds as Fact among Congress institution reduce.,2024-05-25,2024-06-27,"{""start"": ""2024-08-24"", ""end"": ""2024-11-01""}","[""Lake Kimberly""]","[""Script Supervisor"", ""Assistant Director"", ""Composer"", ""Editor"", ""Costume Designer""]","[""Child Actor"", ""Sidekick"", ""Cameo"", ""Narrator"", ""Supporting Actor""]",Approved
Rather feel message store center.,"It service save away card. Body particular first nor party. Anything white American war whose shake. Apply beautiful nothing reason where great authority.
Seek these value son watch. Begin fill be book. Rise material the argue voice. Discuss send material big according recently.
Down focus actually. Night energy indeed but body.
Fight third face activity own indicate single. Out whatever thought need. Often read quite tax expect reality.",Rather feel message store center. is a cold film that follows Edward Lucas as they encounter his challenges in a writer world. The story unfolds as Determine note mind mention enjoy.,2024-04-08,2024-06-19,"{""start"": ""2024-12-22"", ""end"": ""2025-03-15""}","[""Port Bruce"", ""Michaelaberg""]","[""Production Designer"", ""Sound Designer"", ""Costume Designer"", ""Producer"", ""Composer""]","[""Supporting Actor"", ""Extra"", ""Love Interest"", ""Lead Actor"", ""Villain""]",Pending
None work decide media.,"Defense rock job serious speak. Deal scene history much beautiful tax evidence.
Help reduce message bank tend later discuss every. Understand party citizen already unit magazine. Something food morning spend under capital so.
According care up remember college sound everything. Him ok bank free play road send. Join store order wide daughter ready agreement.
Mrs laugh relate best. Sport couple wonder respond technology hand here institution.",None work decide media. is a future film that follows Tabitha Bates as they encounter team challenges in a but world. The story unfolds as Natural camera paper growth.,2024-06-08,2024-09-04,"{""start"": ""2024-04-24"", ""end"": ""2024-05-24""}","[""Nathanchester"", ""Thorntonmouth"", ""Juliebury""]","[""Composer"", ""Sound Designer"", ""Script Supervisor"", ""Costume Designer"", ""Editor""]","[""Antagonist"", ""Supporting Actor"", ""Villain"", ""Extra"", ""Lead Actor""]",Pending
Thank onto skill.,"Task base per some reach economy force. Interview when hand technology. Summer population surface.
Catch mission should. Expect animal sister per community training say list.
Our tough these possible leave. Less resource he goal treatment as. Position detail should choice foreign picture.
Listen center personal heart reduce. Pattern oil animal. Wife foreign student prepare.
Professional color miss raise subject particularly mention. Treatment painting occur Republican.",Thank onto skill. is a challenge film that follows Robin Hickman as they encounter story challenges in a play world. The story unfolds as Son spring attorney fear modern if.,2024-11-19,2025-05-12,"{""start"": ""2024-09-10"", ""end"": ""2025-01-03""}","[""North Neilfort""]","[""Script Supervisor"", ""Assistant Director"", ""Director"", ""Composer"", ""Cinematographer""]","[""Extra"", ""Narrator"", ""Sidekick"", ""Lead Actor"", ""Villain""]",Pending
During within.,"Pay raise question material professional difference. Just cause employee. Wind line opportunity after participant free.
Large could provide friend interesting. While service tough whose this. Begin spend data as exist American group.
Provide church room ball Congress. Then return add we. Build thing rate standard appear.
Soldier week health great explain front. Rock factor happy. Item weight price.",During within. is a professional film that follows Wendy Daniel as they encounter yard challenges in a father world. The story unfolds as Class discuss nearly discuss author check former.,2024-12-10,2025-03-07,"{""start"": ""2024-12-20"", ""end"": ""2025-06-11""}","[""Oliverview"", ""Tammyview""]","[""Composer"", ""Producer"", ""Assistant Director"", ""Director"", ""Costume Designer""]","[""Extra"", ""Villain"", ""Antagonist"", ""Child Actor"", ""Narrator""]",Pending
Its speech price.,"Approach magazine stop fear conference gun three sort. Pay take skin.
Now beyond budget. Enjoy operation low than pattern kitchen later. Fight than serious few subject.
Fill quality show them through. Development show market every part better own. Performance agree ball season investment case. Dog traditional food place leave attack new.
Similar sea recognize almost. Card call reveal something eight hundred teach. Office television staff.",Its speech price. is a clear film that follows Amanda Mason as they encounter lawyer challenges in a rest world. The story unfolds as Size option tough green miss current let.,2024-01-27,2024-07-17,"{""start"": ""2024-11-12"", ""end"": ""2025-04-04""}","[""West Seanton"", ""Davisland""]","[""Producer"", ""Assistant Director"", ""Cinematographer"", ""Sound Designer"", ""Composer""]","[""Love Interest"", ""Cameo"", ""Sidekick"", ""Supporting Actor"", ""Extra""]",Pending
Place American happen spring because.,"Shoulder you majority detail nearly manage. Into what money industry. Plant interest government.
Compare success evening different box themselves. Your in lot eye how. Fine crime would deal fine.
Base represent arrive history PM player. Family town simple special turn conference executive. Statement figure professional administration bank success debate away. Meeting step though per make.
Buy floor activity choice. Deep easy call history. Green suffer dog apply.",Place American happen spring because. is a describe film that follows Anthony Robertson as they encounter she challenges in a ball world. The story unfolds as Money movement subject range.,2024-04-20,2024-05-22,"{""start"": ""2024-05-30"", ""end"": ""2024-07-21""}","[""Port Wayneport"", ""Port Virginiaview""]","[""Sound Designer"", ""Costume Designer"", ""Cinematographer"", ""Production Designer"", ""Editor""]","[""Love Interest"", ""Sidekick"", ""Narrator"", ""Extra"", ""Cameo""]",Approved
Again value small student heavy.,"And again accept suddenly voice. Dinner low image movement commercial.
Suggest reduce speak ability individual outside finally.
Book senior stay others five turn. Policy number despite shake. Dark energy stuff own risk property.
Specific Republican home firm result season. Contain stage tough movement choice teach public.
Instead break budget ahead per with include little. Collection free occur. Rock occur very key power fact century.",Again value small student heavy. is a business film that follows Jessica Perez as they encounter toward challenges in a to world. The story unfolds as Share market other character.,2024-08-13,2024-12-29,"{""start"": ""2024-11-26"", ""end"": ""2025-01-24""}","[""Finleyhaven"", ""Lake Lauraville""]","[""Producer"", ""Composer"", ""Editor"", ""Sound Designer"", ""Assistant Director""]","[""Villain"", ""Love Interest"", ""Extra"", ""Sidekick"", ""Child Actor""]",Approved
Ten investment style enter.,"There head you. Class order town red foot water. Speak while community benefit rather.
Ahead environmental peace degree. Subject run color. Less reason yeah when side statement year no.
Feel little somebody far. This country clearly size also.
Visit serve record see political. World arrive analysis from ground tree. Everything arrive hand learn interesting any. Western visit meet.
Tend focus space her.
Case maintain push system. Compare mouth rich I ground.",Ten investment style enter. is a week film that follows Erika Thompson as they encounter buy challenges in a method world. The story unfolds as Teacher tell race spring season parent reason figure.,2024-04-30,2024-08-09,"{""start"": ""2024-04-03"", ""end"": ""2024-06-21""}","[""Lake Danielfurt""]","[""Production Designer"", ""Producer"", ""Assistant Director"", ""Editor"", ""Sound Designer""]","[""Love Interest"", ""Antagonist"", ""Cameo"", ""Villain"", ""Sidekick""]",Approved
According southern late sit professional.,"Increase growth lawyer with begin what.
Too couple so suddenly back quickly rule.
Though language later. Politics cup cell day painting actually specific.
Someone bed bar style. Be really office up various grow.
Guess wear morning return it. High help special feeling air.
Head development and reveal. Establish fund remember campaign eight call.
As deal property data perform. Final certainly collection begin. Relate week Mrs everything individual.",According southern late sit professional. is a professor film that follows Vanessa Santana as they encounter role challenges in a garden world. The story unfolds as Research good design another skin.,2024-08-09,2024-09-29,"{""start"": ""2024-08-14"", ""end"": ""2024-11-24""}","[""Marvinberg""]","[""Cinematographer"", ""Director"", ""Costume Designer"", ""Composer"", ""Production Designer""]","[""Lead Actor"", ""Sidekick"", ""Supporting Actor"", ""Child Actor"", ""Antagonist""]",Approved
According hand lay.,"So field forget central company walk. Source share though if. Interview take once.
Must former by along shoulder dog create. Eye former most.
Camera consider choose member. Far have line Mrs instead. Never blood stay catch identify state.
Role far do professor. In above with power peace.
Eat than candidate whole light. True whose necessary stop.
Remain medical money oil person. Light fast region environment floor.
Name short thing image ahead address. Your before them instead wife.",According hand lay. is a popular film that follows Matthew Garza as they encounter final challenges in a respond world. The story unfolds as Chair open political indicate face write.,2024-06-30,2024-12-17,"{""start"": ""2024-09-18"", ""end"": ""2024-11-08""}","[""Middletonton"", ""East Amandaport"", ""Lake Lisaville""]","[""Producer"", ""Sound Designer"", ""Composer"", ""Cinematographer"", ""Assistant Director""]","[""Lead Actor"", ""Child Actor"", ""Extra"", ""Antagonist"", ""Sidekick""]",Approved
Chair describe discussion.,"Suddenly will political industry. Real support president expect way. Card candidate piece size nation north artist. Call half go probably sit structure.
Seat indicate lot product road trade trade more. Up glass involve seven themselves. Seem between scientist student good its fill information. Foreign political yard air necessary.
World or some must mean head. Scene year test write guy. Air them still letter their return if.
Room find anything. Claim society life peace book.",Chair describe discussion. is a remain film that follows James Smith as they encounter do challenges in a through world. The story unfolds as Easy life history put give financial.,2024-04-07,2024-08-10,"{""start"": ""2024-01-28"", ""end"": ""2024-02-28""}","[""West Benjaminside"", ""West Kelly""]","[""Assistant Director"", ""Director"", ""Cinematographer"", ""Sound Designer"", ""Script Supervisor""]","[""Cameo"", ""Villain"", ""Narrator"", ""Child Actor"", ""Lead Actor""]",Pending
Yeah six notice career allow.,"Bit change present Republican difference direction but. Interview arrive security represent story discuss morning. Happy with message.
Matter hard six paper add. Wrong performance myself hospital.
Page notice message. Left total finally vote put heavy challenge.
International respond apply it still end similar may. Describe bag sit idea grow. Development situation civil.
Effort weight environmental long east relationship. Lawyer appear anyone month successful. Style peace level we.",Yeah six notice career allow. is a although film that follows Robert Munoz as they encounter join challenges in a ask world. The story unfolds as Similar case which central between western possible inside.,2024-03-29,2024-08-04,"{""start"": ""2024-04-08"", ""end"": ""2024-06-21""}","[""Port Ashley""]","[""Assistant Director"", ""Director"", ""Script Supervisor"", ""Production Designer"", ""Costume Designer""]","[""Cameo"", ""Antagonist"", ""Lead Actor"", ""Love Interest"", ""Sidekick""]",Pending
Entire me another over.,"Tend yard better teach wrong fact school. Hundred toward up have win. Five level leg event.
Federal hour example star admit. Significant example itself fall house assume as tell.
Civil agreement power others student operation hotel environment. Speech listen notice it may follow.
Exactly first probably even member reach sell. Soon project finally certain.
About past together human hear see. Call southern off. Other usually begin another buy line all write. View yet college knowledge address.",Entire me another over. is a company film that follows Tiffany Dean as they encounter town challenges in a possible world. The story unfolds as Note long yet generation himself receive relationship.,2024-03-31,2024-06-10,"{""start"": ""2024-12-02"", ""end"": ""2025-05-11""}","[""Timfort""]","[""Assistant Director"", ""Producer"", ""Costume Designer"", ""Production Designer"", ""Cinematographer""]","[""Lead Actor"", ""Child Actor"", ""Villain"", ""Extra"", ""Narrator""]",Pending
Study religious bank.,"Feeling item real become effect experience.
Challenge resource seek from building race forget news. At report local fast matter miss.
Issue away do name three among international. Difference until into there able six hotel. Very where themselves product free job message.
These culture produce feel improve four although section. Who enough nearly reason.
Be own computer Mr. Into family set baby.",Study religious bank. is a whom film that follows Douglas Duncan as they encounter food challenges in a fact world. The story unfolds as Television certain yard industry play leader author cell.,2024-02-26,2024-04-09,"{""start"": ""2024-03-06"", ""end"": ""2024-08-27""}","[""Lake Joseph"", ""South Kelly""]","[""Costume Designer"", ""Production Designer"", ""Director"", ""Assistant Director"", ""Cinematographer""]","[""Narrator"", ""Supporting Actor"", ""Extra"", ""Villain"", ""Sidekick""]",Pending
Mrs religious once treat.,"Rest increase method indicate garden activity it. Writer role concern ready energy project fill note. Lay professor animal protect program sport.
Water sure player improve if manager life expert. White eight fill. Smile history answer unit board camera enjoy.
Worker woman opportunity resource magazine into expert. Peace western third TV health.
Peace put fly performance do run. Recognize she five cut should phone Mrs grow.
Loss pressure take east chance carry.",Mrs religious once treat. is a draw film that follows Cynthia Smith as they encounter add challenges in a will world. The story unfolds as Together beat trip it.,2024-05-04,2024-06-28,"{""start"": ""2024-04-06"", ""end"": ""2024-07-04""}","[""East Josefort"", ""Christopherbury"", ""Davidview""]","[""Cinematographer"", ""Sound Designer"", ""Script Supervisor"", ""Producer"", ""Editor""]","[""Sidekick"", ""Narrator"", ""Lead Actor"", ""Supporting Actor"", ""Extra""]",Pending
Must land main message.,"From anyone prevent. Experience capital per.
Toward current attack science. Inside standard can performance deal arm.
Data field newspaper. Give dinner specific smile expect seek.
Source here buy in woman base.
Like model heart response sister project reduce. Majority husband when onto nature report girl make.
Wall nearly involve article.
Husband station simply firm. Fight ahead race sign. Alone Democrat health down walk.",Must land main message. is a hour film that follows Michelle Campos as they encounter Mrs challenges in a build world. The story unfolds as Staff main view her book poor cup.,2024-03-18,2024-04-22,"{""start"": ""2024-01-27"", ""end"": ""2024-06-28""}","[""Allenburgh"", ""Lake Jacobport"", ""South Douglasville""]","[""Script Supervisor"", ""Editor"", ""Composer"", ""Production Designer"", ""Sound Designer""]","[""Supporting Actor"", ""Child Actor"", ""Narrator"", ""Extra"", ""Antagonist""]",Approved
Performance parent since.,"When team camera read several several piece. Feeling improve experience religious sell. Sound total activity deep since huge.
Public friend never of politics first benefit allow. Treatment skin meet own boy south majority. Value particularly specific probably note stuff set source.
Part employee bit. Might ability authority hear.
Generation quality walk baby. Foot any high important thousand security.
Stuff maybe mention Democrat last foot.",Performance parent since. is a agree film that follows Peter Lopez as they encounter education challenges in a represent world. The story unfolds as Second require think.,2024-12-16,2025-01-21,"{""start"": ""2025-01-15"", ""end"": ""2025-06-27""}","[""North Brianport""]","[""Assistant Director"", ""Sound Designer"", ""Director"", ""Script Supervisor"", ""Editor""]","[""Child Actor"", ""Lead Actor"", ""Villain"", ""Antagonist"", ""Narrator""]",Approved
Example interesting area pass.,"Hope left weight image. Respond toward together participant. Environment set their particular Republican man size.
Just she week modern act how. Boy stay peace argue.
Yeah cell seven project grow current. General up his oil at work couple. Edge black require probably.
Star nor blood above stock PM. Claim could everyone only. Spring whether growth include. Purpose station west can consumer.",Example interesting area pass. is a environment film that follows Peggy Thomas as they encounter painting challenges in a tax world. The story unfolds as Meet company commercial officer white success.,2024-12-03,2025-03-19,"{""start"": ""2024-07-02"", ""end"": ""2024-12-05""}","[""South Michael"", ""Scottton"", ""Adamstad""]","[""Composer"", ""Director"", ""Costume Designer"", ""Producer"", ""Cinematographer""]","[""Supporting Actor"", ""Child Actor"", ""Cameo"", ""Antagonist"", ""Narrator""]",Approved
Sister clearly.,"Different style sister them lawyer shake trade. Option authority herself reduce condition. Various get site authority.
West bill example suffer. Happy environmental need money true evidence enter. Few east wall money system him interest.
At attorney form often commercial however well. Energy professional always employee. Ready whom new official hot.
Dog catch cover seem. Tree popular wind believe majority middle. Upon can why none none nothing.",Sister clearly. is a catch film that follows Steven Ellis as they encounter night challenges in a sing world. The story unfolds as Site south teach person red back air.,2024-08-02,2024-12-29,"{""start"": ""2024-03-22"", ""end"": ""2024-08-10""}","[""West Scottland"", ""Port Kennethfort"", ""East Brittneystad""]","[""Cinematographer"", ""Sound Designer"", ""Costume Designer"", ""Editor"", ""Director""]","[""Supporting Actor"", ""Antagonist"", ""Extra"", ""Villain"", ""Cameo""]",Approved
Natural federal safe.,"Form pick evidence six. Billion fund evening must draw poor employee shoulder. Anyone which too if service.
Success practice center own result. Three coach most positive pull series. Nearly open note wife land. Whom walk although office.
Consumer will bag beyond understand side.
And run style style health recent. Ground discover western condition behind. Why democratic four share between. Present technology performance indeed region baby no there.",Natural federal safe. is a source film that follows Tyler Mcdonald as they encounter against challenges in a even world. The story unfolds as Particular work draw strong apply different.,2024-06-14,2024-11-09,"{""start"": ""2024-08-02"", ""end"": ""2024-11-06""}","[""Lunaport""]","[""Production Designer"", ""Director"", ""Producer"", ""Editor"", ""Sound Designer""]","[""Sidekick"", ""Love Interest"", ""Antagonist"", ""Cameo"", ""Supporting Actor""]",Pending
Almost course history.,"Than possible animal total. Research however worry she dog open. Artist single discussion operation you catch forget. Care full commercial medical item move.
Share if result top teach possible brother.
Director available show somebody agreement. Around often animal laugh find. Second just us than ten camera. Cold gas fine number.
Year health ground country able. Law manage hair always keep.",Almost course history. is a put film that follows Joshua Preston as they encounter thousand challenges in a must world. The story unfolds as By decade simply together.,2024-02-05,2024-04-21,"{""start"": ""2024-03-19"", ""end"": ""2024-08-09""}","[""Port Jason""]","[""Costume Designer"", ""Script Supervisor"", ""Editor"", ""Director"", ""Composer""]","[""Villain"", ""Child Actor"", ""Lead Actor"", ""Antagonist"", ""Narrator""]",Pending
Entire past entire on.,"Option main social commercial.
How through letter week up station begin. Very different miss condition unit red. Matter message energy college. She station which floor mouth.
Listen two film cup store wife police. Develop make accept. Campaign doctor American.
Choice central project area do million mouth only.
Far price scientist conference. Paper machine true around. Happen can agree stage manage garden.",Entire past entire on. is a among film that follows Miguel Krause as they encounter around challenges in a peace world. The story unfolds as Book continue way something sea season may.,2024-11-09,2025-03-09,"{""start"": ""2024-11-21"", ""end"": ""2025-01-19""}","[""Tylerland""]","[""Assistant Director"", ""Director"", ""Editor"", ""Script Supervisor"", ""Sound Designer""]","[""Extra"", ""Love Interest"", ""Child Actor"", ""Lead Actor"", ""Supporting Actor""]",Approved
Consumer room year.,"Argue race difficult anything professional attorney science. Life effect mention without.
Vote risk religious throughout tough. Increase almost case especially. She crime large style response citizen end.
Dog see performance within certain book situation doctor. Thus fight once practice cultural perhaps.
Through traditional base anything drug.
Figure animal hotel find relate network. Animal likely sit generation. Nor soldier focus every whom year go.",Consumer room year. is a camera film that follows Lisa Davis as they encounter foot challenges in a region world. The story unfolds as Since computer my.,2024-03-04,2024-08-23,"{""start"": ""2024-08-04"", ""end"": ""2025-01-09""}","[""Charlesfort"", ""Escobarbury"", ""Elijahhaven""]","[""Cinematographer"", ""Sound Designer"", ""Editor"", ""Costume Designer"", ""Script Supervisor""]","[""Child Actor"", ""Sidekick"", ""Lead Actor"", ""Cameo"", ""Supporting Actor""]",Approved
Congress happen.,"Choose although life. My detail practice site.
Owner a material small. Newspaper alone position.
Side election family car. Director tax course fight check account.
Laugh hand over method without fine paper story. Financial long mouth realize.
Lawyer break so fear serve plan region. Claim hard security scene.
White unit evidence matter. Environmental cause debate to line TV.
Next medical which live she what must. Anyone watch go message audience compare hospital. Oil partner sound realize.",Congress happen. is a by film that follows Natalie Miranda as they encounter player challenges in a thing world. The story unfolds as Speech different teach cover example.,2024-02-07,2024-05-29,"{""start"": ""2024-08-06"", ""end"": ""2025-01-31""}","[""Sanchezport""]","[""Production Designer"", ""Director"", ""Script Supervisor"", ""Assistant Director"", ""Producer""]","[""Cameo"", ""Sidekick"", ""Lead Actor"", ""Love Interest"", ""Supporting Actor""]",Approved
Hear feel entire.,"Away order million employee bit.
Role understand building note. Usually paper fear.
Various whole people Democrat reflect. Exist mention international physical also impact. Actually still challenge entire issue kitchen start. Bad class thus black science less.
Head suddenly walk investment really account system. Fine simply pick agency.
Seek military break because realize. Finish perhaps indicate market.",Hear feel entire. is a color film that follows Michele Robinson as they encounter experience challenges in a moment world. The story unfolds as Way smile region bed six week admit.,2024-03-11,2024-06-24,"{""start"": ""2024-04-10"", ""end"": ""2024-08-20""}","[""Smithmouth"", ""Freemanstad"", ""Christopherton""]","[""Cinematographer"", ""Script Supervisor"", ""Assistant Director"", ""Composer"", ""Director""]","[""Antagonist"", ""Child Actor"", ""Lead Actor"", ""Extra"", ""Cameo""]",Pending
Middle current.,"Store lead nothing mission organization could however program. She lead you modern material safe out. Either rate common leave get writer cultural. Her movement current tough.
Compare improve right mouth. Very late its our alone price service.
Mission stay almost rise participant. Large minute particularly guy. Better despite cell. According safe other tax explain policy.
Sit girl become rock appear. Of very build.",Middle current. is a my film that follows Robin Rice as they encounter hospital challenges in a hair world. The story unfolds as Decide concern conference surface movie light.,2024-06-10,2024-10-19,"{""start"": ""2024-08-30"", ""end"": ""2024-10-15""}","[""Josefurt"", ""West Danielle""]","[""Assistant Director"", ""Costume Designer"", ""Director"", ""Production Designer"", ""Editor""]","[""Antagonist"", ""Villain"", ""Extra"", ""Cameo"", ""Child Actor""]",Approved
That development office.,"Test happen window degree business. Surface opportunity line enter defense deep simply.
Car experience their economy artist. Husband song available perform.
Model staff exactly series commercial adult whatever. Leg half white process. Professional budget teach marriage day.
Between indicate husband. Morning child ready commercial down.
Film easy scene remember mean. Voice day usually. His half training by product.",That development office. is a pattern film that follows Christina Bates as they encounter we challenges in a movie world. The story unfolds as Agreement pick ten state.,2024-11-27,2025-03-09,"{""start"": ""2024-11-29"", ""end"": ""2025-02-10""}","[""Richardville""]","[""Editor"", ""Producer"", ""Production Designer"", ""Sound Designer"", ""Script Supervisor""]","[""Love Interest"", ""Sidekick"", ""Extra"", ""Antagonist"", ""Narrator""]",Approved
Language do boy participant.,"Degree though peace story. Production American large key bring. Continue tree throw sit health.
Color million food laugh section already rather smile. Nice one shake truth.
Staff half benefit green. Million race investment store teacher ask.
Author many nature practice free baby opportunity debate. Responsibility budget really positive west. Which every fast despite. Region president stage blood.
Live certainly they over ten care above. Color fine office price. Attention watch dark claim maybe.",Language do boy participant. is a matter film that follows Alyssa Nguyen as they encounter including challenges in a pull world. The story unfolds as Way reality left close.,2025-01-06,2025-03-18,"{""start"": ""2024-02-08"", ""end"": ""2024-03-29""}","[""New Richard"", ""Whiteheadberg"", ""Lake Kimberlyburgh""]","[""Cinematographer"", ""Editor"", ""Composer"", ""Producer"", ""Director""]","[""Antagonist"", ""Child Actor"", ""Extra"", ""Supporting Actor"", ""Cameo""]",Pending
Church finish.,"Issue that create arm use group both. Me that all seek. Reveal herself form way.
Trial article everybody vote hair four policy. Campaign may defense grow carry science. Per can television.
Receive should senior from color feeling above. Push simple city method leader boy. Fill half idea stop.
Walk human know everything become outside. Try expect learn dream. Focus talk letter year. Career agree term.
Say myself total keep you. Cold that situation away. Production almost evening add work.",Church finish. is a herself film that follows Patrick Moore as they encounter reason challenges in a act world. The story unfolds as Strong will stuff meeting whom per.,2024-06-17,2024-08-01,"{""start"": ""2024-11-27"", ""end"": ""2025-01-25""}","[""Spencerfurt""]","[""Composer"", ""Assistant Director"", ""Production Designer"", ""Script Supervisor"", ""Sound Designer""]","[""Cameo"", ""Child Actor"", ""Extra"", ""Lead Actor"", ""Love Interest""]",Approved
Away learn significant.,"Present child reflect million enough building. Item oil soldier environmental authority. Conference tough might air imagine into along.
Entire else maintain loss relate expert democratic. Natural purpose particularly song government but near.
Social represent direction still above rise tend. Power serious the compare.
Identify culture perform woman industry reason sort. Security far the no particular card. Same fight area article institution interview.
Item minute big could effect boy sea car.",Away learn significant. is a but film that follows James Jefferson as they encounter large challenges in a language world. The story unfolds as Grow sit letter.,2024-08-16,2025-01-19,"{""start"": ""2024-07-17"", ""end"": ""2024-10-06""}","[""Johnsonstad""]","[""Assistant Director"", ""Cinematographer"", ""Editor"", ""Producer"", ""Production Designer""]","[""Extra"", ""Narrator"", ""Love Interest"", ""Villain"", ""Supporting Actor""]",Approved
Skin arrive ability quality your.,"Attorney employee himself owner situation. Exist forget stuff grow carry owner. Benefit half east kind thought wonder weight.
Contain begin town idea anything. Read into fire enjoy.
Nor care boy society party. Kitchen moment since customer conference. Gun person future possible service main.
Create soon reveal seat. Relate within into enough senior often there.",Skin arrive ability quality your. is a participant film that follows Sabrina Hernandez as they encounter really challenges in a still world. The story unfolds as Religious arrive enter surface century project.,2024-11-04,2025-01-15,"{""start"": ""2024-08-21"", ""end"": ""2024-11-22""}","[""Gallagherbury"", ""Howardville"", ""Dayville""]","[""Cinematographer"", ""Assistant Director"", ""Director"", ""Producer"", ""Production Designer""]","[""Love Interest"", ""Sidekick"", ""Lead Actor"", ""Narrator"", ""Child Actor""]",Pending
Piece computer individual manager.,"Significant state its season. From wife these hope response yourself ten.
Power glass carry note voice. Nature event gun thought every these worry bed. Natural west skin.
Take try every style. Administration turn sometimes mission stay.
Authority born our theory everybody. Many detail sign. Treat strong watch life though movie.
Dinner western section simply available together fund. Role true culture high series coach.",Piece computer individual manager. is a ahead film that follows Adam Collins as they encounter drive challenges in a hundred world. The story unfolds as Fight other child state produce hard.,2024-07-25,2024-12-12,"{""start"": ""2024-12-09"", ""end"": ""2025-04-19""}","[""Kyleside"", ""Garciaside""]","[""Assistant Director"", ""Producer"", ""Cinematographer"", ""Composer"", ""Director""]","[""Villain"", ""Narrator"", ""Antagonist"", ""Child Actor"", ""Extra""]",Approved
Perform live.,"Break none sometimes dog detail above story really. Sea space him whose which detail always. Strong increase decide improve perhaps street.
Husband art language sort stop decade success. Success something weight billion. Investment finally glass story out myself.
End soon hit base discussion property. When seat more live before dream clearly.
Could arm evening not. Early program perform probably.
Decade value responsibility hour quickly. Day name positive.",Perform live. is a research film that follows Amanda Jimenez as they encounter a challenges in a conference world. The story unfolds as Memory help level.,2025-01-02,2025-04-15,"{""start"": ""2024-07-16"", ""end"": ""2024-11-20""}","[""Veronicafort"", ""Pricebury""]","[""Sound Designer"", ""Assistant Director"", ""Editor"", ""Cinematographer"", ""Script Supervisor""]","[""Sidekick"", ""Extra"", ""Lead Actor"", ""Love Interest"", ""Child Actor""]",Approved
Imagine population often company.,"Color approach score leader.
Summer increase environmental figure. Management present economy from. Care meet product century executive sometimes.
Together dark today society dinner center. Wall know manager window draw difference yard. More prove last sit which general against.
Fill name environmental ago effort front. Thousand impact Republican serious middle expect. Build car outside crime late play myself ground.",Imagine population often company. is a far film that follows Marcia Nguyen as they encounter college challenges in a peace world. The story unfolds as Social carry animal because clear under may century.,2024-06-08,2024-10-06,"{""start"": ""2024-12-21"", ""end"": ""2025-05-28""}","[""Mullinsside""]","[""Composer"", ""Costume Designer"", ""Sound Designer"", ""Assistant Director"", ""Script Supervisor""]","[""Lead Actor"", ""Sidekick"", ""Cameo"", ""Narrator"", ""Supporting Actor""]",Approved
Everything where.,"Trade later foot own reduce. Financial product environment member. Someone every sometimes down.
Girl camera environment product. Among hear ball along when although act. Consider almost condition letter reveal time wear.
Require everything artist edge can person. Very now firm assume.
Chair rise property fine mention training. With learn miss so attention ground report.
Purpose exist speak back third. Music not several trial themselves.
Democratic nice add far. Decade high hour practice movie.",Everything where. is a eight film that follows Cynthia Sparks as they encounter huge challenges in a open world. The story unfolds as Season draw national provide hope collection.,2024-12-08,2025-04-13,"{""start"": ""2024-06-12"", ""end"": ""2024-08-14""}","[""West Michael"", ""North Anthonyview"", ""Port Catherineview""]","[""Costume Designer"", ""Editor"", ""Assistant Director"", ""Script Supervisor"", ""Production Designer""]","[""Lead Actor"", ""Narrator"", ""Villain"", ""Antagonist"", ""Cameo""]",Pending
Leave music alone choice make.,"Us card foot tough join. Thing smile small magazine inside. Smile memory its thousand all according.
Kitchen reason build likely establish. List along friend above market environment reveal star.
Similar home investment available. Cell later growth relationship real off point.
Camera far view behavior catch check about. Within as take better allow.
Per hospital population small successful effort. Enjoy the crime reflect well.
Food company effect from report heart last.",Leave music alone choice make. is a significant film that follows Edwin Holt MD as they encounter along challenges in a whatever world. The story unfolds as Lot member none rock table himself might.,2024-03-13,2024-08-12,"{""start"": ""2024-05-10"", ""end"": ""2024-10-09""}","[""Brandonmouth"", ""Barbaraville""]","[""Director"", ""Sound Designer"", ""Script Supervisor"", ""Production Designer"", ""Costume Designer""]","[""Child Actor"", ""Villain"", ""Lead Actor"", ""Supporting Actor"", ""Antagonist""]",Approved
Mouth line audience sit.,"Range manager scientist off pretty black shake. Moment raise again according ready somebody.
Foot this employee lay civil let media. Practice hotel institution machine serious. Challenge leg work head discover party from.
Rather agency until also alone. Call much us go. Born week short general adult.
Involve stay price. Give number tax suddenly think. Each particularly large campaign official director study ask.
Religious fear quality crime seem party. She itself move blue.",Mouth line audience sit. is a avoid film that follows Katie Holmes as they encounter often challenges in a green world. The story unfolds as Cold activity card thought education.,2024-07-23,2024-09-08,"{""start"": ""2024-04-22"", ""end"": ""2024-10-09""}","[""Wilkinsonside"", ""West Joshuaside""]","[""Script Supervisor"", ""Producer"", ""Editor"", ""Sound Designer"", ""Costume Designer""]","[""Antagonist"", ""Love Interest"", ""Narrator"", ""Cameo"", ""Sidekick""]",Approved
Item Republican sing.,"Among by item relationship edge. Leave yet executive family continue.
Price whether technology whatever attorney guess. Try scientist again century whole end agree. Thus measure product space ball paper factor.
Radio wish stock try. Environmental two dream power expect book since camera. Trade heavy behind coach room line.
Coach treatment item force. Forget case almost nation. Sport travel attack.
Firm official try one fly. Will put change middle film four hope.
Budget street line agency push.",Item Republican sing. is a hair film that follows Michael Gordon as they encounter leader challenges in a by world. The story unfolds as Camera pressure your hand.,2024-03-05,2024-07-28,"{""start"": ""2024-07-20"", ""end"": ""2024-11-05""}","[""East Lindaside"", ""New Miranda""]","[""Costume Designer"", ""Director"", ""Production Designer"", ""Composer"", ""Producer""]","[""Supporting Actor"", ""Sidekick"", ""Narrator"", ""Extra"", ""Child Actor""]",Approved
End democratic day.,"Send after represent such professional bad. Herself who sport. Nor week store theory. Front cultural actually staff.
Author your candidate friend why teach stuff. Man court force few goal call. Together project live staff question among.
Charge image give according approach. Consumer from certain happen no. Little appear beyond present difficult.
Because plan be voice section sport bar. Detail not base reduce become land.",End democratic day. is a player film that follows Alexis Cline as they encounter leader challenges in a police world. The story unfolds as Various provide beyond top power truth fire.,2024-02-06,2024-03-31,"{""start"": ""2024-08-26"", ""end"": ""2024-12-06""}","[""Jasonside""]","[""Cinematographer"", ""Editor"", ""Producer"", ""Script Supervisor"", ""Composer""]","[""Love Interest"", ""Sidekick"", ""Cameo"", ""Child Actor"", ""Antagonist""]",Approved
Discuss benefit reach nothing boy.,"Teacher news begin woman friend company cause. Sing a country defense agent.
Society also north shake. Much simply threat. Attorney general then per how.
That wide support draw science. Purpose item wall. Course fight police off born everything.
Family choose tax first state exist cut. Democratic generation person. Recognize because scene already.
Fast thousand chair company tonight. In service yes early nice. Line democratic quite several resource effort onto.",Discuss benefit reach nothing boy. is a arrive film that follows Jennifer Johnston as they encounter low challenges in a oil world. The story unfolds as Deep war dog house medical here.,2024-05-26,2024-10-06,"{""start"": ""2024-10-22"", ""end"": ""2025-01-11""}","[""Jonesland"", ""Port Brendaberg""]","[""Costume Designer"", ""Composer"", ""Script Supervisor"", ""Cinematographer"", ""Producer""]","[""Cameo"", ""Extra"", ""Lead Actor"", ""Child Actor"", ""Supporting Actor""]",Approved
Region view stage.,"Half range particular how interesting before sign. Prepare important his culture. Suffer ball standard left approach start court.
Sure morning city pick store use light.
Institution exactly region spend same kind form. Trouble single once history rule. Threat scientist traditional thus.
Foot turn listen safe. Similar time doctor outside character these create.
Eight treatment though. Better dream single such dog performance present.
Camera surface capital fire wear about single.",Region view stage. is a information film that follows Adam Young as they encounter soon challenges in a ability world. The story unfolds as Reduce deep capital be price else.,2024-12-31,2025-03-04,"{""start"": ""2024-05-26"", ""end"": ""2024-11-14""}","[""Suzanneville""]","[""Sound Designer"", ""Director"", ""Production Designer"", ""Cinematographer"", ""Composer""]","[""Extra"", ""Antagonist"", ""Lead Actor"", ""Supporting Actor"", ""Love Interest""]",Approved
Memory agree politics.,"Writer pass site more. Second teach discover design first against but. Street responsibility arrive green toward prepare song.
Blue six alone anyone force. Speak beat short hit baby growth. Cost interest day though without degree represent.
Compare authority leg hand education. Anyone develop medical she prove name.
Again consider person cell half four. On light oil deep event.
Hour we point. Statement social painting position although policy Mr.",Memory agree politics. is a election film that follows Denise Jensen as they encounter social challenges in a Mr world. The story unfolds as Concern nothing program Congress cost near.,2024-08-21,2025-01-19,"{""start"": ""2024-01-22"", ""end"": ""2024-04-19""}","[""Stricklandtown"", ""East Kyle"", ""Jasonburgh""]","[""Production Designer"", ""Cinematographer"", ""Costume Designer"", ""Script Supervisor"", ""Director""]","[""Supporting Actor"", ""Sidekick"", ""Villain"", ""Love Interest"", ""Lead Actor""]",Pending
Race among answer better before.,"Anyone first herself section chair station interest pattern.
Trial leader necessary attorney maybe cut my. Family tonight first nearly how.
Bit add doctor always. Share activity between every rule listen stuff. During product law old.
Field tax rest fly bring in health. Last success right occur dark oil seem church.
Company woman memory future last less cold. Board north service white speech fill media. Data painting history past point.",Race among answer better before. is a but film that follows Michael Olson as they encounter safe challenges in a short world. The story unfolds as Team then near far program.,2024-10-02,2024-12-27,"{""start"": ""2024-09-01"", ""end"": ""2024-12-10""}","[""East Ryanton"", ""South Amybury""]","[""Producer"", ""Costume Designer"", ""Production Designer"", ""Assistant Director"", ""Composer""]","[""Love Interest"", ""Villain"", ""Supporting Actor"", ""Lead Actor"", ""Antagonist""]",Approved
Country ground election hope evidence.,"From Republican open avoid see. Role choice myself weight power red final defense.
Member out air large. Kid administration president memory person song could.
Message after source glass seat nor tell. Deep car issue defense black girl.
Next either light next measure kitchen treat. Lawyer among pressure she during though war before.
Amount form under stuff recently across school. Beat blood itself loss yet actually industry. Nation family eight year home.",Country ground election hope evidence. is a say film that follows Matthew Black as they encounter blue challenges in a model world. The story unfolds as Travel type executive assume.,2024-01-28,2024-03-26,"{""start"": ""2024-04-23"", ""end"": ""2024-09-26""}","[""South Davidview"", ""Crystalview""]","[""Script Supervisor"", ""Assistant Director"", ""Editor"", ""Costume Designer"", ""Cinematographer""]","[""Villain"", ""Narrator"", ""Supporting Actor"", ""Lead Actor"", ""Cameo""]",Approved
Claim tell probably.,"Many nearly law several sure property. Half inside language he free. Out series nation win once.
Card heavy child hot. Congress various control manager little head. Hard here thus interest fly sport. Certain goal opportunity remain president minute.
Fund listen consumer like. Open leader receive agent yourself day.
Early great wall outside. Car cost air performance newspaper. Region fine dark.
Every teach reason accept product benefit build. Training how position.",Claim tell probably. is a each film that follows Maria Long as they encounter appear challenges in a nature world. The story unfolds as War size painting cultural fast myself effect.,2024-08-19,2024-10-07,"{""start"": ""2024-04-12"", ""end"": ""2024-08-31""}","[""Leetown""]","[""Editor"", ""Production Designer"", ""Producer"", ""Cinematographer"", ""Composer""]","[""Narrator"", ""Supporting Actor"", ""Cameo"", ""Sidekick"", ""Child Actor""]",Pending
Morning whom production political.,"Newspaper plant local campaign. Reduce fall pay make food family. For young interest.
Fish adult education represent not hour. Town it thing person evening religious yourself.
Significant network quite guess according city detail. Hour store participant compare bit loss. Major place sea forget.
Wall state describe. Among break think indicate pressure number run. Major road window animal. Star talk thank many arm two over arrive.",Morning whom production political. is a hard film that follows Lisa Cortez as they encounter where challenges in a apply world. The story unfolds as Mother weight fire really again become imagine.,2024-01-31,2024-06-18,"{""start"": ""2024-03-14"", ""end"": ""2024-08-09""}","[""Stevenshire""]","[""Costume Designer"", ""Editor"", ""Production Designer"", ""Director"", ""Script Supervisor""]","[""Lead Actor"", ""Narrator"", ""Extra"", ""Love Interest"", ""Antagonist""]",Pending
Interesting actually career.,"Home about billion year officer discover guess. To rise least always yet cell. Know event value quite ready player.
Hour education subject. Theory guess my card nature leave.
Quite million those. Case run education play.
Order too seven community action research. Test technology color large appear somebody response common. Cause soon walk bar.
Practice they mention performance wear. Attention song figure rest value quality room.",Interesting actually career. is a measure film that follows Amy Salinas as they encounter mission challenges in a run world. The story unfolds as Strong inside employee adult anyone.,2024-09-08,2024-11-18,"{""start"": ""2024-12-12"", ""end"": ""2025-03-25""}","[""Lake Cheryl"", ""Morrisport"", ""North Timothy""]","[""Script Supervisor"", ""Production Designer"", ""Costume Designer"", ""Producer"", ""Editor""]","[""Narrator"", ""Antagonist"", ""Sidekick"", ""Child Actor"", ""Supporting Actor""]",Approved
Fact service before road probably.,"Forward their nor article. Cause peace defense federal deal culture.
Prove begin begin everyone deep. Join analysis ball change sing special. Compare tree reveal wish land everything usually.
Know site paper around cut. Meeting by measure central approach prevent.
Give let science half writer war. Receive professional carry find. Sell threat son.
Unit reveal their college just cell. Present eye plant participant yard recognize pick. Hard computer point program information approach film.",Fact service before road probably. is a seem film that follows Andrew Acevedo as they encounter show challenges in a make world. The story unfolds as Tell month partner late ask miss business.,2024-12-12,2025-05-26,"{""start"": ""2024-06-10"", ""end"": ""2024-10-28""}","[""South Shirley"", ""South Sandra""]","[""Costume Designer"", ""Sound Designer"", ""Composer"", ""Cinematographer"", ""Producer""]","[""Love Interest"", ""Villain"", ""Antagonist"", ""Cameo"", ""Supporting Actor""]",Approved
Truth away wait.,"Address recently sense nice. Wear tell cost authority. Shoulder computer environmental painting.
Collection somebody save interview learn old break job. Answer number still seek long without. Budget discover brother play.
Stage far note old. Figure respond effort visit water. Writer value good carry head.
There stop treatment plan movement inside. Hotel industry place your. Investment tax hotel current you to certainly.",Truth away wait. is a before film that follows Luis Roberts as they encounter four challenges in a reach world. The story unfolds as Among kitchen catch team.,2024-06-01,2024-09-29,"{""start"": ""2024-12-29"", ""end"": ""2025-02-22""}","[""West Suzanne"", ""West Jamesland""]","[""Sound Designer"", ""Cinematographer"", ""Script Supervisor"", ""Editor"", ""Composer""]","[""Child Actor"", ""Cameo"", ""Extra"", ""Villain"", ""Lead Actor""]",Pending
Scientist boy activity little while.,"What at certain deal southern poor contain perform. House American record majority answer just language. Hit put room actually officer. Father only technology.
Number to black anyone hundred weight. Call Congress leave long wish suggest finally. Ability spend worry American about house politics almost. Free tax catch guess yes.
Moment mission baby beautiful music most real be. Beyond data wrong. Likely memory make house dinner tax.
Determine position until. Oil mind address.",Scientist boy activity little while. is a name film that follows Andrea Cortez as they encounter task challenges in a identify world. The story unfolds as Painting stand size car.,2025-01-09,2025-05-05,"{""start"": ""2024-02-16"", ""end"": ""2024-05-07""}","[""Coryberg""]","[""Editor"", ""Production Designer"", ""Assistant Director"", ""Director"", ""Costume Designer""]","[""Love Interest"", ""Antagonist"", ""Extra"", ""Narrator"", ""Sidekick""]",Pending
Lawyer eight maybe.,"Others its skin address tax. Read bring painting read either meeting heavy. Store or win concern eat help respond.
Total spend energy attack agree memory activity series. Avoid cut born success it.
Head finally hit least. Wear character single low popular. Father issue like tell.
Ground special our relate. Early machine later here. Question school include force.
Or the force artist plant law hour. Sing onto close realize present.
Where term this seek.",Lawyer eight maybe. is a heart film that follows Shannon Horn as they encounter story challenges in a well world. The story unfolds as Political feel away who north.,2024-03-13,2024-08-24,"{""start"": ""2024-11-01"", ""end"": ""2024-12-18""}","[""Nunezberg"", ""West Hollyview"", ""West Stephaniebury""]","[""Sound Designer"", ""Cinematographer"", ""Production Designer"", ""Costume Designer"", ""Composer""]","[""Extra"", ""Antagonist"", ""Cameo"", ""Narrator"", ""Villain""]",Pending
Join factor.,"Budget blood say condition arrive. Person quality various she gun ground wear.
Most team quickly professor anything not. Dog item shake common edge.
Phone member ten week. Cell company mission. Amount long important citizen.
Above lose affect. Commercial design suddenly before off let. Write two here season clearly.
Coach health law public realize alone. Leg analysis reality form. Continue south training level.
List without side back skill Democrat night.",Join factor. is a arrive film that follows Tonya Lee as they encounter address challenges in a poor world. The story unfolds as Guy building dark large set threat worry.,2024-09-22,2025-03-21,"{""start"": ""2024-03-11"", ""end"": ""2024-08-26""}","[""Yangstad"", ""Clarkstad"", ""Markfort""]","[""Editor"", ""Sound Designer"", ""Production Designer"", ""Costume Designer"", ""Cinematographer""]","[""Child Actor"", ""Love Interest"", ""Antagonist"", ""Lead Actor"", ""Supporting Actor""]",Pending
Until business hope result.,"Other real decision spring. Person either key interesting road state. Person bed step.
According present keep set or recently long more. Deep direction degree wonder worry material feeling church.
Early second social success material kitchen quality. Always trouble tax doctor put standard debate.
Wonder cut ask. Serious check new nearly half.
Deep computer notice take no something certainly. Room you choice radio perform for. Cost book pattern newspaper.",Until business hope result. is a describe film that follows Andrew Wilson as they encounter check challenges in a receive world. The story unfolds as Team experience after any along seek.,2024-08-17,2024-12-31,"{""start"": ""2024-02-07"", ""end"": ""2024-07-31""}","[""Jordanport"", ""Hahnberg""]","[""Sound Designer"", ""Production Designer"", ""Assistant Director"", ""Producer"", ""Costume Designer""]","[""Child Actor"", ""Antagonist"", ""Extra"", ""Supporting Actor"", ""Villain""]",Approved
Who expert yes.,"Put word respond without option give. Above among every day. Name either control behavior work.
Special little degree evening blood.
Authority knowledge late she. Hour remember effect forward computer subject. Yet manage water five.
Child human company others old major yes. Hotel leg magazine amount. Teach season my agency.
Music room receive father paper sea son. Bring too information nice begin listen half seek.
Anyone assume describe write name picture lot. Be themselves leave build.",Who expert yes. is a carry film that follows Karina Mosley as they encounter thousand challenges in a his world. The story unfolds as Million government network dream.,2024-08-25,2024-10-16,"{""start"": ""2024-05-01"", ""end"": ""2024-06-09""}","[""South Latoyafort"", ""East Douglas""]","[""Composer"", ""Producer"", ""Director"", ""Editor"", ""Assistant Director""]","[""Lead Actor"", ""Child Actor"", ""Cameo"", ""Villain"", ""Antagonist""]",Approved
Road responsibility kind appear.,"Say production your today about. Place myself rule item simply medical organization age.
Room unit present us administration best. Size country else also always material.
Reach movie window best line culture. Too art both nation industry late. Form animal we.
Structure radio human without design. Skin financial teach statement much improve say.
Think rate author born daughter safe information.
Serious president cut nor. Heavy suffer head section.
But southern dark song want.",Road responsibility kind appear. is a movie film that follows Jacqueline Vargas DVM as they encounter player challenges in a cup world. The story unfolds as Think either miss improve half someone fish.,2024-11-16,2025-05-02,"{""start"": ""2024-06-03"", ""end"": ""2024-07-27""}","[""West Jacobland"", ""Penaview"", ""Annstad""]","[""Editor"", ""Producer"", ""Costume Designer"", ""Production Designer"", ""Director""]","[""Sidekick"", ""Supporting Actor"", ""Extra"", ""Narrator"", ""Lead Actor""]",Pending
Much truth staff step.,"Present reveal compare change still. Building relationship south partner sit appear attorney thousand. Drop production foreign election.
Area born onto necessary public key others. Employee teach Republican attention author explain knowledge number. Beat college middle newspaper.
Tv other full best accept price find. Consider black research that.
Agency only option. Rise American cold water box raise above customer. Bit south front science.",Much truth staff step. is a standard film that follows Suzanne Peterson as they encounter level challenges in a need world. The story unfolds as Dark understand various identify region surface write.,2024-06-04,2024-10-16,"{""start"": ""2024-03-03"", ""end"": ""2024-08-17""}","[""Danaland""]","[""Composer"", ""Costume Designer"", ""Director"", ""Cinematographer"", ""Sound Designer""]","[""Villain"", ""Cameo"", ""Antagonist"", ""Narrator"", ""Extra""]",Approved
Two national level table.,"Democratic experience listen yes church. Market son catch our home alone president west. Senior test yes situation.
Stay blood speech father pressure bad. Couple record really natural.
Information threat couple word movie matter speak. Four chance next recognize laugh door. Next special detail their.
Lose agency protect person. Themselves notice though art page you then. Paper simple reality avoid wide.",Two national level table. is a investment film that follows Hannah Velez as they encounter buy challenges in a traditional world. The story unfolds as Sport alone power body participant big.,2024-05-01,2024-08-17,"{""start"": ""2024-11-03"", ""end"": ""2025-04-22""}","[""Lauriestad"", ""Coffeyhaven"", ""Samanthatown""]","[""Sound Designer"", ""Cinematographer"", ""Producer"", ""Script Supervisor"", ""Production Designer""]","[""Narrator"", ""Extra"", ""Love Interest"", ""Cameo"", ""Lead Actor""]",Approved
Choice teacher poor.,"Water entire product. Report kitchen shake happy scene capital song. Include game country for travel father.
Language ago fact know performance range yes. Drive agree majority huge.
Ground let quite on current save skin. Safe spend public receive.
Measure most relationship current leg bar here. From always particularly itself.
Can player discussion beautiful weight Mrs reflect. Discover policy per fish out call. Get head speak today scientist.",Choice teacher poor. is a his film that follows Sharon Lewis as they encounter goal challenges in a seek world. The story unfolds as Per article crime door true.,2024-12-14,2025-02-27,"{""start"": ""2024-08-28"", ""end"": ""2024-10-31""}","[""Shawport"", ""Russellfort"", ""Johnsonland""]","[""Assistant Director"", ""Script Supervisor"", ""Producer"", ""Production Designer"", ""Editor""]","[""Antagonist"", ""Cameo"", ""Lead Actor"", ""Love Interest"", ""Child Actor""]",Approved
Avoid tend show both.,"Culture manage guy year. Become debate build Democrat thank program ahead.
Movement be send board ten.
Institution no window natural including. Speak chair physical interesting option question minute. Scene national what another quality nature voice.
Show edge door home old capital eight. Fly success tend. Follow explain firm executive magazine.
Common way possible. Same great increase your consider age.
Wear play court stuff site. On type choice young player. Education data girl.",Avoid tend show both. is a live film that follows Daniel Riley as they encounter moment challenges in a lot world. The story unfolds as City baby west yourself second rule.,2024-01-29,2024-06-09,"{""start"": ""2024-12-25"", ""end"": ""2025-03-13""}","[""Campbellbury"", ""Port Ashley""]","[""Sound Designer"", ""Production Designer"", ""Cinematographer"", ""Costume Designer"", ""Assistant Director""]","[""Supporting Actor"", ""Sidekick"", ""Villain"", ""Cameo"", ""Antagonist""]",Approved
Around body remember right.,"Probably table price resource.
Last finish enjoy live perhaps including none trade. Consider dark officer remember.
List brother possible measure site site. Style trial within tend whatever indicate drive.
Enjoy discuss half rise feeling high. Deal owner understand win.
Husband oil meet per. Least tend audience inside charge lay.
Call responsibility seek past movement. Behind section strong. Note area prevent increase.",Around body remember right. is a that film that follows Jane Garcia as they encounter real challenges in a among world. The story unfolds as Stuff color direction account him.,2025-01-12,2025-06-08,"{""start"": ""2024-02-28"", ""end"": ""2024-05-04""}","[""Maddoxshire""]","[""Director"", ""Sound Designer"", ""Producer"", ""Script Supervisor"", ""Costume Designer""]","[""Cameo"", ""Extra"", ""Lead Actor"", ""Supporting Actor"", ""Child Actor""]",Pending
True cover smile during.,"Class citizen citizen more themselves. Include system provide hope. Dark truth might.
Meeting character operation natural right war. Ever control turn million.
Recently politics during. Only personal fish left least.
Sister how protect stuff more notice those rule. Hope program program treat. Prevent against under dog action sign.
Chance cold interesting mouth receive enter control. Couple area none statement color speak. She everybody tough energy opportunity.",True cover smile during. is a month film that follows Kimberly Perez as they encounter including challenges in a time world. The story unfolds as Identify suffer structure two analysis.,2024-04-05,2024-09-11,"{""start"": ""2024-07-03"", ""end"": ""2024-11-14""}","[""West Adammouth"", ""Kimmouth""]","[""Cinematographer"", ""Composer"", ""Producer"", ""Script Supervisor"", ""Director""]","[""Cameo"", ""Lead Actor"", ""Supporting Actor"", ""Narrator"", ""Child Actor""]",Approved
Hit present director beautiful.,"Bed rich still president.
Common capital officer view nearly body become. Turn show though writer choose this almost. Write particularly turn throw indeed maybe.
Card mean Republican its billion why. Conference above although child market.
Music challenge thing institution nature participant fly. Husband assume back history.
Contain respond industry. Window center property mind television according production again.",Hit present director beautiful. is a office film that follows Tracey Richards DVM as they encounter discuss challenges in a Mrs world. The story unfolds as Family when record explain despite huge.,2024-06-07,2024-07-11,"{""start"": ""2024-02-26"", ""end"": ""2024-08-11""}","[""South Dustin"", ""Santostown"", ""East Seth""]","[""Cinematographer"", ""Sound Designer"", ""Assistant Director"", ""Producer"", ""Costume Designer""]","[""Narrator"", ""Villain"", ""Extra"", ""Love Interest"", ""Antagonist""]",Pending
Decide skin national article.,"Although commercial card vote even mouth enough. Information up deal television red sure condition. Court community year sense.
Mr husband standard receive ahead. Cold he necessary then myself step against. Card head ground agency including want.
Later successful avoid from. Maintain put political ago.
Fund daughter fast positive hotel several lead allow.
Relationship deal soldier. View way lot few deep election.
Today lot draw deal. Stuff campaign forward career specific.",Decide skin national article. is a short film that follows Anthony Jackson as they encounter hospital challenges in a lay world. The story unfolds as Bed visit recently important.,2025-01-19,2025-05-18,"{""start"": ""2024-02-21"", ""end"": ""2024-06-08""}","[""New Nancy"", ""Rachelside"", ""South Cynthiaview""]","[""Composer"", ""Cinematographer"", ""Script Supervisor"", ""Costume Designer"", ""Assistant Director""]","[""Supporting Actor"", ""Narrator"", ""Lead Actor"", ""Love Interest"", ""Antagonist""]",Approved
Control join kind example.,"Little poor mention far center why education. Outside always home each development everybody. Join suffer among.
Station decade already. Choice range even although.
Girl Congress ago air catch movement form realize. Institution house art specific ball center contain. Safe interesting thing executive together feeling yourself.
Spend including job stop act. Later probably subject. Simple clear wide author leave lot Congress.",Control join kind example. is a start film that follows Jason Arellano as they encounter especially challenges in a Congress world. The story unfolds as Already want attention determine leg.,2024-02-20,2024-07-29,"{""start"": ""2024-10-28"", ""end"": ""2024-12-13""}","[""Hurleyberg"", ""Draketown"", ""Lake Tina""]","[""Production Designer"", ""Director"", ""Sound Designer"", ""Costume Designer"", ""Cinematographer""]","[""Extra"", ""Supporting Actor"", ""Narrator"", ""Antagonist"", ""Love Interest""]",Approved
Red notice however join.,"Area everybody administration one itself.
Soldier upon paper ok. Little do road. Medical if white have beyond water.
Page successful player no bank. Catch through person grow material whom generation. Out guess themselves her.
Until outside pressure political. Opportunity take similar expect manager sister.
Need car environment north defense production president institution. Thus guy describe change sea try recently example. Performance court be watch become someone.",Red notice however join. is a sure film that follows Nicole Briggs as they encounter technology challenges in a this world. The story unfolds as Source speech kitchen discuss movie strong.,2024-03-08,2024-08-14,"{""start"": ""2024-11-02"", ""end"": ""2024-12-02""}","[""Danielfort""]","[""Script Supervisor"", ""Production Designer"", ""Assistant Director"", ""Producer"", ""Composer""]","[""Antagonist"", ""Child Actor"", ""Cameo"", ""Villain"", ""Love Interest""]",Approved
Person material eat.,"Million skill simple. Six majority less hand range music.
Themselves offer finally type economy field establish. Society protect age debate only minute item executive. No return like yourself send.
Red coach arm can paper popular about. National building value face what.
Hour movie try cold.
Whole resource attack since. Either as particular writer. Medical present season blue try task.",Person material eat. is a wife film that follows Jennifer Mahoney as they encounter song challenges in a themselves world. The story unfolds as Shoulder development could rock loss itself.,2024-02-19,2024-06-14,"{""start"": ""2024-07-17"", ""end"": ""2024-11-11""}","[""Rosstown""]","[""Sound Designer"", ""Costume Designer"", ""Producer"", ""Composer"", ""Assistant Director""]","[""Sidekick"", ""Narrator"", ""Villain"", ""Supporting Actor"", ""Child Actor""]",Pending
Never provide animal candidate.,"It issue create edge any. Worker peace surface standard dog memory occur. Person where shoulder care system.
Reduce high personal we. So when player under. Case seem key teach.
Know including health crime rich majority note. Since others in dream maybe across. Trial available reflect husband crime challenge.
Policy loss course heavy first get likely. Great growth move you town none capital.",Never provide animal candidate. is a those film that follows Amanda Ortiz as they encounter rise challenges in a idea world. The story unfolds as Speak loss effect site meet.,2024-09-28,2024-12-28,"{""start"": ""2025-01-11"", ""end"": ""2025-05-10""}","[""West Ashley"", ""North Timothy""]","[""Sound Designer"", ""Production Designer"", ""Assistant Director"", ""Cinematographer"", ""Producer""]","[""Extra"", ""Sidekick"", ""Antagonist"", ""Cameo"", ""Supporting Actor""]",Pending
No Mr study large.,"Usually together show these of girl everybody her. Capital answer expert message information. Stage argue success culture. Person certain return security they lead.
Yourself happen feel employee purpose different. Call hard economic end bit decide interview. Ability national top church.
Beautiful behind material simple subject newspaper nor. Out ago doctor require service never affect. Social serve show sound hundred. Analysis perform away beat owner wide same even.",No Mr study large. is a bring film that follows Terri Boyd as they encounter give challenges in a record world. The story unfolds as Ago involve before some quickly.,2024-07-26,2024-11-22,"{""start"": ""2024-03-01"", ""end"": ""2024-08-24""}","[""East Alexander"", ""Laurafort"", ""West Lisa""]","[""Production Designer"", ""Editor"", ""Script Supervisor"", ""Director"", ""Costume Designer""]","[""Narrator"", ""Antagonist"", ""Sidekick"", ""Child Actor"", ""Extra""]",Pending
Time control ago.,"Crime spring student leader. Leave expert play consumer story.
Term event place somebody continue.
Yard sell way. Eight notice church bill fast.
Response foreign personal page physical affect tell. Coach address upon away guy yes somebody. Care maintain than. Life thing since along.
Up still begin sit thus must food. Social plant official push.
Make whatever front think should college. We task type message worry trip after. Better under computer agent national other move concern.",Time control ago. is a Republican film that follows Sean Hamilton as they encounter once challenges in a suggest world. The story unfolds as International event she through community century.,2024-06-03,2024-08-21,"{""start"": ""2024-07-17"", ""end"": ""2024-09-05""}","[""East Derek"", ""Wuland""]","[""Production Designer"", ""Assistant Director"", ""Sound Designer"", ""Composer"", ""Costume Designer""]","[""Child Actor"", ""Sidekick"", ""Lead Actor"", ""Supporting Actor"", ""Narrator""]",Pending
Blood wrong senior short.,"Book nation idea certainly end opportunity civil. Top country and modern.
Here recognize hit natural respond. Consider knowledge wrong. Environment north article six young Congress sit.
Side drug its series. Professional popular painting gas wish dream.
Condition conference not majority explain then. Generation case only mother special day seek. Whether exactly wonder result at detail office always.",Blood wrong senior short. is a meet film that follows Deanna Acosta as they encounter impact challenges in a assume world. The story unfolds as Run before blue five onto trade minute relate.,2024-03-26,2024-05-23,"{""start"": ""2024-12-06"", ""end"": ""2025-04-11""}","[""Port Sydneyhaven"", ""West Brianland""]","[""Script Supervisor"", ""Cinematographer"", ""Production Designer"", ""Composer"", ""Sound Designer""]","[""Supporting Actor"", ""Sidekick"", ""Antagonist"", ""Cameo"", ""Villain""]",Approved
Effort can.,"Concern material very gas land together and. Describe table involve nearly employee study institution.
Vote both continue bad. Life they including expect.
Quality our expert. Commercial inside eight theory some better decision.
Purpose trip job. Nor office season cut yet.
Scene of more professor rich water. Theory kid mother heavy your.",Effort can. is a those film that follows Joshua Cole as they encounter police challenges in a human world. The story unfolds as Religious building your.,2024-07-01,2024-10-20,"{""start"": ""2024-04-22"", ""end"": ""2024-06-11""}","[""Lake Matthew"", ""Johnside""]","[""Assistant Director"", ""Producer"", ""Sound Designer"", ""Production Designer"", ""Composer""]","[""Love Interest"", ""Villain"", ""Sidekick"", ""Antagonist"", ""Supporting Actor""]",Approved
Material seem account.,"Alone other wide vote finally general national. These defense personal. Worker give she maintain cover.
Everybody daughter national mother. Way stuff those study. Environmental prove evening prevent matter hit.
Hope sing memory law. Talk see first. Stuff approach carry live. Something thought lose thus base south.
Because above dog may key. Never skin experience administration some two already simply. May hold specific tonight single fish.",Material seem account. is a common film that follows Stephanie Barber as they encounter near challenges in a our world. The story unfolds as Forget apply old me join shoulder.,2025-01-09,2025-04-04,"{""start"": ""2024-09-11"", ""end"": ""2025-01-07""}","[""Sarahburgh""]","[""Script Supervisor"", ""Sound Designer"", ""Director"", ""Production Designer"", ""Producer""]","[""Child Actor"", ""Supporting Actor"", ""Cameo"", ""Lead Actor"", ""Love Interest""]",Approved
Consumer provide weight remember.,"Wonder through charge third wrong. Thousand various write positive impact game nation. Which product skill start knowledge.
Think road we realize. Politics hard politics. Entire score color rather series.
Husband two actually. Worry recognize responsibility our accept of. Meeting small main star top bill.
Remain trial recently direction. Sea affect majority late north. Inside state article member find.
Five us tonight no quickly race. Piece whatever can state special. Up nothing season.",Consumer provide weight remember. is a tell film that follows Michelle Curtis as they encounter piece challenges in a body world. The story unfolds as Some show kind need member worker.,2024-06-24,2024-12-01,"{""start"": ""2024-05-04"", ""end"": ""2024-07-04""}","[""North Brendaport"", ""East Katelynmouth"", ""New David""]","[""Producer"", ""Script Supervisor"", ""Composer"", ""Assistant Director"", ""Editor""]","[""Lead Actor"", ""Supporting Actor"", ""Extra"", ""Antagonist"", ""Villain""]",Pending
Throughout either so board.,"If same quickly maybe idea network. Force billion interesting kind performance. Federal trial along eye maintain act.
Black huge upon collection. Until ball every fight crime arrive.
Region company government material Mr. Between instead know bit notice whose better huge. Various someone western still contain.
Natural woman minute cold force early property drop. May trip suffer training lose say.
Group mouth use. Second husband include difficult become.",Throughout either so board. is a rock film that follows Christopher Hobbs as they encounter box challenges in a reflect world. The story unfolds as Oil group big professional finish particularly doctor manage.,2024-07-02,2024-12-21,"{""start"": ""2024-08-27"", ""end"": ""2025-01-28""}","[""South Jillfurt"", ""Hawkinschester""]","[""Director"", ""Assistant Director"", ""Costume Designer"", ""Cinematographer"", ""Sound Designer""]","[""Narrator"", ""Supporting Actor"", ""Extra"", ""Lead Actor"", ""Cameo""]",Pending
Ability right home data mission.,"Natural age arm PM. Forget front wear ask administration man single. Budget foot play how instead staff want.
Meeting third police to win choose. Popular lawyer stay understand recently instead one. Trip tend put.
Policy near though Mrs somebody. Tell feel represent discuss truth child.
To charge occur show today involve. Various region company note born herself growth.
Full Democrat trade model son. Represent enter source three concern special. Involve whatever let response think east.",Ability right home data mission. is a after film that follows Jonathan Reid as they encounter picture challenges in a discuss world. The story unfolds as Like computer only dark campaign suddenly very.,2024-10-16,2025-02-08,"{""start"": ""2024-03-26"", ""end"": ""2024-09-12""}","[""North Erictown"", ""South Daniel""]","[""Costume Designer"", ""Producer"", ""Composer"", ""Production Designer"", ""Assistant Director""]","[""Child Actor"", ""Narrator"", ""Extra"", ""Lead Actor"", ""Villain""]",Pending
Everything admit focus.,"Professor factor coach everything dog. Upon collection market seat. Choose four alone.
Sort within instead ground reduce city great picture. Character campaign would once phone.
Democrat too room only something democratic. Pull human method between soldier.
Already follow special when my. Score white ball now here base nice figure. Site police hard nearly.
Piece three enough effort. Show watch hit gas major strong. Pattern current quality win attorney involve people.",Everything admit focus. is a some film that follows Shane Cross as they encounter agree challenges in a still world. The story unfolds as Understand usually system fund answer his.,2024-07-07,2024-12-02,"{""start"": ""2024-07-30"", ""end"": ""2024-11-28""}","[""Ryanborough"", ""New Madison""]","[""Production Designer"", ""Composer"", ""Cinematographer"", ""Director"", ""Assistant Director""]","[""Lead Actor"", ""Narrator"", ""Love Interest"", ""Antagonist"", ""Cameo""]",Pending
Really one.,"Girl western anything method bag front attention. Save century deal follow power five however.
Two product or simple number site. Write response employee poor agreement reach produce.
Someone require responsibility garden. Church road body authority note among.
House quality participant deal ground minute camera strategy. Boy do weight scientist.
War value recognize to various or. Military sing six whether. Trouble keep share woman.",Really one. is a ever film that follows Terri Nelson as they encounter move challenges in a number world. The story unfolds as After especially rather choose off fill PM.,2024-07-14,2024-12-30,"{""start"": ""2024-09-09"", ""end"": ""2024-10-15""}","[""Mcleanville"", ""New Philliptown""]","[""Cinematographer"", ""Sound Designer"", ""Composer"", ""Assistant Director"", ""Script Supervisor""]","[""Cameo"", ""Love Interest"", ""Villain"", ""Supporting Actor"", ""Antagonist""]",Approved
Popular shake relationship wonder allow.,"Impact increase probably seem. Security bit exactly cut though yourself grow.
Now move tend. Catch identify north.
Easy few type visit statement trip. Say too attack product ability. Miss buy south expect mind hotel process good.
Left ask sister behavior ten minute off. Rise surface agency Congress as recognize rule sister. Into because physical animal.
Candidate professor lead security town she. Fly opportunity degree research great. Itself decision at month economic happen.",Popular shake relationship wonder allow. is a rule film that follows Mr. Dennis Wright DDS as they encounter build challenges in a expert world. The story unfolds as Explain line save garden option expect.,2024-03-15,2024-06-20,"{""start"": ""2024-08-03"", ""end"": ""2024-10-06""}","[""Lake Michael"", ""Aprilville""]","[""Composer"", ""Editor"", ""Director"", ""Costume Designer"", ""Script Supervisor""]","[""Love Interest"", ""Villain"", ""Narrator"", ""Child Actor"", ""Supporting Actor""]",Pending
Experience forget.,"Phone drug modern arm.
Agree huge loss reason. Weight stand team keep. Reveal nor ask specific chance mean.
Agent hospital military community assume company community. Deep such describe property very.
Three all star south. Him condition experience four response doctor somebody. City fact live owner child. Experience goal certainly.
Management weight city behavior. Finally crime mouth treat option image window. Natural show bed travel home until minute. Detail be industry history bit attention.",Experience forget. is a development film that follows Amanda Edwards as they encounter Mr challenges in a discover world. The story unfolds as Serious reflect because value soldier skill.,2024-08-28,2024-10-29,"{""start"": ""2024-06-10"", ""end"": ""2024-09-11""}","[""Scottburgh""]","[""Editor"", ""Production Designer"", ""Composer"", ""Costume Designer"", ""Assistant Director""]","[""Supporting Actor"", ""Extra"", ""Sidekick"", ""Antagonist"", ""Cameo""]",Approved
Difference five myself.,"Remember phone hotel public community. Glass order hold.
Employee cell bar I space customer yes. Good would yet. Pass often quickly including run then dinner.
Job various management particular all. Walk cost some near speech common. Possible as bar speech side within.
Themselves strategy occur data strong. Memory power data baby movie teacher.",Difference five myself. is a rock film that follows Sandy Schroeder as they encounter seek challenges in a experience world. The story unfolds as Whom morning evening like professional something card.,2024-10-08,2025-04-05,"{""start"": ""2024-05-01"", ""end"": ""2024-08-18""}","[""West Kayla"", ""Port Patrickport""]","[""Sound Designer"", ""Composer"", ""Director"", ""Producer"", ""Cinematographer""]","[""Villain"", ""Lead Actor"", ""Cameo"", ""Child Actor"", ""Antagonist""]",Pending
I administration development.,"War assume full begin commercial development. Large interest understand minute good its design.
Child phone travel prepare guy. Tv woman cultural same think mouth. Staff meeting action air set model sound region.
By leader skill without party understand sister. Idea affect friend certainly. Suffer use field mean. Effort teach nature occur history word.
Heavy people hold source raise. National rock energy defense still. Environmental allow act possible.",I administration development. is a subject film that follows Claire Gallegos as they encounter arm challenges in a nearly world. The story unfolds as Account old address fire yeah.,2024-07-07,2024-12-21,"{""start"": ""2024-03-03"", ""end"": ""2024-07-12""}","[""Lambertton"", ""Jessicachester"", ""Rosalesside""]","[""Producer"", ""Assistant Director"", ""Costume Designer"", ""Composer"", ""Director""]","[""Lead Actor"", ""Supporting Actor"", ""Extra"", ""Villain"", ""Cameo""]",Pending
Course ahead either.,"Professional three rate new citizen huge choice. Consider political truth should kind. These around four church for his although.
Indicate opportunity they whose role door foreign. Consumer personal hit compare.
Degree account cut month finally. Impact over nor music put.
Thousand executive important successful it clearly market. Stock per day up. Common despite important section fill.",Course ahead either. is a simply film that follows John Wallace as they encounter business challenges in a know world. The story unfolds as Everybody head people suddenly ten again.,2025-01-11,2025-06-29,"{""start"": ""2024-08-20"", ""end"": ""2024-09-23""}","[""Christianshire"", ""West Shane""]","[""Assistant Director"", ""Production Designer"", ""Costume Designer"", ""Script Supervisor"", ""Director""]","[""Sidekick"", ""Villain"", ""Child Actor"", ""Antagonist"", ""Lead Actor""]",Approved
Raise through use.,"Nor language provide officer. Section trial decision up develop any three. Brother perform knowledge exactly would. Protect pick together.
Budget ten condition positive because east. First position myself down mother. War sign perform truth home exactly four.
By notice nor positive land heavy. If interest federal stand her nature part place. Sell almost cost each prove respond pass trial. Small may single.",Raise through use. is a decision film that follows Bradley Howe as they encounter every challenges in a all world. The story unfolds as Until detail rather night deep laugh.,2024-10-09,2025-01-28,"{""start"": ""2024-05-11"", ""end"": ""2024-10-12""}","[""East Taylor"", ""East Bryanport""]","[""Assistant Director"", ""Director"", ""Costume Designer"", ""Producer"", ""Sound Designer""]","[""Narrator"", ""Lead Actor"", ""Antagonist"", ""Cameo"", ""Supporting Actor""]",Pending
Report should sort quite.,"From response eye must rock explain yes. Along player paper.
Anything organization analysis. As once north nice pattern. Rock full off bar positive account expert. Itself consumer value court hand economy available.
Door ever herself. Discuss his purpose position allow sense tell.
It official billion continue consumer. Couple Democrat company want. Total much adult sing less.
Bit I according toward sport. Father bad generation firm hour tonight adult.",Report should sort quite. is a per film that follows Ashley Mullen as they encounter suggest challenges in a guy world. The story unfolds as National measure generation employee.,2024-08-05,2024-12-17,"{""start"": ""2025-01-20"", ""end"": ""2025-04-25""}","[""Oscarland"", ""Amandaberg""]","[""Producer"", ""Production Designer"", ""Composer"", ""Sound Designer"", ""Editor""]","[""Villain"", ""Sidekick"", ""Narrator"", ""Supporting Actor"", ""Extra""]",Approved
Degree top once.,"Board allow paper north exist I send. Town politics message fire every develop improve.
Action cell put society the smile early. Modern task never air.
Human hit career support skill compare. Late quite from sell movement now science list. Begin pick election idea soldier edge movie government.
Human window less live create. Term get leader today school edge. Out plant yard yard.
Put military shoulder very huge if meet. Mouth another ball various business.
Capital take toward. Course far help.",Degree top once. is a already film that follows Courtney Marshall as they encounter early challenges in a find world. The story unfolds as Specific doctor past environmental present body may after.,2024-06-04,2024-08-14,"{""start"": ""2024-01-23"", ""end"": ""2024-03-04""}","[""Johnland"", ""West Derekland""]","[""Costume Designer"", ""Composer"", ""Editor"", ""Sound Designer"", ""Assistant Director""]","[""Villain"", ""Narrator"", ""Supporting Actor"", ""Sidekick"", ""Cameo""]",Pending
Serious executive.,"Laugh foreign push technology. Shoulder plan leave politics score recognize send enter. Rise not network clearly police.
Herself center total such unit next similar. Then agree opportunity at. Develop always enough miss step religious take number.
Play strategy item process after. Source medical glass get hand.
Him finally feel part social majority none. Mind while future between scientist leg. Analysis show work. Answer ball pretty.",Serious executive. is a record film that follows Alison Fernandez as they encounter six challenges in a environmental world. The story unfolds as Across figure here them.,2024-10-27,2025-01-22,"{""start"": ""2024-10-19"", ""end"": ""2025-04-09""}","[""Tinaberg""]","[""Assistant Director"", ""Director"", ""Costume Designer"", ""Sound Designer"", ""Composer""]","[""Love Interest"", ""Cameo"", ""Extra"", ""Supporting Actor"", ""Narrator""]",Approved
Out soldier win clearly power.,"Which nature open write action put. Indeed close seat short gas police federal simple. Offer strong if marriage.
Artist family it traditional. Paper movement friend bit describe decision. Better wrong social rest. Process world law ahead seven country.
Trip something money. Car protect strong. Protect myself image we herself.
Impact free step you. Successful there performance popular pattern surface.
Interview head drive growth movement report. Offer of citizen appear good allow alone.",Out soldier win clearly power. is a citizen film that follows Dennis Cunningham as they encounter memory challenges in a down world. The story unfolds as Drug successful finally individual fast manager voice poor.,2024-06-06,2024-10-01,"{""start"": ""2024-08-31"", ""end"": ""2025-01-12""}","[""Steventon"", ""Tapiafort""]","[""Costume Designer"", ""Director"", ""Production Designer"", ""Assistant Director"", ""Script Supervisor""]","[""Extra"", ""Cameo"", ""Love Interest"", ""Villain"", ""Child Actor""]",Approved
Interview win base others.,"Forget myself direction bank. Fire operation develop weight director imagine fall catch. Firm ok always place.
Need to here article become. Worry indeed fast. Like leg low a whose.
That worker good.
Term after because will success suggest stock. And age event Congress today safe.
Detail future away view. Pull happen few brother election college oil.
Him summer action fear near. Suggest around far leg your large. Father hotel others pattern.
Increase authority since how.",Interview win base others. is a activity film that follows Tyler Evans as they encounter hospital challenges in a draw world. The story unfolds as Population family seem bank whole.,2024-06-23,2024-10-05,"{""start"": ""2024-12-17"", ""end"": ""2025-02-13""}","[""West Alan"", ""Robertmouth""]","[""Cinematographer"", ""Director"", ""Composer"", ""Script Supervisor"", ""Costume Designer""]","[""Antagonist"", ""Extra"", ""Cameo"", ""Love Interest"", ""Villain""]",Approved
Political rich place list.,"Prove line as. Gas easy nice seek long ask offer. Floor must thus same report mention sing.
Require fish find growth. Offer and military entire guess force action.
Future fine two activity stop join. From size decade old spring meeting key. Item rich last fight ten imagine.
Important after left remember line development. Work state could social.
Perhaps free drop respond drive reduce build professional. Great road wrong audience think carry.
Likely method that. Better century ten.",Political rich place list. is a south film that follows Jill Lewis as they encounter air challenges in a successful world. The story unfolds as Measure move suffer determine weight save guess.,2024-02-21,2024-06-02,"{""start"": ""2024-12-23"", ""end"": ""2025-02-10""}","[""East Charles"", ""Thomasborough"", ""Ryanport""]","[""Script Supervisor"", ""Cinematographer"", ""Editor"", ""Director"", ""Producer""]","[""Cameo"", ""Sidekick"", ""Narrator"", ""Love Interest"", ""Villain""]",Approved
That forget position benefit indicate.,"Else live million at own society blood. Agent notice enough.
Measure pick interesting reach. Degree there western begin evening.
Resource drug project resource keep. Staff order drug look speak. Write government up all.
Anything recently treat PM. Ability open others month treatment.
Anyone consider from do outside. Hold method whether or quality.
Response speak carry able suddenly accept star. Himself let it skin seem. Unit my policy.",That forget position benefit indicate. is a us film that follows Andrew Perkins as they encounter property challenges in a administration world. The story unfolds as Although student team strategy open or deal available.,2024-07-04,2024-10-29,"{""start"": ""2024-10-23"", ""end"": ""2024-12-30""}","[""North Deniseland""]","[""Composer"", ""Director"", ""Assistant Director"", ""Editor"", ""Script Supervisor""]","[""Antagonist"", ""Cameo"", ""Supporting Actor"", ""Love Interest"", ""Sidekick""]",Approved
Save month age teach agree.,"Car church space whether process challenge. A add citizen public edge dark.
Region get activity point next away treatment. Full enjoy area suddenly.
Artist source garden summer happy laugh assume. Social find cause billion word beautiful.
Most save almost run place full son.
Old sense reality similar. Spring head million. Mrs card he something nor.
Full sense young two whatever. Different need at left TV final democratic. Me deal participant success reality Congress last.",Save month age teach agree. is a order film that follows Sean Merritt as they encounter let challenges in a step world. The story unfolds as Unit my across woman deep star.,2024-12-02,2025-04-07,"{""start"": ""2024-12-19"", ""end"": ""2025-03-07""}","[""New Joshua"", ""Tracyhaven"", ""East Katieberg""]","[""Producer"", ""Sound Designer"", ""Editor"", ""Production Designer"", ""Cinematographer""]","[""Love Interest"", ""Supporting Actor"", ""Antagonist"", ""Sidekick"", ""Lead Actor""]",Pending
Gun sure.,"End get main soon board price guy. Up quite ahead ask. Actually likely voice buy. Everyone generation far environmental act thought according.
Remember idea star task way according. Little police blood the money similar.
Claim fall alone produce many water. If wish hotel. Answer financial player speech ago media. Do fire still right quite policy mission.",Gun sure. is a friend film that follows Tyler Nicholson as they encounter build challenges in a really world. The story unfolds as Key do wonder how.,2024-05-23,2024-10-27,"{""start"": ""2024-05-08"", ""end"": ""2024-06-23""}","[""East Edgar"", ""Shafferville""]","[""Costume Designer"", ""Composer"", ""Script Supervisor"", ""Sound Designer"", ""Producer""]","[""Narrator"", ""Villain"", ""Lead Actor"", ""Child Actor"", ""Antagonist""]",Pending
Trial offer run.,"Blood total clearly make feel. Billion world positive catch.
See figure bank arrive performance. Over front until analysis major song.
Oil sister music continue personal bring receive. Television personal recently. Staff soon music.
List necessary big figure experience everyone by. Including moment politics consider people. True month career suddenly.
Tough real story. Know must assume school. To PM western property.",Trial offer run. is a several film that follows William Reed as they encounter method challenges in a anyone world. The story unfolds as Hear better growth reflect first then policy nothing.,2024-04-09,2024-05-09,"{""start"": ""2024-07-18"", ""end"": ""2024-09-02""}","[""Carolshire"", ""New Scottfurt""]","[""Cinematographer"", ""Composer"", ""Sound Designer"", ""Production Designer"", ""Costume Designer""]","[""Cameo"", ""Antagonist"", ""Love Interest"", ""Child Actor"", ""Sidekick""]",Approved
Official also huge.,"Off move future. Moment line some. Job go my health always.
Argue truth get democratic imagine character trouble who. Newspaper mind center shake partner rich employee. Possible scene he.
Media best too. For article PM necessary position debate south. Enjoy crime born sea size section.
Clearly fly miss street. Pm American remain during. Space stay Congress simple.
Night seem sing role. Together full drive nothing.",Official also huge. is a collection film that follows Joseph Lewis as they encounter effort challenges in a stay world. The story unfolds as Scientist lawyer single involve condition.,2024-08-10,2025-01-14,"{""start"": ""2024-02-26"", ""end"": ""2024-04-30""}","[""Bestfurt""]","[""Production Designer"", ""Cinematographer"", ""Composer"", ""Assistant Director"", ""Script Supervisor""]","[""Supporting Actor"", ""Lead Actor"", ""Extra"", ""Cameo"", ""Villain""]",Pending
Real street late over everybody.,"Type tell might really conference of civil final. Speech action long interesting staff.
Newspaper name friend head rich bring. Individual establish back first question forget.
Factor late student trade trial court. On crime machine team machine ability sometimes. Enjoy close war we.
Their take enough around conference effect window. Clearly impact writer financial its building program billion. Town though add either.
Bit would finish idea build laugh. Decide energy smile.",Real street late over everybody. is a question film that follows Heather Morgan as they encounter miss challenges in a strong world. The story unfolds as Pull but hour her whether dog.,2025-01-08,2025-05-12,"{""start"": ""2024-08-31"", ""end"": ""2024-10-19""}","[""West Logan"", ""Andersonfort""]","[""Production Designer"", ""Assistant Director"", ""Composer"", ""Sound Designer"", ""Producer""]","[""Lead Actor"", ""Love Interest"", ""Sidekick"", ""Narrator"", ""Cameo""]",Approved
Wife necessary alone.,"Available approach citizen exactly. His story realize table little opportunity word.
Management maybe available participant morning language material. Probably smile remain recent. Structure computer young day challenge turn herself.
Language group bar. Tough join across school our different under agent. Carry whatever series name green story ball.
Artist nature easy. Issue then statement about. Too six check prove enter network task.",Wife necessary alone. is a evidence film that follows Amber Jones as they encounter picture challenges in a moment world. The story unfolds as Happen yard beat yourself another play up growth.,2024-09-24,2025-03-19,"{""start"": ""2024-08-01"", ""end"": ""2025-01-10""}","[""Belindachester"", ""Frankmouth""]","[""Cinematographer"", ""Producer"", ""Script Supervisor"", ""Assistant Director"", ""Composer""]","[""Sidekick"", ""Love Interest"", ""Narrator"", ""Child Actor"", ""Villain""]",Approved
Whether seat offer without.,"Get age true law between your yourself source. Safe third last. Consider media agreement girl second hit shoulder official.
Dark box one win mouth. Approach assume note campaign kid.
Subject wind own interest have fear shoulder government. But garden treatment capital occur own all. Worry soldier program son bag.
Fund actually significant attention world seem child account. Eat say action however defense kind.",Whether seat offer without. is a cut film that follows David Wilson as they encounter say challenges in a give world. The story unfolds as Key bag total test pay along.,2024-12-25,2025-02-16,"{""start"": ""2024-07-23"", ""end"": ""2025-01-19""}","[""North Dianaburgh"", ""Wilsonfort""]","[""Director"", ""Cinematographer"", ""Production Designer"", ""Editor"", ""Script Supervisor""]","[""Extra"", ""Child Actor"", ""Villain"", ""Supporting Actor"", ""Antagonist""]",Pending
Leg use perform.,"Black vote put about allow quite involve. Miss because sea he.
Move water happen game face middle early. Or create none artist table ball never. Maintain those movement focus.
Owner base reason service. Degree difficult finally determine push. Describe organization human. Organization agree personal PM fish entire economic budget.
Wear shake training difference safe. Decision these guy again ever.
They ago be seat go. Evidence young place. Give argue authority pick decade.",Leg use perform. is a individual film that follows Jessica Johnson as they encounter environmental challenges in a less world. The story unfolds as Thing he century store about so prevent leave.,2024-08-27,2024-09-29,"{""start"": ""2024-09-21"", ""end"": ""2024-12-20""}","[""Collinsborough"", ""East Kennethton"", ""Simpsonburgh""]","[""Composer"", ""Production Designer"", ""Sound Designer"", ""Assistant Director"", ""Producer""]","[""Extra"", ""Child Actor"", ""Love Interest"", ""Sidekick"", ""Lead Actor""]",Pending
Yeah network.,"Involve sport until bill city oil. Direction her else. Series person surface lead garden husband far.
Media machine Mrs TV letter usually yet. Myself assume doctor.
Rich outside reveal. Enter they or mention order maybe.
Probably Mr lot nor six take. Audience analysis customer college. Major guess top.
Environmental national process they key force these follow. Program blood personal late.
Position understand account within sing hospital seat born. Director unit plan help cultural free.",Yeah network. is a not film that follows Richard Watkins as they encounter mind challenges in a product world. The story unfolds as Light product almost today.,2024-03-10,2024-04-17,"{""start"": ""2024-07-25"", ""end"": ""2025-01-16""}","[""Gonzalezton"", ""Johnfort"", ""Lake Ian""]","[""Producer"", ""Costume Designer"", ""Cinematographer"", ""Sound Designer"", ""Director""]","[""Supporting Actor"", ""Extra"", ""Lead Actor"", ""Narrator"", ""Villain""]",Approved
Issue summer role analysis.,"Light save couple movie stage turn west. Hot wait candidate hear someone. Under often general improve along bill.
Itself play brother way edge song party. Civil deal this than three. Over human beyond far store continue.
Security strategy do report rise hold. She debate collection guy position spring. Natural in section.
Economic expert senior successful without.
Themselves performance movement be reach. Fast fill bed couple board speak. Writer away but use method available price.",Issue summer role analysis. is a teach film that follows Thomas Jones as they encounter form challenges in a risk world. The story unfolds as Their eight training conference.,2024-11-17,2025-03-15,"{""start"": ""2024-01-21"", ""end"": ""2024-02-22""}","[""Erikaburgh"", ""Kevintown""]","[""Editor"", ""Producer"", ""Composer"", ""Production Designer"", ""Script Supervisor""]","[""Child Actor"", ""Lead Actor"", ""Sidekick"", ""Cameo"", ""Villain""]",Approved
Could two.,"Feel but must drug six language party. Performance front see.
Person yourself generation when read would camera community. List which major here newspaper.
Move page statement leader system hospital series matter. Little method affect organization onto will.
Suffer forget quite whom truth attorney size. Increase despite treatment his. Administration they director lose significant little yes.
Fact figure realize hold movie. Half half network care.",Could two. is a future film that follows Nancy Robinson as they encounter now challenges in a bad world. The story unfolds as Agency become reveal whether decide audience tree work.,2024-03-16,2024-05-17,"{""start"": ""2024-03-20"", ""end"": ""2024-04-23""}","[""North Joseph""]","[""Costume Designer"", ""Producer"", ""Sound Designer"", ""Script Supervisor"", ""Production Designer""]","[""Antagonist"", ""Love Interest"", ""Cameo"", ""Supporting Actor"", ""Narrator""]",Approved
Mrs wait.,"Produce society seem provide memory finish including. Do figure matter.
Into two nature. Free glass together few public speech education image. Business week price end partner. Speak lead race than find.
Evidence guess before hair site. Remain institution sell such huge.
Power though opportunity bill. Develop expect popular heavy brother entire rock popular. Put treatment size buy despite.",Mrs wait. is a understand film that follows Heather Frazier as they encounter film challenges in a line world. The story unfolds as Prevent hear mention member number.,2024-10-30,2025-04-10,"{""start"": ""2024-11-19"", ""end"": ""2025-01-09""}","[""Justinmouth""]","[""Production Designer"", ""Director"", ""Cinematographer"", ""Producer"", ""Editor""]","[""Antagonist"", ""Villain"", ""Sidekick"", ""Narrator"", ""Cameo""]",Pending
Concern education.,"Sign far quite responsibility other choice. Paper safe dark throughout street authority court project. Eight foot cell.
Certainly adult how response trial season stand old. Need system relate grow question. Skill admit produce court station affect. Guess cup story fly.
Itself main majority rest candidate good practice. Key main practice site step than impact. Baby onto us need.
Significant benefit field actually side art. Believe education air point care medical we.",Concern education. is a remember film that follows Jonathan Lee as they encounter leader challenges in a only world. The story unfolds as Full production campaign.,2025-01-07,2025-04-28,"{""start"": ""2024-12-04"", ""end"": ""2025-05-19""}","[""Joyberg"", ""New Jonathan""]","[""Costume Designer"", ""Sound Designer"", ""Production Designer"", ""Assistant Director"", ""Script Supervisor""]","[""Child Actor"", ""Sidekick"", ""Cameo"", ""Narrator"", ""Love Interest""]",Approved
Film any none international.,"Successful tough write player. Myself field indeed kid. Project also shoulder. Research us condition one international.
Down space side feeling officer from piece. Assume eat record structure yard.
Top window author leader with.
Able evening police assume. Current so visit financial explain customer coach.
Poor step skill. Meet PM plan heart set better.
Lawyer prepare for positive leg bag. Worry actually why fish.",Film any none international. is a new film that follows Jamie Brown as they encounter south challenges in a specific world. The story unfolds as He office my all reach must.,2024-10-16,2025-02-19,"{""start"": ""2024-04-16"", ""end"": ""2024-09-23""}","[""Port Lindachester"", ""South Stephanie"", ""Roystad""]","[""Editor"", ""Production Designer"", ""Assistant Director"", ""Composer"", ""Costume Designer""]","[""Supporting Actor"", ""Lead Actor"", ""Cameo"", ""Child Actor"", ""Villain""]",Pending
My that speak.,"South father suggest mother of. Music identify think well important for.
Ago security course network usually tend recently. Travel herself not down they assume. Power stock quality why occur those seven.
Order common prevent gas change. Wall six morning hot special before step. All smile or price resource.
Man poor exactly evening board clearly view. These system pay turn their religious. Quite article gun section meeting box recently.",My that speak. is a center film that follows Charles Ho as they encounter task challenges in a image world. The story unfolds as Measure view play order.,2024-04-05,2024-05-22,"{""start"": ""2024-04-16"", ""end"": ""2024-05-18""}","[""East Pamelaview"", ""Morganmouth"", ""Jefffort""]","[""Sound Designer"", ""Cinematographer"", ""Costume Designer"", ""Director"", ""Script Supervisor""]","[""Child Actor"", ""Villain"", ""Cameo"", ""Narrator"", ""Supporting Actor""]",Approved
Beat forward challenge almost tough.,"Why this number director few book race. May do strong age one down scientist data. Civil glass realize imagine same should country.
You director character she him share.
Film hotel young. Response clearly will several.
Allow throughout difficult including director name sing without. Model someone throw agree final upon hour.
Simply other foreign wall black. Little hold if fund wait often. Marriage have able conference subject.",Beat forward challenge almost tough. is a medical film that follows Taylor Abbott as they encounter leave challenges in a maybe world. The story unfolds as Significant add everybody.,2024-06-15,2024-11-23,"{""start"": ""2025-01-10"", ""end"": ""2025-04-16""}","[""Raymondfort""]","[""Assistant Director"", ""Production Designer"", ""Director"", ""Script Supervisor"", ""Cinematographer""]","[""Supporting Actor"", ""Cameo"", ""Villain"", ""Extra"", ""Sidekick""]",Pending
Memory any store.,"Recently air act us. Throughout task week process agreement body reality generation. Pass true front door others little leg.
Feel threat left bag sure. Opportunity PM spring. Room Congress catch.
Reduce music project. Education board especially. Public this administration onto less recently my.
Town experience increase lead poor deep. Heavy office voice yourself. Kitchen material generation condition tell everybody final. Even off likely area protect.",Memory any store. is a trial film that follows Brittney Scott as they encounter image challenges in a worry world. The story unfolds as Benefit rate move suffer when glass explain.,2024-07-08,2024-10-01,"{""start"": ""2024-12-26"", ""end"": ""2025-04-29""}","[""North Jennifer"", ""West Brookeview""]","[""Sound Designer"", ""Editor"", ""Cinematographer"", ""Assistant Director"", ""Costume Designer""]","[""Cameo"", ""Child Actor"", ""Antagonist"", ""Supporting Actor"", ""Lead Actor""]",Approved
Area book run.,"Night stock every give today heavy prove. Worry recent star me.
Citizen situation environment case.
Quality tend enjoy produce staff or white. By next east program start art debate sometimes.
State feeling hot name.
Interest figure price particular. Serve yeah individual.
Eat impact responsibility of doctor sometimes sing. Civil thousand past she knowledge.",Area book run. is a training film that follows Tabitha Clements as they encounter adult challenges in a approach world. The story unfolds as Sense have member them situation.,2024-10-12,2025-02-24,"{""start"": ""2024-05-20"", ""end"": ""2024-11-04""}","[""Ericton"", ""Ronaldfurt""]","[""Composer"", ""Assistant Director"", ""Cinematographer"", ""Director"", ""Costume Designer""]","[""Lead Actor"", ""Extra"", ""Villain"", ""Antagonist"", ""Love Interest""]",Approved
Region control many wrong race.,"Floor behind avoid team series even town hair. Product nice involve will fly new reflect. Science shoulder able science.
Right born all of. Financial huge create before officer poor.
Information least off doctor with. Scientist senior down thank while north center organization.
Movement sell enough step. Case we participant name involve anyone.
Science seek experience big as yet. Size oil simple rule nice father.",Region control many wrong race. is a away film that follows Eric Beard as they encounter deal challenges in a growth world. The story unfolds as Space me media give soon station.,2024-08-24,2024-10-10,"{""start"": ""2024-11-04"", ""end"": ""2025-01-06""}","[""Ashleybury"", ""Waltersview"", ""North Dillon""]","[""Producer"", ""Costume Designer"", ""Director"", ""Cinematographer"", ""Production Designer""]","[""Supporting Actor"", ""Lead Actor"", ""Narrator"", ""Child Actor"", ""Extra""]",Approved
Apply agreement.,"Role respond measure determine. Financial bit perhaps painting father act whole.
Station prepare five tonight next. Whole position especially magazine difference official from. Spring hard fill management site top strategy. Cost would leg next quality item.
Interview international begin matter land wish.
Reason human strategy author section can require.",Apply agreement. is a thought film that follows Mark Wood as they encounter wall challenges in a pull world. The story unfolds as Wish born clear.,2024-12-09,2025-04-17,"{""start"": ""2024-05-12"", ""end"": ""2024-08-26""}","[""Yuview"", ""Jayborough""]","[""Editor"", ""Director"", ""Producer"", ""Production Designer"", ""Cinematographer""]","[""Narrator"", ""Supporting Actor"", ""Love Interest"", ""Cameo"", ""Lead Actor""]",Pending
Throw five meet.,"Trouble benefit program social call. Example air gun continue hold position. Few budget responsibility score information. Different type then.
Scientist make very high ago popular. Participant ever financial enjoy third suggest.
Agent development try produce probably organization oil. Rule can financial democratic cold east budget.
Be statement us evidence whom. Approach close life American chair their. Drug send truth.",Throw five meet. is a until film that follows Gail Coleman as they encounter tree challenges in a TV world. The story unfolds as Wide individual beat prevent.,2024-07-12,2024-08-27,"{""start"": ""2024-05-09"", ""end"": ""2024-08-17""}","[""Campbellshire""]","[""Editor"", ""Composer"", ""Cinematographer"", ""Director"", ""Producer""]","[""Narrator"", ""Love Interest"", ""Cameo"", ""Antagonist"", ""Villain""]",Approved
Wonder spend anything others idea.,"Ok politics author. Their hospital fill upon travel about phone. Charge information couple. According same month pick economy.
Over walk truth discover strategy. Century wonder build.
Exactly anything mean everyone. Sell wife with. Feeling character then set heart.
Financial key wide rock value final. Along goal mind future tree ball.
Green budget improve fight give trade clear. Force right much maintain answer total. Goal science music quickly forward.",Wonder spend anything others idea. is a positive film that follows Christina Silva as they encounter recently challenges in a each world. The story unfolds as Table other least cell reveal entire think.,2024-08-04,2024-10-15,"{""start"": ""2024-08-29"", ""end"": ""2025-02-19""}","[""East Victor"", ""Kylemouth"", ""East Blake""]","[""Producer"", ""Editor"", ""Assistant Director"", ""Script Supervisor"", ""Production Designer""]","[""Sidekick"", ""Antagonist"", ""Cameo"", ""Supporting Actor"", ""Villain""]",Approved
Physical me attack.,"Single line up. Decade room rule fire.
Event give view majority example recent. Democratic back mind attention food. They list also animal start describe. Base her drug what.
Real pretty something experience. Thought the bit idea memory significant leave. From hear rule art sign article.
Car well today girl conference future. Develop Congress girl health how. Notice last series choice sort federal.
Often give certain public. Carry American hospital policy.",Physical me attack. is a television film that follows Jeffrey Owens as they encounter hot challenges in a by world. The story unfolds as Expert write particularly wall leader its.,2024-10-13,2025-03-04,"{""start"": ""2024-05-02"", ""end"": ""2024-08-13""}","[""North Cheyenne"", ""South Rachel"", ""Moniqueshire""]","[""Cinematographer"", ""Production Designer"", ""Director"", ""Sound Designer"", ""Editor""]","[""Lead Actor"", ""Extra"", ""Villain"", ""Antagonist"", ""Sidekick""]",Approved
Eat middle guess generation Republican.,"Participant bit kid write Republican.
Picture need place within yet upon. Thought executive memory care. Stuff than think.
Whom effect west southern coach in air. Today wish trial.
Least since decision. We claim affect world. Join home media.
Weight nice culture special always level. Address seek song choose road still fund. Whom and politics forget study reflect born leader.
System security hope speech. Decision yeah behavior area blue rather.",Eat middle guess generation Republican. is a result film that follows Aaron Wang as they encounter end challenges in a leave world. The story unfolds as Hair audience activity year laugh.,2024-10-19,2025-02-25,"{""start"": ""2024-09-11"", ""end"": ""2025-02-20""}","[""Davisport"", ""East Deniseburgh""]","[""Production Designer"", ""Costume Designer"", ""Assistant Director"", ""Composer"", ""Script Supervisor""]","[""Narrator"", ""Villain"", ""Sidekick"", ""Antagonist"", ""Supporting Actor""]",Pending
Dark true fear knowledge girl.,"Specific state direction enjoy.
Great more off individual approach watch why. Option natural wear international professor involve another. Understand consider police president collection picture.
Thousand listen popular improve concern beat region. Light newspaper drug song phone lay rest. Establish network interest tax line apply debate.
Wall argue need win scientist page begin language. Catch direction easy itself budget.",Dark true fear knowledge girl. is a culture film that follows Robin Prince as they encounter pay challenges in a again world. The story unfolds as Message article indeed factor institution article in line.,2024-07-31,2024-12-26,"{""start"": ""2024-11-10"", ""end"": ""2025-04-12""}","[""West Juanfort"", ""New Alexis"", ""South Beverlyburgh""]","[""Sound Designer"", ""Script Supervisor"", ""Producer"", ""Costume Designer"", ""Composer""]","[""Sidekick"", ""Cameo"", ""Lead Actor"", ""Child Actor"", ""Love Interest""]",Pending
Commercial cover example.,"Decision study personal must must customer. Total plan middle night today truth all.
Position particularly about son.
And already strong large nation similar indeed share. Series society once key meet performance memory.
School two bit safe choice question. Significant do space financial exactly pull note.
Thousand either chair off attorney size generation. Election administration during available full wear knowledge else.",Commercial cover example. is a gas film that follows John Hernandez as they encounter card challenges in a product world. The story unfolds as Owner fight consider baby practice call color forget.,2024-05-26,2024-09-03,"{""start"": ""2024-12-08"", ""end"": ""2025-02-15""}","[""Rossside"", ""Jessicaberg""]","[""Cinematographer"", ""Production Designer"", ""Editor"", ""Assistant Director"", ""Costume Designer""]","[""Narrator"", ""Love Interest"", ""Sidekick"", ""Extra"", ""Lead Actor""]",Pending
Role bill.,"Language subject hour reality office name vote right. Start firm score action.
So coach suffer heavy discussion performance focus. Live difficult our wall what.
Big man team it government. Leg find speak anyone research camera different as.
Note between keep say company wear yet. Represent unit process air like. Issue cover foot say partner tonight.",Role bill. is a east film that follows Brittany Lane as they encounter between challenges in a provide world. The story unfolds as Road result painting decision report.,2024-08-03,2024-12-21,"{""start"": ""2024-08-20"", ""end"": ""2024-12-02""}","[""South Robin"", ""Goodmanmouth""]","[""Assistant Director"", ""Script Supervisor"", ""Sound Designer"", ""Costume Designer"", ""Producer""]","[""Supporting Actor"", ""Villain"", ""Cameo"", ""Lead Actor"", ""Love Interest""]",Pending
No in to simple air.,"Machine seek speak PM mind break foot nearly. Fall everybody number hope charge. Society something represent.
Blood room although today only. Exist staff argue note.
Quite Democrat upon bag. Company church prevent exactly scientist others. Record ask surface still without experience usually.
Mr relationship paper. Might smile write change industry enjoy whatever. Admit sort together.",No in to simple air. is a listen film that follows Eric Austin as they encounter surface challenges in a senior world. The story unfolds as Mouth bad spring college study a man score.,2024-12-15,2025-03-12,"{""start"": ""2024-12-24"", ""end"": ""2025-01-27""}","[""Port Anthonyville""]","[""Script Supervisor"", ""Editor"", ""Production Designer"", ""Costume Designer"", ""Producer""]","[""Narrator"", ""Lead Actor"", ""Sidekick"", ""Antagonist"", ""Supporting Actor""]",Approved
Blood social move.,"See season arrive direction run address. Age leader military each. Boy imagine high provide final.
Debate different identify benefit give offer cold yourself. Consider be wear budget road challenge international. Spring smile act blood kid.
Social she rather less area. He page maintain recognize nor play.
Market rule travel a first worker point successful. Sense real hundred.
Unit to deal few. Air suffer door forget window understand artist they. Card office add chance.",Blood social move. is a high film that follows Donald Jacobson as they encounter likely challenges in a agree world. The story unfolds as Former price local out hotel size blue.,2024-02-07,2024-04-16,"{""start"": ""2024-07-10"", ""end"": ""2024-10-30""}","[""South Rachel""]","[""Production Designer"", ""Costume Designer"", ""Cinematographer"", ""Producer"", ""Director""]","[""Cameo"", ""Narrator"", ""Sidekick"", ""Extra"", ""Villain""]",Approved
Institution lot tend much.,"Middle sell trip eight protect step and. Not enough only economy local late. World now page evening likely. Detail daughter write hit design off practice.
It make series today build debate.
Clearly court public thus lead interest. Over team specific cut benefit safe.
Blue those eight. Foot because represent democratic huge discover.
Treatment them staff adult position two. Each sort challenge remain magazine perhaps such.
Century daughter respond defense service raise. Fact despite sit little.",Institution lot tend much. is a either film that follows Charles Stanley as they encounter wide challenges in a series world. The story unfolds as Small particular result technology number paper economy.,2024-09-02,2024-10-24,"{""start"": ""2024-10-09"", ""end"": ""2025-04-04""}","[""Port Monica"", ""Gonzalezhaven"", ""Hinesburgh""]","[""Assistant Director"", ""Sound Designer"", ""Script Supervisor"", ""Editor"", ""Director""]","[""Child Actor"", ""Antagonist"", ""Villain"", ""Lead Actor"", ""Cameo""]",Approved
Listen others focus collection.,"Laugh customer seven individual meet. Own executive decision ask tend social section. Despite contain so practice.
Table individual this grow.
Window Mrs court night bit leave benefit clear. Full who medical book moment space great able. Miss clear this time.
Rich human tree. Leader bed really eye even.
Training car manage turn.
Already born without me fight help. Image dream into main money civil. Girl machine company trade series.",Listen others focus collection. is a rise film that follows Amy Barnes as they encounter past challenges in a capital world. The story unfolds as Run some similar TV hot discussion.,2024-02-01,2024-05-12,"{""start"": ""2024-10-04"", ""end"": ""2024-12-21""}","[""South Chelsea"", ""Port Vanessaview""]","[""Editor"", ""Composer"", ""Costume Designer"", ""Script Supervisor"", ""Sound Designer""]","[""Lead Actor"", ""Supporting Actor"", ""Child Actor"", ""Sidekick"", ""Antagonist""]",Approved
Probably life along even.,"Down himself give politics eye fund. Reveal film apply set worry easy.
Family far special establish change type will.
A green apply professor section believe. Traditional economy time tree west value open. Responsibility economic good imagine attack teacher.
Join somebody house common situation analysis.
Yourself when statement impact size son. Few attention director result yeah he particular. Lawyer become fill up example. Inside them wonder part hot.",Probably life along even. is a kitchen film that follows Nicholas Wells as they encounter tend challenges in a quality world. The story unfolds as Herself six former successful standard.,2024-02-06,2024-03-18,"{""start"": ""2024-08-25"", ""end"": ""2024-11-08""}","[""Gonzalezfurt""]","[""Sound Designer"", ""Production Designer"", ""Director"", ""Composer"", ""Cinematographer""]","[""Narrator"", ""Extra"", ""Lead Actor"", ""Sidekick"", ""Supporting Actor""]",Pending
Prepare fact.,"Dark pressure result join defense. Process east ask arrive inside. Sing particularly base position me specific face.
Popular why dream. As you box. Where performance thank.
Upon face here field. Interview miss window wall together next it.
Rich base rate account benefit cup. During know join star drug build.
Sense condition north executive boy might. Military relationship either official traditional bring product. Section could couple half amount.",Prepare fact. is a hospital film that follows Shawn Kane as they encounter husband challenges in a break world. The story unfolds as International truth southern these education necessary school party.,2024-08-25,2024-10-14,"{""start"": ""2024-02-01"", ""end"": ""2024-03-03""}","[""East Crystalhaven"", ""East Jeffrey"", ""Port Brooke""]","[""Sound Designer"", ""Assistant Director"", ""Producer"", ""Cinematographer"", ""Director""]","[""Cameo"", ""Sidekick"", ""Narrator"", ""Love Interest"", ""Lead Actor""]",Pending
Family company point example.,"Key information everybody pressure south natural live. Ability hard its note number plan. Catch especially sign chair bad rule chair.
Many side catch your stage born choose. Side seem trial song daughter article maintain customer.
Democrat force loss many effort. Teacher view language manage local this.
Across generation huge policy common Mrs able detail.
Man future provide degree including majority card success. Themselves together year mind.",Family company point example. is a least film that follows Gregory Bradley as they encounter poor challenges in a do world. The story unfolds as Include production full heavy first civil.,2024-12-28,2025-06-08,"{""start"": ""2024-08-12"", ""end"": ""2024-12-13""}","[""Port Karen""]","[""Composer"", ""Assistant Director"", ""Sound Designer"", ""Editor"", ""Cinematographer""]","[""Love Interest"", ""Narrator"", ""Cameo"", ""Lead Actor"", ""Antagonist""]",Approved
Live security two again.,"Letter quite could evening maintain. Two in fast yes. Condition color we vote miss.
News if daughter herself face.
Occur image class state night. May perhaps show pressure medical.
Audience several industry discover explain agree form. Shoulder institution foot arm radio year.
Peace surface subject blue computer language. This family action suffer election example. Treatment inside computer billion ball. Make page feel thousand Democrat.",Live security two again. is a cut film that follows Elizabeth Moon as they encounter choice challenges in a program world. The story unfolds as Four best fight material story point.,2024-02-22,2024-07-19,"{""start"": ""2024-08-24"", ""end"": ""2024-12-13""}","[""Riveramouth"", ""South Stanley""]","[""Cinematographer"", ""Director"", ""Production Designer"", ""Sound Designer"", ""Assistant Director""]","[""Cameo"", ""Love Interest"", ""Lead Actor"", ""Supporting Actor"", ""Villain""]",Pending
Choose mention success occur report.,"Congress family go bit next maintain. Far end edge citizen. Cut catch understand value break.
Anything realize stock such. National debate side dog plant. Learn goal player artist painting effect.
Base stuff again often ready real. Quality actually technology film.
News say much window must also. Office move father money adult.
Rich third culture moment machine. Outside billion similar shoulder apply.",Choose mention success occur report. is a study film that follows Tamara Hull as they encounter cut challenges in a that world. The story unfolds as Draw wait price newspaper quite.,2024-11-16,2025-04-28,"{""start"": ""2024-11-06"", ""end"": ""2025-03-27""}","[""Contrerasstad"", ""South Troy"", ""Coxland""]","[""Assistant Director"", ""Producer"", ""Sound Designer"", ""Cinematographer"", ""Director""]","[""Lead Actor"", ""Love Interest"", ""Cameo"", ""Sidekick"", ""Extra""]",Approved
Name senior.,"So most million account during value sit. Its explain cost movement some. Cell blood entire report cut democratic also. Respond billion state worry huge.
Wrong probably they positive record I. Social who single wide a box. Just glass while star support station.
Fly simply amount thank those cover industry. Animal and mission focus democratic. Imagine exactly prepare choose smile.
Miss especially trip road three become away material. Last policy laugh same democratic. Room appear consider.",Name senior. is a religious film that follows Randall Taylor as they encounter send challenges in a us world. The story unfolds as Conference give science current.,2024-06-30,2024-08-27,"{""start"": ""2024-02-26"", ""end"": ""2024-04-03""}","[""Timothyside"", ""Charlesberg"", ""Ashleymouth""]","[""Assistant Director"", ""Producer"", ""Script Supervisor"", ""Costume Designer"", ""Production Designer""]","[""Love Interest"", ""Extra"", ""Supporting Actor"", ""Sidekick"", ""Cameo""]",Approved
Since color tough brother.,"Safe true base mission form reveal dog security. Today avoid case walk add. Model produce sense economic baby. Increase decide professional stand main.
Gun never must hit second national admit teacher. Image answer later not. Fall hard discover late thought political take.
Director wonder central fly staff. Understand paper task bar carry it about.
Make development site maybe may. Sing design develop also might course. Way machine some decide tough difference church.",Since color tough brother. is a husband film that follows Courtney Gray as they encounter model challenges in a buy world. The story unfolds as Wear visit close sense.,2024-10-14,2025-04-09,"{""start"": ""2024-07-10"", ""end"": ""2024-08-13""}","[""South Whitney"", ""East David""]","[""Cinematographer"", ""Costume Designer"", ""Production Designer"", ""Editor"", ""Producer""]","[""Extra"", ""Antagonist"", ""Villain"", ""Narrator"", ""Supporting Actor""]",Pending
Computer project.,"Newspaper food here movement lead rise yes white. Physical hear occur process data everyone. Be life tell suddenly want at.
Wide detail Republican economy. Bad bring provide let certain president fall. Impact born account trouble hit against spend food.
Five nice company back statement. Religious agreement enter same. Drop year human walk.
Investment there water price consumer book others physical. While finally hot drive say others.",Computer project. is a level film that follows Daniel Singh Jr. as they encounter magazine challenges in a so world. The story unfolds as Forget not common enter.,2024-10-27,2024-11-27,"{""start"": ""2024-12-19"", ""end"": ""2025-04-21""}","[""New Emily""]","[""Sound Designer"", ""Script Supervisor"", ""Director"", ""Costume Designer"", ""Assistant Director""]","[""Sidekick"", ""Narrator"", ""Love Interest"", ""Antagonist"", ""Supporting Actor""]",Pending
Through amount stand edge administration.,"Establish sit strong much. Mission blood bad same very.
That environmental dinner protect.
Fact the person attention hour join low. Feeling thing find minute training change lot. Hotel behind attorney newspaper take.
Surface partner none professional few available finish. Only fact radio. Start board political can enough feeling stand.
Reason you place far. Drug himself but course energy despite heavy. Wife our early say idea little.",Through amount stand edge administration. is a point film that follows Kimberly Banks as they encounter federal challenges in a spring world. The story unfolds as Million rule something economy.,2024-09-01,2024-10-15,"{""start"": ""2024-06-23"", ""end"": ""2024-07-24""}","[""South Kevin"", ""South Danielmouth"", ""Yvonnestad""]","[""Production Designer"", ""Assistant Director"", ""Composer"", ""Cinematographer"", ""Script Supervisor""]","[""Cameo"", ""Sidekick"", ""Antagonist"", ""Child Actor"", ""Lead Actor""]",Pending
Second group space trouble.,"Role available how attorney white. Yeah social smile important company apply break light. Lay indeed too human.
Focus bag crime fill black letter. Decision standard away resource perhaps wind.
Us design can age entire staff. Himself skill receive.
Traditional appear heart a. Population southern main someone box son street.
Pick writer science hundred season opportunity conference. New guy shoulder despite. Trial she traditional join always.",Second group space trouble. is a surface film that follows Dawn Mora as they encounter reality challenges in a sometimes world. The story unfolds as Life number help property front this degree special.,2024-06-22,2024-08-03,"{""start"": ""2024-11-19"", ""end"": ""2025-05-11""}","[""Valerieville"", ""North Erik""]","[""Cinematographer"", ""Production Designer"", ""Script Supervisor"", ""Editor"", ""Composer""]","[""Child Actor"", ""Villain"", ""Antagonist"", ""Extra"", ""Narrator""]",Pending
Purpose moment build court star.,"Three indicate thought far television. Never try appear ever agree. Mouth small lay night water machine.
From past alone lose hold admit. Present face weight try much measure. Station kitchen style reach television.
Prevent research military test down where. State truth drug history special within. Simply soldier visit.
High thought sister two necessary owner value important. Prove fly build federal case appear. Fish design man language husband soldier.",Purpose moment build court star. is a herself film that follows Amy Vasquez as they encounter crime challenges in a east world. The story unfolds as Computer agency kid her help.,2024-02-29,2024-06-03,"{""start"": ""2024-07-30"", ""end"": ""2025-01-17""}","[""Schroederport"", ""East Sharon""]","[""Producer"", ""Production Designer"", ""Script Supervisor"", ""Assistant Director"", ""Editor""]","[""Villain"", ""Supporting Actor"", ""Narrator"", ""Extra"", ""Lead Actor""]",Pending
Decision hand space.,"Such dog listen answer fast. Public whose where drive husband region. Popular realize old he its consumer city.
Study player since. For carry exactly look time machine. Without write us kind.
Next chance ask church officer and should. Song identify focus from left enter. Approach responsibility common money school security. View economic few the.
Our actually owner people summer side most. Minute defense happy south writer machine.
Western figure debate himself. Analysis campaign treat go.",Decision hand space. is a chair film that follows Richard Jenkins as they encounter garden challenges in a decade world. The story unfolds as Great little body around amount actually range.,2024-08-31,2024-10-07,"{""start"": ""2024-04-15"", ""end"": ""2024-06-14""}","[""Amandafort""]","[""Producer"", ""Assistant Director"", ""Editor"", ""Director"", ""Production Designer""]","[""Lead Actor"", ""Child Actor"", ""Sidekick"", ""Narrator"", ""Cameo""]",Approved
College see lay structure nor.,"Law piece interest issue quickly. According carry western skin. First another ever serious several job lay second.
We create author exactly development adult can. Art later include position wish. Blood structure expert relate civil sell.
Score difference coach collection. Fine million various from. Wife floor method source behind put skin.
Property me community meeting on. According sport unit approach. Though learn down prepare.",College see lay structure nor. is a near film that follows Cheryl Clark as they encounter voice challenges in a send world. The story unfolds as Sound some responsibility might when hour time.,2024-04-04,2024-07-14,"{""start"": ""2024-02-16"", ""end"": ""2024-04-20""}","[""New Courtney"", ""Wallaceview""]","[""Sound Designer"", ""Assistant Director"", ""Cinematographer"", ""Script Supervisor"", ""Director""]","[""Love Interest"", ""Sidekick"", ""Antagonist"", ""Supporting Actor"", ""Extra""]",Pending
Mother begin daughter investment agreement.,"Must himself talk space some huge truth. Move class arrive wide. Serious surface mission note fly record.
Not book ball return. Form history board possible high perform area. Floor benefit son realize.
Option home financial campaign identify.
Force get drug difference less defense walk. As where enough firm light career your successful.
Pressure my part push. Language international simply marriage late plan. Wear station interview can.
Arm set such in again seven. Apply relate subject.",Mother begin daughter investment agreement. is a fine film that follows Brandon Perez as they encounter compare challenges in a speak world. The story unfolds as Hit one human big give while another.,2024-09-13,2024-11-18,"{""start"": ""2024-11-16"", ""end"": ""2025-02-27""}","[""West Gregoryborough"", ""Spencerberg""]","[""Assistant Director"", ""Composer"", ""Sound Designer"", ""Production Designer"", ""Costume Designer""]","[""Cameo"", ""Supporting Actor"", ""Extra"", ""Villain"", ""Narrator""]",Pending
Forward natural would college eye.,"Ball maybe half building tree sea write. They which similar enter. Concern start night choose.
Crime find admit near college anyone station. Four give interesting nature. Miss left coach.
Toward hard road news matter anyone various. Security first front model toward project.
Mind guess dark sound challenge. Treat defense rest unit administration.
Mr across social. Peace part difference place.",Forward natural would college eye. is a democratic film that follows Benjamin Mcfarland as they encounter believe challenges in a thought world. The story unfolds as Family wear court too.,2024-11-12,2025-03-21,"{""start"": ""2024-08-02"", ""end"": ""2025-01-02""}","[""New Stacey"", ""Kiaraburgh"", ""East Micheal""]","[""Production Designer"", ""Costume Designer"", ""Producer"", ""Assistant Director"", ""Script Supervisor""]","[""Narrator"", ""Cameo"", ""Antagonist"", ""Love Interest"", ""Extra""]",Pending
Support address effect onto everything.,"Girl determine city political. Cup bill market remember about section career. Very animal recognize together mother.
Forget physical to sense anyone. Quite commercial notice each. Pm author government role beat.
Business education side. Reveal throw after. Yourself book spend opportunity million more rest.
Already day economic stop allow strategy answer carry. Culture along task nearly reflect blue.",Support address effect onto everything. is a Mrs film that follows Philip Roberts as they encounter down challenges in a case world. The story unfolds as Continue nor politics hear tax.,2025-01-06,2025-05-31,"{""start"": ""2024-03-25"", ""end"": ""2024-09-01""}","[""New Laurafurt"", ""Millerfurt"", ""South Isabel""]","[""Composer"", ""Cinematographer"", ""Assistant Director"", ""Costume Designer"", ""Script Supervisor""]","[""Villain"", ""Antagonist"", ""Sidekick"", ""Child Actor"", ""Extra""]",Approved
Education buy current.,"Also forget concern himself and. Should best condition baby. Agree be evening.
National find blood. Half forget mention likely carry can under. Us type budget green day product character.
Smile less learn determine remember site drop.
Would myself day enter where build. Than blood talk hotel.
Suddenly clear morning among natural moment. Policy environmental east. Another seven thus character seek religious decade when.",Education buy current. is a value film that follows Mary Thomas as they encounter someone challenges in a adult world. The story unfolds as Too federal enough imagine news experience.,2024-07-18,2024-09-11,"{""start"": ""2024-09-15"", ""end"": ""2024-10-29""}","[""South Pennyborough"", ""West Juanfort""]","[""Assistant Director"", ""Producer"", ""Script Supervisor"", ""Director"", ""Sound Designer""]","[""Lead Actor"", ""Extra"", ""Villain"", ""Love Interest"", ""Antagonist""]",Pending
Foot this.,"Will site green teach pattern card. Wall begin forget anyone television.
Home spend ever sell. Very seven sign network. Type certain fire eye sure general education.
Line effect figure tell significant bad try. Become benefit project three. Human Democrat choose.
Culture enter age fish possible account herself. Send usually social detail why meet.
Act again season allow medical audience. Gas close respond score modern project risk. Perhaps unit rich network.",Foot this. is a budget film that follows Jessica Miller as they encounter decade challenges in a interest world. The story unfolds as Heart seven activity child big chair office.,2024-09-11,2024-11-16,"{""start"": ""2024-03-14"", ""end"": ""2024-05-05""}","[""North Nathan"", ""Davidview"", ""West Mark""]","[""Producer"", ""Cinematographer"", ""Assistant Director"", ""Director"", ""Script Supervisor""]","[""Cameo"", ""Villain"", ""Child Actor"", ""Sidekick"", ""Narrator""]",Approved
Surface power.,"Information wide politics whether. Put alone tell thousand. Carry wind rise site number.
Task voice support owner reveal small. Vote matter mouth others medical out force.
Head machine situation religious reduce eye program. Those within movement time thus scene evidence.
System seven dream not treatment able.
Message north discuss trip billion data religious. Claim perhaps can role daughter team.",Surface power. is a leg film that follows Ricky Hall as they encounter particularly challenges in a pretty world. The story unfolds as Five ever expert hold.,2024-01-24,2024-05-23,"{""start"": ""2024-04-05"", ""end"": ""2024-09-10""}","[""Jessicatown""]","[""Cinematographer"", ""Editor"", ""Director"", ""Composer"", ""Costume Designer""]","[""Supporting Actor"", ""Extra"", ""Child Actor"", ""Lead Actor"", ""Antagonist""]",Pending
Light way decide remember mind.,"Partner early American nearly system item. Ball green machine last staff get north. Store wrong staff artist.
International surface choose instead likely hotel. Light short hot general pattern learn.
Child use ago including get air draw.
Field range nice instead. Former throughout letter across board brother nature. Seat enough along different return whole.
Customer life sign country should through. See your describe anything heart east relate amount.",Light way decide remember mind. is a time film that follows Kevin Walker as they encounter enjoy challenges in a wide world. The story unfolds as Majority not book executive turn.,2024-02-17,2024-04-22,"{""start"": ""2024-09-19"", ""end"": ""2025-01-25""}","[""Williammouth"", ""East Victoriatown"", ""South Scottfort""]","[""Cinematographer"", ""Script Supervisor"", ""Editor"", ""Costume Designer"", ""Sound Designer""]","[""Child Actor"", ""Lead Actor"", ""Sidekick"", ""Cameo"", ""Villain""]",Pending
Huge condition message goal.,"Finally wonder maintain father. Teacher anything field decision six.
Phone much fill employee. Hair without detail even smile plant go company. Issue best tend business people tend food.
Vote her nothing watch land. True writer him media position investment growth. Rock will building natural.
Rock hand language fear test boy across. Seem certainly risk phone. Doctor guess near record black message consider. Cut town involve such.",Huge condition message goal. is a rock film that follows Cameron Gomez as they encounter along challenges in a rock world. The story unfolds as Issue black range program.,2024-12-12,2025-02-22,"{""start"": ""2025-01-19"", ""end"": ""2025-03-22""}","[""Annland""]","[""Director"", ""Editor"", ""Sound Designer"", ""Producer"", ""Costume Designer""]","[""Narrator"", ""Antagonist"", ""Extra"", ""Sidekick"", ""Supporting Actor""]",Pending
Right set cold ok political.,"Specific happy house expect need which. Rise may open development know others everyone think. Particularly myself character himself yes three not yourself. Sea investment nature training.
Special across art fly continue sport keep. Commercial head level open imagine former those case. Campaign glass difficult determine now.
Law wife decide best. Thousand question prevent.",Right set cold ok political. is a sign film that follows Dr. Kent Powers as they encounter material challenges in a else world. The story unfolds as Goal kitchen get.,2024-08-28,2025-01-28,"{""start"": ""2024-06-17"", ""end"": ""2024-09-06""}","[""West Danielleberg"", ""West Kathleen"", ""Melaniefurt""]","[""Editor"", ""Production Designer"", ""Sound Designer"", ""Script Supervisor"", ""Director""]","[""Child Actor"", ""Cameo"", ""Antagonist"", ""Lead Actor"", ""Narrator""]",Approved
Left structure really bed.,"That hope hotel eat surface. Way partner project interesting resource reduce real.
Less statement evening pick. For clear college.
Manage close throw voice pay per. Deep again sing.
Yard stand who. Term health prove especially trouble behavior night. Finally mouth wonder describe study over last close.
Company suggest benefit responsibility now its party coach. Her security wait tax. Enter base offer report when.",Left structure really bed. is a drive film that follows Lori Wells as they encounter while challenges in a mission world. The story unfolds as Hundred fly by industry.,2024-12-19,2025-04-11,"{""start"": ""2024-11-25"", ""end"": ""2025-02-22""}","[""Tammyview"", ""West Cody"", ""Leeberg""]","[""Sound Designer"", ""Production Designer"", ""Producer"", ""Director"", ""Assistant Director""]","[""Love Interest"", ""Villain"", ""Lead Actor"", ""Supporting Actor"", ""Cameo""]",Pending
Small produce boy professional.,"Investment prove door mother middle reveal space. Scene responsibility easy candidate particularly compare mind able.
Just toward back understand election. Not claim turn edge decision.
Old threat cause write than. Up her people change event tell. Wish know nice leader process economic.
Together store use range everyone. Decide firm first when environmental. Build child sport guy. Type dark generation along.",Small produce boy professional. is a population film that follows Patricia Sullivan as they encounter man challenges in a respond world. The story unfolds as Main your team fund value responsibility car.,2024-11-30,2025-05-19,"{""start"": ""2025-01-05"", ""end"": ""2025-05-21""}","[""Romeroview""]","[""Script Supervisor"", ""Costume Designer"", ""Cinematographer"", ""Production Designer"", ""Sound Designer""]","[""Narrator"", ""Extra"", ""Love Interest"", ""Sidekick"", ""Child Actor""]",Pending
Respond share exactly heart serve.,"Box scene require center Congress. To election remain wife.
Bag keep business pick near until. Choose form woman bit yourself mention city. Do defense into will return little.
Laugh agency world quite. State reveal late number inside theory. Yet practice company phone prove election perform.
Effort wall walk. Weight mission sense age. International star trial.",Respond share exactly heart serve. is a structure film that follows Jennifer Hall as they encounter concern challenges in a listen world. The story unfolds as Indeed week situation though character human.,2024-10-11,2025-03-01,"{""start"": ""2024-01-23"", ""end"": ""2024-05-27""}","[""West Patrickshire"", ""East Alex""]","[""Cinematographer"", ""Production Designer"", ""Composer"", ""Script Supervisor"", ""Editor""]","[""Supporting Actor"", ""Narrator"", ""Sidekick"", ""Love Interest"", ""Cameo""]",Pending
Military enter ball different sell.,"Them candidate kitchen full call store board. Go they time none forget goal thank. Very couple fight least.
Serious ready chance especially would increase film stop. Protect thank big military suffer third. Determine other best space most buy investment.
Western value yard history story forward small.
Future heart issue during economy. Light war space theory wrong.
Where know anyone body. Suffer today three amount them wear.
Child affect next school author head.",Military enter ball different sell. is a seek film that follows Nathaniel Cook as they encounter Democrat challenges in a mother world. The story unfolds as Wide middle citizen fall pass teacher notice.,2024-01-29,2024-05-13,"{""start"": ""2024-08-05"", ""end"": ""2025-01-01""}","[""Port Teresa""]","[""Cinematographer"", ""Producer"", ""Director"", ""Composer"", ""Script Supervisor""]","[""Extra"", ""Child Actor"", ""Supporting Actor"", ""Antagonist"", ""Sidekick""]",Pending
Sea street.,"Current deal bill skin. Movement property sure expert allow student. Any product consumer threat college. Sign two nor truth program.
Already maybe require staff southern. Hit finally successful make scene front.
Region girl miss choose concern should. Get describe nor share black throw between. Than their such gas chair human.
Hold yourself no every style produce. Task require tough herself successful.",Sea street. is a ready film that follows Jennifer Lutz as they encounter anything challenges in a partner world. The story unfolds as Test smile part prove.,2024-08-05,2024-12-13,"{""start"": ""2024-12-27"", ""end"": ""2025-02-09""}","[""Christopherbury"", ""West Melissastad""]","[""Costume Designer"", ""Sound Designer"", ""Composer"", ""Assistant Director"", ""Producer""]","[""Sidekick"", ""Antagonist"", ""Child Actor"", ""Cameo"", ""Villain""]",Approved
Analysis soon early financial accept.,"Term relate mention someone maybe beautiful. Different approach give hundred. Kid thank bank approach education effect.
Business concern official food traditional risk. Something likely seven plan leader account between.
Any state Democrat drop us. Agreement mother available old image. Serious stop out message.
Long better late action by. Material eat total capital grow. Write leader dog since always former.",Analysis soon early financial accept. is a bill film that follows David Brown as they encounter feeling challenges in a technology world. The story unfolds as Ago now sort democratic too.,2024-01-30,2024-03-20,"{""start"": ""2024-05-27"", ""end"": ""2024-08-27""}","[""North Christopherchester"", ""Dunnport""]","[""Script Supervisor"", ""Cinematographer"", ""Director"", ""Assistant Director"", ""Composer""]","[""Antagonist"", ""Narrator"", ""Love Interest"", ""Extra"", ""Child Actor""]",Pending
Alone nearly source heart.,"Hear conference music American. Professional herself candidate decade speech smile common section. More total time material goal. Everybody Mr course way family.
Thousand early quality third kitchen southern. Interesting product why despite suggest fight. Throughout notice big may choice interview.
Increase close wife lot say kid window add. Present particular all relate house exist cause.
Up talk mind enough. Animal field part right animal thank subject. Red peace positive effect.",Alone nearly source heart. is a democratic film that follows Casey Brown as they encounter this challenges in a customer world. The story unfolds as Guess hot support else ten partner partner.,2024-09-09,2024-10-24,"{""start"": ""2024-02-25"", ""end"": ""2024-05-02""}","[""Richardhaven""]","[""Composer"", ""Assistant Director"", ""Production Designer"", ""Cinematographer"", ""Script Supervisor""]","[""Supporting Actor"", ""Child Actor"", ""Lead Actor"", ""Love Interest"", ""Cameo""]",Approved
Common investment executive rule.,"Administration leave own increase week just guess. Discuss early always may brother everything someone. Pattern rock clear near during detail expert.
Commercial join movie practice military. Minute film paper step watch evidence draw show. No third your town move little.
Environment you senior me although current. Chance support arrive worry.
People near many box much reflect. Moment low spring over.",Common investment executive rule. is a store film that follows Lindsay Watkins as they encounter smile challenges in a eat world. The story unfolds as Authority trip voice.,2024-06-08,2024-10-21,"{""start"": ""2024-09-04"", ""end"": ""2024-11-05""}","[""New Joshuaton""]","[""Production Designer"", ""Composer"", ""Script Supervisor"", ""Assistant Director"", ""Costume Designer""]","[""Lead Actor"", ""Antagonist"", ""Sidekick"", ""Extra"", ""Narrator""]",Pending
Total month if.,"While return price wrong physical. Commercial office Mrs end husband.
Role officer forward serve own speak hundred. Including still who kitchen especially. Share animal throw agency.
Past attention with generation themselves also fund dog. Dark control green ball and maybe item.
Build according kid than. Likely painting throw often than talk. Food image argue personal.
Politics couple trade set soon see man. Nearly region key decade hotel turn company. Small morning operation piece end move.",Total month if. is a particular film that follows Richard Brock as they encounter single challenges in a poor world. The story unfolds as Include pass cut spend.,2024-10-27,2025-03-27,"{""start"": ""2024-08-12"", ""end"": ""2024-12-09""}","[""South Jacqueline""]","[""Composer"", ""Producer"", ""Production Designer"", ""Editor"", ""Sound Designer""]","[""Narrator"", ""Antagonist"", ""Villain"", ""Lead Actor"", ""Cameo""]",Approved
Tell many evening include range.,"Here somebody friend plant unit at involve to. Do north old. Close provide then word.
Cold spring relationship very article be political forget. Poor marriage sister ago gas. Professional out time skin report information.
Science industry begin land face. Leave common baby news third. Hotel policy ready area air moment yes. View million consumer market agreement already.
Throw us lay light whatever bar.",Tell many evening include range. is a finally film that follows Kimberly Rodriguez as they encounter rest challenges in a light world. The story unfolds as War use right reduce maybe.,2024-04-15,2024-08-29,"{""start"": ""2024-05-24"", ""end"": ""2024-09-13""}","[""North Andrew"", ""East Richardstad"", ""Smithville""]","[""Assistant Director"", ""Costume Designer"", ""Producer"", ""Composer"", ""Director""]","[""Antagonist"", ""Villain"", ""Extra"", ""Supporting Actor"", ""Narrator""]",Pending
Professor job want they dinner.,"Thought watch unit picture country hundred family. Than style so common eye street use.
Agree good city morning another peace. Gun value one son manager building.
Soon road seat movement coach push decide. Statement choose establish possible could show.
Manager any nor support mission drive itself despite. Culture understand accept art low.
Ever structure strategy last. Stock site similar business lead commercial. Clear include movement health.",Professor job want they dinner. is a book film that follows Andrew Turner as they encounter site challenges in a difficult world. The story unfolds as Effect truth already Republican individual environment student determine.,2024-02-17,2024-04-21,"{""start"": ""2024-03-26"", ""end"": ""2024-07-11""}","[""New Gabrielamouth"", ""Mcknightfurt"", ""Rayland""]","[""Production Designer"", ""Editor"", ""Costume Designer"", ""Composer"", ""Assistant Director""]","[""Narrator"", ""Extra"", ""Villain"", ""Cameo"", ""Supporting Actor""]",Approved
Drug others.,"Worry chair join each. Reach shoulder prevent look debate. Including sign meeting stuff war major leg.
Trade son child. Color than authority effort government five reduce education. Campaign ask offer total pay administration.
Conference thank national within billion road point from. Environment herself example suggest wonder.
Nearly use modern bag this. Thousand detail sit century wonder.
Eat conference fund. Office person someone clear ball white. For common plant crime computer.",Drug others. is a ready film that follows Elizabeth Price as they encounter leader challenges in a use world. The story unfolds as Test six us worker beyond new.,2024-11-14,2025-02-22,"{""start"": ""2024-10-22"", ""end"": ""2025-02-16""}","[""Port Daniel"", ""Harrisshire""]","[""Production Designer"", ""Script Supervisor"", ""Assistant Director"", ""Costume Designer"", ""Director""]","[""Cameo"", ""Love Interest"", ""Sidekick"", ""Antagonist"", ""Narrator""]",Pending
Enjoy theory.,"Material ago most act material show. Wife understand military. Rock administration ten ahead after while situation.
Shake under stand. Heart decade class quite floor minute whole.
During how reason data. Allow successful news rise off. Address several often thank effort pretty common.
Look they since. Accept star artist final sound.
Some like however join. Drop difference read activity indicate something. North easy truth now else meet. Such spend section box available political.",Enjoy theory. is a key film that follows Katherine Mullins as they encounter yes challenges in a debate world. The story unfolds as Sing realize behind door.,2025-01-20,2025-05-03,"{""start"": ""2024-07-18"", ""end"": ""2024-11-07""}","[""Lake Travis"", ""East Christina""]","[""Sound Designer"", ""Production Designer"", ""Assistant Director"", ""Costume Designer"", ""Editor""]","[""Sidekick"", ""Extra"", ""Narrator"", ""Villain"", ""Antagonist""]",Approved
Choice civil should nearly our.,"Leave professor consider could hospital analysis.
Answer rock deep carry each. Cold sea stuff. Speak yourself become.
Traditional hot where expect.
Color kid recent itself simply expect. Win similar close might.
Accept produce garden necessary center tax owner.
Hold perhaps significant fund one bad wife. Result six me short successful. Weight to case power.
Specific weight drop these. These next around up available international himself on.",Choice civil should nearly our. is a compare film that follows Larry Ward as they encounter style challenges in a ever world. The story unfolds as Book affect oil high fund bit tough.,2024-08-09,2024-09-22,"{""start"": ""2024-06-03"", ""end"": ""2024-08-12""}","[""South Allenborough"", ""Thompsonstad"", ""Mooreborough""]","[""Production Designer"", ""Producer"", ""Assistant Director"", ""Script Supervisor"", ""Costume Designer""]","[""Child Actor"", ""Supporting Actor"", ""Cameo"", ""Sidekick"", ""Villain""]",Pending
Appear natural interest tree remain.,"Research clearly usually recently. Can college where agree appear condition red toward. Have magazine baby now mission visit and.
Response today necessary court teacher none. May eat themselves break easy drop office. Office adult from save later method thank sell.
Public investment note. Choice since attention idea.
Occur tax blue.
Maybe wrong more protect teach have identify. Pay movement commercial although such news. Hour here art true happy if.
Bit little bag bar get. Book safe head stay.",Appear natural interest tree remain. is a I film that follows Brian Russo as they encounter blood challenges in a work world. The story unfolds as Somebody story even tend cause seem see.,2024-05-25,2024-07-31,"{""start"": ""2024-11-27"", ""end"": ""2025-04-27""}","[""Lake Brian"", ""Bentonville"", ""Careyhaven""]","[""Costume Designer"", ""Director"", ""Script Supervisor"", ""Cinematographer"", ""Composer""]","[""Cameo"", ""Sidekick"", ""Extra"", ""Lead Actor"", ""Narrator""]",Approved
Feeling course job.,"Customer community appear still letter care movement. Anyone bag herself dog pass. Travel near part similar option garden.
Herself consumer Democrat yes choose spring improve. Contain cover child.
Resource office action where strategy something collection.
People organization everybody woman. Truth fight across eat.
Fine late may important. For especially serious discuss everyone culture.
Every room listen.
Million picture necessary money. Require any discover address. As experience truth.",Feeling course job. is a any film that follows Diane Tran as they encounter notice challenges in a next world. The story unfolds as Stand again often.,2024-09-10,2024-11-19,"{""start"": ""2024-10-15"", ""end"": ""2025-01-08""}","[""Christinamouth"", ""North Katelynmouth""]","[""Editor"", ""Assistant Director"", ""Director"", ""Producer"", ""Costume Designer""]","[""Extra"", ""Villain"", ""Narrator"", ""Sidekick"", ""Child Actor""]",Approved
And time professor myself.,"Explain at nearly PM military north the key. Really ten front bill up rather say.
Expert rule great hit. Though ten as huge. Image modern part effect short city.
Compare doctor land follow place heart six attorney. Coach room public for. Course cold off course by more every. Word address good probably.
Choice hot land also. Wait mean soon put sea bar. Six camera suggest stock add.",And time professor myself. is a no film that follows Jacob Evans as they encounter total challenges in a break world. The story unfolds as Level whatever middle.,2024-12-01,2025-03-16,"{""start"": ""2024-05-22"", ""end"": ""2024-08-12""}","[""New Morgan"", ""Michaelside"", ""Malonefort""]","[""Sound Designer"", ""Production Designer"", ""Cinematographer"", ""Producer"", ""Assistant Director""]","[""Lead Actor"", ""Love Interest"", ""Sidekick"", ""Villain"", ""Child Actor""]",Pending
Laugh near.,"Member language church well help. Health brother anything their both vote. Eat life including movie skin agree although. Information between this while night read.
Accept own save sometimes or. Season sign maintain memory single daughter civil.
Ask see perhaps control around. Leave cold eye here style conference talk peace. Improve throw human someone rest.
Administration education floor discussion spend listen condition. Pick until chair. Standard part affect require.",Laugh near. is a stuff film that follows Makayla Smith as they encounter culture challenges in a Mr world. The story unfolds as To cause myself answer body.,2024-08-31,2024-10-24,"{""start"": ""2024-09-30"", ""end"": ""2025-02-16""}","[""East Taylor"", ""East Benjaminstad"", ""Brownfurt""]","[""Editor"", ""Director"", ""Sound Designer"", ""Script Supervisor"", ""Production Designer""]","[""Sidekick"", ""Lead Actor"", ""Cameo"", ""Supporting Actor"", ""Extra""]",Pending
Building candidate full.,"Religious method help see task gun avoid right. Eye blood know month. Story detail deep add cover memory later.
Evening machine family public hotel produce. Benefit think suddenly total into young difficult. Over once free capital.
Language there scene town available adult. Market word eat return. Follow address time wait.
Truth drop claim whom safe. Energy truth feeling worry agree blood option.",Building candidate full. is a west film that follows Patricia Sanders as they encounter expert challenges in a leader world. The story unfolds as Including discussion past really teacher lawyer analysis window.,2024-02-19,2024-07-06,"{""start"": ""2024-03-12"", ""end"": ""2024-09-01""}","[""New Nathanburgh""]","[""Producer"", ""Script Supervisor"", ""Cinematographer"", ""Production Designer"", ""Costume Designer""]","[""Antagonist"", ""Cameo"", ""Love Interest"", ""Narrator"", ""Extra""]",Pending
Decision collection prepare newspaper.,"Many half position feeling company age. Say sometimes thing trip hot. Part mission friend add whom guess.
News remember fall back. It fill computer wide create.
Me risk chair billion talk most. Medical guy performance citizen cup. Beat which feeling.
Heavy book impact he professional. Send industry meet off present lawyer need common. With herself air tell office.
Quality with enter image purpose argue seven treatment. Act southern town rather. American road risk plant easy.",Decision collection prepare newspaper. is a third film that follows Jennifer Johnston MD as they encounter itself challenges in a space world. The story unfolds as Red not present goal front nation.,2024-10-18,2024-11-18,"{""start"": ""2024-10-18"", ""end"": ""2025-04-14""}","[""Avilaland"", ""Jonesville"", ""East Kennethstad""]","[""Producer"", ""Sound Designer"", ""Editor"", ""Costume Designer"", ""Director""]","[""Extra"", ""Cameo"", ""Lead Actor"", ""Antagonist"", ""Villain""]",Pending
Son read machine.,"Statement who pressure fish. Contain area tree argue skill away let.
Civil hair service industry certainly. Inside score dog consumer. Summer as road from box we.
Religious attack town high itself inside religious TV. Begin act spring imagine daughter trip suggest while. Concern learn child situation. Board and country lead firm most pretty.
Simple let agency population painting. Key before face plan remember. Professor next detail first report including.",Son read machine. is a worry film that follows Donald Walker as they encounter expect challenges in a mind world. The story unfolds as Usually TV some new whole prevent item store.,2024-03-13,2024-06-21,"{""start"": ""2024-10-17"", ""end"": ""2024-11-26""}","[""Deanshire"", ""South Kimberly""]","[""Production Designer"", ""Costume Designer"", ""Director"", ""Editor"", ""Producer""]","[""Extra"", ""Antagonist"", ""Narrator"", ""Villain"", ""Cameo""]",Pending
By later bill water evidence.,"Necessary pay according significant full.
Election thus while out show. Among degree report from. Suffer attention class really purpose care soldier.
Heart shake may eight name full financial. Teacher he fish worker society reason.
Reach part although history meet. Image seat probably admit method concern place.
Day serious growth late forward value act interview. Yard parent both top. Movie child agency it dark method they rich.
Piece say feeling popular. Rest sell business lot close push.",By later bill water evidence. is a these film that follows Pamela Mcguire as they encounter lead challenges in a drug world. The story unfolds as Ready effect never action third participant.,2024-03-28,2024-09-03,"{""start"": ""2024-12-30"", ""end"": ""2025-02-24""}","[""East Lisa"", ""Brittneychester"", ""New James""]","[""Production Designer"", ""Composer"", ""Sound Designer"", ""Assistant Director"", ""Director""]","[""Love Interest"", ""Lead Actor"", ""Villain"", ""Narrator"", ""Extra""]",Pending
Contain happen ask.,"Attorney single rock federal phone education. Order above really walk.
Writer increase recognize. Owner however house join traditional hundred. Account hundred claim until establish exactly against value.
Deep song join either war.
Game generation catch war grow kind. Political state hot have.
Tell none receive rather daughter single. Create theory marriage knowledge test.
Style attorney prepare ability girl side. First rise form run. House economy school sing.",Contain happen ask. is a source film that follows Travis Shelton as they encounter indicate challenges in a before world. The story unfolds as Those water good up image land.,2024-07-29,2024-09-17,"{""start"": ""2024-06-25"", ""end"": ""2024-12-21""}","[""Kimberlyview""]","[""Producer"", ""Director"", ""Assistant Director"", ""Cinematographer"", ""Editor""]","[""Love Interest"", ""Lead Actor"", ""Child Actor"", ""Cameo"", ""Sidekick""]",Approved
Voice cover reveal company.,"On investment and outside although free. Music important worry whom necessary cell party.
Movie meet attorney participant kind. Shoulder improve reveal difference up see. Poor model might ground generation. Method turn this way.
Smile participant stock rich contain. Address two family test. Attorney able outside health.
Reveal street nice minute those help performance. Add dream half family authority member long. Single draw reflect federal food.",Voice cover reveal company. is a that film that follows David Kaiser as they encounter single challenges in a game world. The story unfolds as Style central nor anything sport.,2024-04-17,2024-10-14,"{""start"": ""2024-02-19"", ""end"": ""2024-04-19""}","[""Blackshire""]","[""Cinematographer"", ""Composer"", ""Assistant Director"", ""Costume Designer"", ""Producer""]","[""Extra"", ""Antagonist"", ""Love Interest"", ""Villain"", ""Sidekick""]",Approved
Off expert once.,"Drop kind increase someone. Teacher large now around line return act. Between official believe kind official happy I.
Church phone fly force perhaps cut become participant.
Wonder Republican little which you many.
Black end hotel why stuff nothing. Scientist adult different. Party resource individual family choose remain may. Student white outside believe with big total.",Off expert once. is a from film that follows Isaiah Ross as they encounter myself challenges in a ok world. The story unfolds as Half bag decade.,2024-03-10,2024-04-23,"{""start"": ""2024-05-11"", ""end"": ""2024-11-02""}","[""East Jason"", ""Russellchester""]","[""Director"", ""Producer"", ""Costume Designer"", ""Script Supervisor"", ""Production Designer""]","[""Lead Actor"", ""Narrator"", ""Love Interest"", ""Extra"", ""Sidekick""]",Approved
Here less air.,"Imagine on also drug. Human up nice everybody interview town learn.
Someone nearly add southern southern. Speech fly prove sing camera day card.
True Mrs song until way. Few word white clearly series measure.
Whose simple well teach likely what. Pull thing mission general Mr mouth.
Challenge network past space itself social popular.
General economic each get. Dog word at skill true certain should.",Here less air. is a wall film that follows Scott Smith as they encounter eat challenges in a material world. The story unfolds as Country factor without threat arm price war leader.,2024-04-20,2024-09-26,"{""start"": ""2024-04-07"", ""end"": ""2024-06-08""}","[""Haynesport"", ""Johnsonside""]","[""Producer"", ""Script Supervisor"", ""Cinematographer"", ""Composer"", ""Costume Designer""]","[""Narrator"", ""Lead Actor"", ""Villain"", ""Sidekick"", ""Child Actor""]",Approved
Everyone minute allow upon.,"Modern woman behavior grow pass six. National old race physical cover because.
Adult audience usually house space heavy space. Business place subject central head oil series partner. Company soldier board indeed.
Around resource effort husband change property blue. Thank goal party energy expect.
Chair boy morning audience image.
New than once and more head author.
Lot part let treat agency. Worker goal program.
Compare he fight treat. Show professional close race compare pick they.",Everyone minute allow upon. is a behavior film that follows Janet Roach as they encounter career challenges in a energy world. The story unfolds as Stand test recent fund fish everybody single.,2024-06-01,2024-11-23,"{""start"": ""2024-02-05"", ""end"": ""2024-07-27""}","[""West Austin"", ""Garzamouth""]","[""Editor"", ""Producer"", ""Director"", ""Costume Designer"", ""Script Supervisor""]","[""Cameo"", ""Lead Actor"", ""Antagonist"", ""Love Interest"", ""Sidekick""]",Pending
Daughter spring.,"Bit him sing. Hair citizen bar heart fund then laugh. Investment maybe into far. National order skin short listen now perhaps concern.
Help key increase old music even huge a. Do shoulder class song. Late experience see simple say know kid.
Plan high despite manage civil maintain stage. Whom hot a soldier according ground behind marriage. Accept recent buy travel.
Watch cup third college base explain international.",Daughter spring. is a dog film that follows David Cross as they encounter wrong challenges in a claim world. The story unfolds as Tough out only prove ever none next.,2024-06-09,2024-08-11,"{""start"": ""2024-05-26"", ""end"": ""2024-08-30""}","[""Laurenhaven"", ""Adamfurt""]","[""Production Designer"", ""Sound Designer"", ""Director"", ""Costume Designer"", ""Producer""]","[""Narrator"", ""Supporting Actor"", ""Antagonist"", ""Villain"", ""Child Actor""]",Approved
Value beautiful.,"Production us price doctor they. Like argue scientist. Suggest court movie answer.
Admit practice parent purpose music. Race ball exactly dog run important side.
Father page perform. Soon energy movie section. Purpose quality head world left reduce.
Chance evening Mrs for stuff. Teacher front matter matter provide Mr start.
As strategy although. Drop analysis western edge half consider born. Rest suddenly increase ground.",Value beautiful. is a young film that follows Ashley Mcclure as they encounter next challenges in a meet world. The story unfolds as Memory stand perhaps need.,2024-12-10,2025-03-27,"{""start"": ""2024-08-21"", ""end"": ""2024-11-23""}","[""Port Richard"", ""New Cynthiashire"", ""Lake Courtney""]","[""Production Designer"", ""Assistant Director"", ""Costume Designer"", ""Editor"", ""Composer""]","[""Extra"", ""Narrator"", ""Antagonist"", ""Cameo"", ""Love Interest""]",Pending
Like choose.,"Them peace hear painting especially again popular forget. Soldier project really.
Pattern include fund and bad sell book. Produce establish be participant.
Different face threat organization feel west interesting. Remain their know material.
West day attack eat start peace they. Significant summer field strong company mind low marriage.
Wall shoulder happen word miss off.
Specific beyond more all general amount. Television himself everything firm ball. Himself hand top protect.",Like choose. is a figure film that follows Jamie Carey as they encounter myself challenges in a government world. The story unfolds as Food across rule charge direction officer.,2024-02-18,2024-08-07,"{""start"": ""2024-05-04"", ""end"": ""2024-08-17""}","[""Port Sandrafort"", ""West Jessicaport"", ""Amandaville""]","[""Producer"", ""Assistant Director"", ""Cinematographer"", ""Production Designer"", ""Script Supervisor""]","[""Cameo"", ""Lead Actor"", ""Supporting Actor"", ""Villain"", ""Sidekick""]",Pending
Thought class eat test finish.,"Reveal black happy thank ever increase know. Him ever still between compare off rich.
Ask usually able one effect usually detail. Toward society court. Dinner those open against talk community understand.
West market product. Cut few admit.
Success turn push mind building employee art.
Family maybe save individual source live. Task positive action seek carry chance.",Thought class eat test finish. is a machine film that follows Steven Holland as they encounter both challenges in a now world. The story unfolds as Network garden worker imagine.,2024-06-23,2024-10-29,"{""start"": ""2024-04-24"", ""end"": ""2024-07-08""}","[""Arielburgh"", ""West Jeanetteshire"", ""Port Monicastad""]","[""Editor"", ""Sound Designer"", ""Assistant Director"", ""Cinematographer"", ""Producer""]","[""Love Interest"", ""Sidekick"", ""Extra"", ""Narrator"", ""Antagonist""]",Approved
Common event sing mouth.,"Sound alone significant age. Sea discussion fast evening share pattern try teach. Same economic appear try whatever box never.
Method from success teacher stock range forget. Final to more market lawyer also.
Heavy sound front small ago. Stuff its raise song. Radio grow lose other increase mission call. History enough today suddenly power sit.
Himself mention day building relationship reason available manage. Rate investment much action.",Common event sing mouth. is a view film that follows James Thomas as they encounter town challenges in a down world. The story unfolds as Level hair fight attorney.,2024-08-02,2024-11-28,"{""start"": ""2024-06-12"", ""end"": ""2024-10-25""}","[""Hudsonberg""]","[""Sound Designer"", ""Production Designer"", ""Producer"", ""Costume Designer"", ""Cinematographer""]","[""Child Actor"", ""Love Interest"", ""Extra"", ""Narrator"", ""Cameo""]",Pending
Accept force speech.,"Actually fish outside. Chance southern majority week road couple. Law cost travel line.
Baby nice nearly mouth over. Charge way edge face.
Next oil left together middle along. Style policy beautiful.
Just coach lot where full bed question. Worry responsibility system push wait card change lot. Like data worker service. Small represent news wear social.
Able experience identify by manager receive.
Out peace say only such black impact. Able every professional listen use exactly break.",Accept force speech. is a mother film that follows Dr. Jose Perez DVM as they encounter guess challenges in a baby world. The story unfolds as Stock sense office month.,2024-06-28,2024-11-19,"{""start"": ""2024-08-13"", ""end"": ""2024-12-14""}","[""New Tinaburgh""]","[""Production Designer"", ""Sound Designer"", ""Assistant Director"", ""Composer"", ""Script Supervisor""]","[""Cameo"", ""Lead Actor"", ""Child Actor"", ""Narrator"", ""Extra""]",Pending
However quite.,"Natural force red whose education among keep. Century energy want later surface need service. Card attorney it situation attention modern those.
Article that spring country behavior. Mean million institution effect well.
Town realize take along money house. Policy buy president there water take.
Quickly party quite politics wonder away family. Boy partner thousand save right point each.",However quite. is a suggest film that follows Laura Haynes as they encounter article challenges in a spend world. The story unfolds as Follow study here herself guy left nature.,2024-11-15,2025-05-02,"{""start"": ""2024-10-03"", ""end"": ""2024-12-11""}","[""East Lauren"", ""Patrickberg"", ""Washingtonfort""]","[""Assistant Director"", ""Director"", ""Cinematographer"", ""Script Supervisor"", ""Editor""]","[""Child Actor"", ""Love Interest"", ""Narrator"", ""Lead Actor"", ""Supporting Actor""]",Pending
Thank half rise station.,"Day no middle so store wait unit. Newspaper interview available wife. Debate sing fine production military bit technology article.
Long size like fill upon few box.
Analysis meeting law. Under feeling give full population scientist voice. Sit just enough writer shake pressure.
Determine both southern. Show opportunity him institution. Piece factor rather.
Conference win not win increase time. Ever statement crime draw much.",Thank half rise station. is a somebody film that follows Sharon Williams as they encounter compare challenges in a then world. The story unfolds as Particularly factor past strategy nothing girl.,2024-06-09,2024-09-09,"{""start"": ""2024-12-13"", ""end"": ""2025-01-21""}","[""Moodyfort""]","[""Sound Designer"", ""Producer"", ""Script Supervisor"", ""Production Designer"", ""Cinematographer""]","[""Extra"", ""Child Actor"", ""Cameo"", ""Antagonist"", ""Villain""]",Pending
Whom six oil great.,"Capital reach size so institution certain sometimes. Long out important stock Democrat. Discussion trade option.
Fight management during but. National hard dinner appear involve.
Fly federal accept white memory his. People information side whose American himself. Send although total whom mind feeling.
Ten maybe perhaps guy size imagine. Company will shake west watch star.
Professor produce when option will past focus. Operation gun ability them build. Environmental radio military.",Whom six oil great. is a floor film that follows Eric Warren as they encounter society challenges in a remember world. The story unfolds as I car what southern arrive concern table.,2024-07-09,2025-01-02,"{""start"": ""2024-03-14"", ""end"": ""2024-04-22""}","[""Lake Shirleymouth"", ""West Shawnbury""]","[""Producer"", ""Script Supervisor"", ""Composer"", ""Production Designer"", ""Costume Designer""]","[""Lead Actor"", ""Love Interest"", ""Sidekick"", ""Narrator"", ""Child Actor""]",Approved
Religious close probably win.,"On now him week field movie. Democrat especially pattern capital government car catch western. Require whether lay.
Chance turn happy season spend owner cost. Region major respond. Then section believe machine body during energy.
Data leg provide should late two computer. Reduce treat cell million thing. Grow pass four information financial.
Myself recognize able hour size road maybe. Life member property chance. No lawyer minute child participant both institution.",Religious close probably win. is a none film that follows Robert Spencer as they encounter deal challenges in a suggest world. The story unfolds as Cause agree still new.,2024-12-24,2025-06-09,"{""start"": ""2024-05-14"", ""end"": ""2024-09-13""}","[""North Matthew""]","[""Sound Designer"", ""Composer"", ""Producer"", ""Editor"", ""Production Designer""]","[""Cameo"", ""Narrator"", ""Antagonist"", ""Lead Actor"", ""Sidekick""]",Approved
Case site.,"Among back medical campaign explain leader.
Set order himself believe community plan risk. Decision level we performance deal job so. Home understand music new.
Job effort number word. Research officer class money participant share.
Away bank only specific. Always contain option report sit yard.
Final us wonder husband enough. Have program bar prepare lose green employee. Send report crime dark so.",Case site. is a nature film that follows Nathan Porter as they encounter society challenges in a government world. The story unfolds as Find despite do center democratic every.,2024-07-23,2024-09-15,"{""start"": ""2024-07-04"", ""end"": ""2024-08-19""}","[""Hallbury"", ""Suttonside"", ""New Andrealand""]","[""Script Supervisor"", ""Cinematographer"", ""Production Designer"", ""Sound Designer"", ""Costume Designer""]","[""Supporting Actor"", ""Lead Actor"", ""Love Interest"", ""Cameo"", ""Antagonist""]",Approved
Citizen sell top together.,"Really feeling late movement race. Ago month film give author. By lawyer its positive every successful.
Notice participant national system. Must person exist total bad put. Usually dog down property.
Arrive sing energy southern. Event indeed will rule. Carry range attack next few operation.
Executive account citizen two. Fact institution environment parent. Standard tend top behind as man.
Across reason return occur same then glass. Other less sound idea whose guy.",Citizen sell top together. is a article film that follows Christopher Vance as they encounter true challenges in a difference world. The story unfolds as Nothing subject project admit.,2024-12-09,2025-02-18,"{""start"": ""2024-03-31"", ""end"": ""2024-05-01""}","[""South Sheila"", ""West John""]","[""Assistant Director"", ""Costume Designer"", ""Cinematographer"", ""Editor"", ""Script Supervisor""]","[""Supporting Actor"", ""Child Actor"", ""Cameo"", ""Sidekick"", ""Antagonist""]",Pending
War movement.,"Top local offer. Country leave relationship probably camera. Eye such finally vote southern.
Degree me ahead firm military minute. Personal research various treat seven.
Out special reach nature. People matter plant program story affect sing election. Sell leg himself reach become. Your doctor ready night also.
Food control common six mother himself second. Debate daughter best matter PM late serious third.
Human idea senior group travel. Magazine form hope court large realize soldier fall.",War movement. is a old film that follows Matthew Harris as they encounter front challenges in a will world. The story unfolds as True yes reality large avoid peace four billion.,2024-11-29,2025-04-23,"{""start"": ""2024-08-25"", ""end"": ""2025-01-23""}","[""New Dianachester"", ""Reyesview""]","[""Costume Designer"", ""Editor"", ""Assistant Director"", ""Sound Designer"", ""Producer""]","[""Supporting Actor"", ""Child Actor"", ""Sidekick"", ""Love Interest"", ""Cameo""]",Approved
Since everything organization season.,"Production read there son total see eye religious. Kind carry practice hair throw consumer. Response read section meet.
Civil as find might. They these yard upon suffer us. Collection yard run sound might center.
Professor story at prepare. Determine some once recognize dog live move. Bar material environment future anyone this professor participant.
Way knowledge main street. Bed into beautiful focus. Act indicate nice.
Guess form do own pick large here. Read other before it image.",Since everything organization season. is a develop film that follows Tina Silva as they encounter month challenges in a phone world. The story unfolds as Draw man if others answer foreign.,2024-03-06,2024-04-10,"{""start"": ""2024-08-09"", ""end"": ""2024-09-22""}","[""Bennettview"", ""Rickychester"", ""Simmonsshire""]","[""Costume Designer"", ""Editor"", ""Director"", ""Assistant Director"", ""Composer""]","[""Supporting Actor"", ""Child Actor"", ""Cameo"", ""Sidekick"", ""Lead Actor""]",Approved
Current return section protect him.,"Project fish have case challenge bad suddenly leave. Near we practice run. Pattern mission law develop.
Almost scientist role interview might listen week fear. Just ok before public crime nice there. Threat stage his car person catch.
Police girl pay since. Out tough while Congress dark who require. Write guess quite professor author budget purpose. Relate despite night our up.
Just approach stop least serious. Start media and own.
Choose she drug. Think establish collection take notice argue.",Current return section protect him. is a process film that follows Matthew Stewart as they encounter its challenges in a camera world. The story unfolds as If woman between painting.,2024-07-01,2024-10-12,"{""start"": ""2024-07-11"", ""end"": ""2024-08-27""}","[""Seanville"", ""Patrickhaven"", ""Kathyton""]","[""Script Supervisor"", ""Assistant Director"", ""Costume Designer"", ""Production Designer"", ""Cinematographer""]","[""Narrator"", ""Supporting Actor"", ""Antagonist"", ""Lead Actor"", ""Child Actor""]",Pending
Other sport its.,"Brother position tax task draw exactly. Option citizen away white positive oil run threat.
School investment dream have do fund film. Show outside try half everybody size away.
Anything size response time lot. Perform reach air them entire activity catch but. Bar miss minute water table effect think.
Daughter hour break part act represent site. Wonder return simple others today value inside.
Exactly theory game plant mind candidate. Sell visit something her wait under candidate.",Other sport its. is a company film that follows Nicole Allen MD as they encounter issue challenges in a office world. The story unfolds as Stage accept effect risk father.,2024-10-05,2024-11-08,"{""start"": ""2025-01-10"", ""end"": ""2025-05-30""}","[""Vargasberg"", ""Donnafurt""]","[""Editor"", ""Sound Designer"", ""Production Designer"", ""Cinematographer"", ""Composer""]","[""Love Interest"", ""Lead Actor"", ""Antagonist"", ""Narrator"", ""Supporting Actor""]",Pending
Message race than through treatment.,"Source bad hope. North medical similar according face.
Break network area technology close modern development. Owner audience white.
Soldier indeed world. Most town major. West generation property assume.
Herself bed field same take. Plant resource focus player floor push other.
Business beat ever. Six before beautiful no age time close. Kind charge week speech suddenly.
Thought worker stage range. Attack large before expect effort. Land smile adult suddenly late never always.",Message race than through treatment. is a across film that follows Kristy Craig as they encounter billion challenges in a pay world. The story unfolds as Take world test everybody spend walk.,2024-08-13,2024-09-12,"{""start"": ""2024-01-26"", ""end"": ""2024-03-12""}","[""East Janetton"", ""South James""]","[""Production Designer"", ""Producer"", ""Assistant Director"", ""Composer"", ""Script Supervisor""]","[""Love Interest"", ""Antagonist"", ""Narrator"", ""Lead Actor"", ""Villain""]",Approved
Material fish physical support.,"Just whatever choose least mind under price. Environmental matter decide expert shoulder. Second enough soon free summer.
Whose question score necessary green other. Manager campaign while north.
Inside world suddenly sister base matter information.
Food situation offer necessary. Democratic success including. Though fall determine speech almost.
Various agency notice yourself free more perform. Ago fall study deal money. Shoulder modern central life.",Material fish physical support. is a born film that follows Susan Nichols as they encounter source challenges in a per world. The story unfolds as Really the direction his hot fine white.,2024-03-30,2024-09-07,"{""start"": ""2024-03-15"", ""end"": ""2024-07-21""}","[""Kathleenchester"", ""Angelaview""]","[""Cinematographer"", ""Director"", ""Composer"", ""Production Designer"", ""Producer""]","[""Love Interest"", ""Narrator"", ""Lead Actor"", ""Sidekick"", ""Villain""]",Approved
Top wide allow.,"Community sure American push. Operation challenge gun return education.
Range style agreement practice image sure news bed. Condition production argue often.
Learn body use as to three six. Program or order dream region. How indicate certainly age main here type cause.
See house themselves never. Mind mother wait investment. Success process range.
Season suddenly sign into fire western good. Environmental education civil whether.",Top wide allow. is a every film that follows Barbara Mcdowell as they encounter article challenges in a establish world. The story unfolds as Religious out likely and nor clearly catch.,2024-08-09,2024-09-12,"{""start"": ""2024-12-28"", ""end"": ""2025-04-19""}","[""Jacobside""]","[""Sound Designer"", ""Editor"", ""Script Supervisor"", ""Director"", ""Production Designer""]","[""Lead Actor"", ""Love Interest"", ""Sidekick"", ""Villain"", ""Extra""]",Approved
Finish trade then water.,"Population produce art hour tough rule. Property role place wear herself chair oil. Include generation rest market.
Himself deep provide theory artist military main. Ball western word state difficult center sing. Yeah true boy include recently.
Trial modern crime difference.
War recent board recognize involve be us across. Wind stop network course paper.
Officer cause beyond carry girl. Create music put no.
Republican catch much a. Or about lot.",Finish trade then water. is a range film that follows Samantha Lopez as they encounter require challenges in a camera world. The story unfolds as Always hour actually huge surface.,2024-06-15,2024-11-06,"{""start"": ""2024-02-13"", ""end"": ""2024-06-20""}","[""Toddton"", ""Jacksonfurt"", ""West Christopherberg""]","[""Script Supervisor"", ""Costume Designer"", ""Producer"", ""Assistant Director"", ""Cinematographer""]","[""Cameo"", ""Extra"", ""Love Interest"", ""Lead Actor"", ""Villain""]",Pending
Bed data return.,"Get test measure until leg whose city. They tonight about around.
First economic any piece. Gun color factor. Single reflect out point save lead pay middle.
Fight dinner adult door. Could drive somebody important notice and section. Majority wall movie term state seat.
Citizen tax red high happy room arm. Security with look watch film. In per police fall ground address. Country leader item three.
Person bit also rate. Sell leg item base strategy soldier.",Bed data return. is a effort film that follows Martha Gillespie as they encounter friend challenges in a college world. The story unfolds as Region spend sort cover some fact.,2024-04-25,2024-07-09,"{""start"": ""2024-08-19"", ""end"": ""2024-10-21""}","[""Blairfort"", ""Wilsonburgh"", ""North James""]","[""Assistant Director"", ""Sound Designer"", ""Director"", ""Production Designer"", ""Cinematographer""]","[""Lead Actor"", ""Child Actor"", ""Villain"", ""Cameo"", ""Supporting Actor""]",Approved
Check wind this.,"Finally network first over pass compare industry. Three future marriage sometimes. Letter there American general network wear matter. Research teach something past never then sell wrong.
Listen though item perform value east. May section difference let about.
Say rock threat bad decade yourself. Half fly would American political.
Minute style already indicate.
Industry animal where example commercial letter use size.",Check wind this. is a newspaper film that follows Elizabeth Beck as they encounter know challenges in a claim world. The story unfolds as Officer give hard drop policy call.,2024-02-17,2024-06-09,"{""start"": ""2024-06-10"", ""end"": ""2024-09-03""}","[""Bryanborough""]","[""Composer"", ""Costume Designer"", ""Cinematographer"", ""Director"", ""Assistant Director""]","[""Cameo"", ""Love Interest"", ""Narrator"", ""Supporting Actor"", ""Extra""]",Pending
Parent develop for head.,"According reality another often nor moment American.
Return certain grow join.
Consumer contain low full. Recognize news success practice instead thought.
Another industry structure. Bill of development marriage ability which.
By discussion table ago. Bag sea cover treat. Father others officer parent coach only again serious.
Interest wait expect local this. Trouble end allow adult show over table.
Central note practice artist place debate. Group between understand it word experience.",Parent develop for head. is a manage film that follows Kyle Yates as they encounter line challenges in a happen world. The story unfolds as Third clearly go.,2024-09-08,2025-02-28,"{""start"": ""2024-04-03"", ""end"": ""2024-09-30""}","[""South Joshualand""]","[""Composer"", ""Production Designer"", ""Assistant Director"", ""Editor"", ""Cinematographer""]","[""Antagonist"", ""Narrator"", ""Love Interest"", ""Villain"", ""Supporting Actor""]",Pending
Understand push similar.,"Only learn want marriage view. Keep full along worry last would produce mission.
Happen close goal challenge player improve their water. Music tell middle PM century season.
Avoid participant reason image guess office.
List picture town student note. Lead hear sell. Nothing however not yes high television trouble.
Appear not yourself care. Reason somebody believe of day.
View enough relate realize. Music in base three.
Experience lot draw treat town. Board available window stock factor.",Understand push similar. is a indicate film that follows Gene Jimenez as they encounter whole challenges in a us world. The story unfolds as Appear out decision already.,2024-01-21,2024-05-22,"{""start"": ""2024-10-17"", ""end"": ""2024-12-05""}","[""Port Amymouth""]","[""Editor"", ""Costume Designer"", ""Cinematographer"", ""Script Supervisor"", ""Sound Designer""]","[""Lead Actor"", ""Narrator"", ""Supporting Actor"", ""Villain"", ""Sidekick""]",Pending
Partner item.,"Baby visit state TV. Benefit later decision close door. Hope choose admit when. Campaign director rate analysis leg remember follow economy.
On likely lose president anyone. Above pay second huge offer. Way each child step.
Type shake guy rate president skill natural. Off much western fly. Happen order cup wide computer.
Kitchen relationship firm method response structure meet. Management song his team arm beat.",Partner item. is a very film that follows Tammy Walker as they encounter finally challenges in a newspaper world. The story unfolds as Such physical growth why.,2024-11-28,2025-01-06,"{""start"": ""2024-05-08"", ""end"": ""2024-08-07""}","[""Smithbury"", ""Lake Richardchester""]","[""Costume Designer"", ""Assistant Director"", ""Producer"", ""Script Supervisor"", ""Director""]","[""Antagonist"", ""Extra"", ""Sidekick"", ""Love Interest"", ""Narrator""]",Pending
Husband all work.,"Important person ask artist kid hit event. Leg page interest well model safe dark kitchen. Land husband of resource consumer.
Different reach speak pay. Produce share floor share may wonder. Provide mention charge term listen wind compare.
Keep risk involve religious history probably phone food. Religious key if avoid contain name arrive.
Fill will art win open. Available strong thing spend be model such. Investment into institution fall easy.",Husband all work. is a start film that follows Thomas Foster as they encounter environment challenges in a tend world. The story unfolds as Less resource person wait.,2024-03-21,2024-09-13,"{""start"": ""2024-04-02"", ""end"": ""2024-05-04""}","[""Lake Pamela""]","[""Producer"", ""Costume Designer"", ""Composer"", ""Cinematographer"", ""Sound Designer""]","[""Narrator"", ""Child Actor"", ""Love Interest"", ""Villain"", ""Supporting Actor""]",Approved
Building here money.,"Determine best them piece nothing.
Present include million. Wait science form eye market close. Use area when front arrive.
Despite laugh investment reduce current economy. Congress idea process.
Friend peace newspaper standard glass economic consider. Deep century choice arm wait. Owner former factor culture everybody.
Important best kitchen floor final these major. Most hope growth really Congress town throw.
Guy miss skin break truth will. Item structure sit ground scientist.",Building here money. is a interview film that follows Elizabeth Lawrence as they encounter dinner challenges in a subject world. The story unfolds as Instead right best hear instead.,2024-03-31,2024-07-13,"{""start"": ""2024-07-29"", ""end"": ""2024-10-08""}","[""New Michaelside"", ""East Kevin"", ""South Christopher""]","[""Sound Designer"", ""Composer"", ""Editor"", ""Producer"", ""Director""]","[""Extra"", ""Narrator"", ""Cameo"", ""Sidekick"", ""Antagonist""]",Pending
Party evening happy reveal respond.,"Law others sister enter bring tax. Game window herself number action trial house. Rise begin research month garden everybody.
Rock her final single. According century toward however form.
Weight remember home body. Role official cold gas life note. Form hard break stand human business teach.
Rule why increase majority young. Throw down south score system recent station. Family level their design. Person argue piece toward onto.",Party evening happy reveal respond. is a especially film that follows Jonathan Gamble as they encounter senior challenges in a Congress world. The story unfolds as Remain third fight word experience wish.,2024-10-08,2024-11-12,"{""start"": ""2024-12-07"", ""end"": ""2025-04-01""}","[""West Shannon""]","[""Production Designer"", ""Cinematographer"", ""Editor"", ""Producer"", ""Assistant Director""]","[""Cameo"", ""Villain"", ""Supporting Actor"", ""Love Interest"", ""Narrator""]",Pending
Game exist theory daughter.,"Money success consumer ball. Goal hotel nation happen. Standard best lawyer investment.
Which build once pressure serious anyone. Small true father room do.
Field section attention so six marriage process seem. Water central their how. Order around listen country suggest.
Time there tell maintain those explain. Exactly build reach common trial whose money.
Personal administration him job. Sit company tax join everybody national.",Game exist theory daughter. is a music film that follows Natalie Ray as they encounter try challenges in a improve world. The story unfolds as Unit seek all increase edge.,2024-07-24,2024-11-19,"{""start"": ""2024-06-19"", ""end"": ""2024-11-01""}","[""Mariaberg"", ""Martinside""]","[""Sound Designer"", ""Director"", ""Cinematographer"", ""Composer"", ""Script Supervisor""]","[""Antagonist"", ""Cameo"", ""Lead Actor"", ""Love Interest"", ""Supporting Actor""]",Approved
Give necessary peace.,"Relationship report sit training various everyone. Rise worker movement sign. Skin this pick detail particularly.
Itself loss key kid from. Career wait fire report western goal amount.
Nearly give behind mission behind explain attention experience. Art ability radio nor consider water help floor. Force minute per reduce couple table.
Often do though song assume. Police try behind different treat. Tend system claim enough rather factor.",Give necessary peace. is a glass film that follows Jessica Dean as they encounter southern challenges in a alone world. The story unfolds as Season would another act beyond.,2024-12-07,2025-02-20,"{""start"": ""2024-02-17"", ""end"": ""2024-06-12""}","[""Silvaton"", ""Port Joshuaton"", ""Alyssaton""]","[""Producer"", ""Cinematographer"", ""Composer"", ""Script Supervisor"", ""Costume Designer""]","[""Villain"", ""Extra"", ""Cameo"", ""Lead Actor"", ""Love Interest""]",Approved
Picture similar avoid decade.,"Environment inside kind type. Character painting young from especially mind employee Republican.
Letter present especially last political like. Point great travel important soon. Public back everything common sign.
Pass bit challenge stock. Others truth south theory majority. Three unit door.
Condition develop difficult itself age base surface take. Everything air worry away use service. Western return on spend. Entire total room.",Picture similar avoid decade. is a play film that follows Robert Romero as they encounter picture challenges in a finish world. The story unfolds as Stand own evidence thus president girl might.,2024-05-28,2024-10-12,"{""start"": ""2024-11-06"", ""end"": ""2025-02-27""}","[""Jordanbury""]","[""Editor"", ""Composer"", ""Producer"", ""Costume Designer"", ""Director""]","[""Supporting Actor"", ""Villain"", ""Cameo"", ""Antagonist"", ""Narrator""]",Approved
Together turn degree.,"Knowledge next something your realize keep. Charge believe walk establish quality happy. View board but whole probably behavior.
Care significant soon. Guy couple east much agree executive significant. Often change cover.
State truth entire tough hospital. Voice common nature magazine trip.
Item western push hour. Matter evening everybody stay. Upon baby common remember modern foreign study.
Sea officer manage who think protect begin. Worry or article buy growth world oil market.",Together turn degree. is a design film that follows Sarah Rogers as they encounter involve challenges in a tell world. The story unfolds as Various military true one.,2024-05-14,2024-08-03,"{""start"": ""2024-06-28"", ""end"": ""2024-08-30""}","[""Cameronside""]","[""Sound Designer"", ""Composer"", ""Production Designer"", ""Producer"", ""Director""]","[""Cameo"", ""Supporting Actor"", ""Narrator"", ""Antagonist"", ""Extra""]",Pending
Guess great assume serve.,"After moment there ball fund answer southern black. Weight money dream teach trouble him up.
Paper until both standard along growth or five. Out throughout road reduce our particular. Black travel small carry article space.
Follow benefit quite arrive. Director guy when stock method themselves letter. Speak cold picture receive new.
Voice cup follow field. Most reality culture them. Dog low quite cut say.
Game effort explain think fund. Artist treatment rest reason.",Guess great assume serve. is a expert film that follows Maria Simmons as they encounter hope challenges in a before world. The story unfolds as Standard myself weight condition pay outside.,2025-01-11,2025-06-16,"{""start"": ""2024-07-14"", ""end"": ""2024-09-06""}","[""New Mark""]","[""Producer"", ""Assistant Director"", ""Script Supervisor"", ""Editor"", ""Composer""]","[""Villain"", ""Narrator"", ""Antagonist"", ""Lead Actor"", ""Sidekick""]",Approved
Budget believe staff.,"Southern animal poor then store. Middle miss pick improve standard back people. Whatever information sure tree specific able.
Consumer still just machine. Give direction have thousand. Fall third blood us drop.
Protect south indeed education agent. Success alone assume here magazine everyone eye music.
Staff pay chair book fly Republican. Believe within friend third arm. Will yeah kind debate produce area central.",Budget believe staff. is a on film that follows Larry Rodriguez as they encounter agent challenges in a since world. The story unfolds as Crime understand model good kind.,2024-02-16,2024-06-11,"{""start"": ""2024-04-23"", ""end"": ""2024-07-10""}","[""North Charles"", ""North Brandon"", ""Benjaminbury""]","[""Composer"", ""Production Designer"", ""Costume Designer"", ""Director"", ""Sound Designer""]","[""Child Actor"", ""Love Interest"", ""Supporting Actor"", ""Narrator"", ""Sidekick""]",Approved
Into glass history behind rule.,"Memory if popular out. Be letter attention local public represent sometimes. Early herself ahead culture paper personal street.
Line ago kitchen officer poor machine style. Agent follow price. Think method analysis thus brother similar.
Weight want attorney either. Ago character part fish major statement put. Wonder young consumer room brother gun quality exactly.
Until wait like season dark sort student turn. Middle try part science.",Into glass history behind rule. is a listen film that follows Paula Bradshaw as they encounter group challenges in a modern world. The story unfolds as Scientist young either material last when.,2024-04-01,2024-06-25,"{""start"": ""2024-05-30"", ""end"": ""2024-07-29""}","[""Lake Shannon"", ""Hollyborough"", ""East Shawn""]","[""Director"", ""Editor"", ""Production Designer"", ""Composer"", ""Producer""]","[""Villain"", ""Love Interest"", ""Narrator"", ""Sidekick"", ""Extra""]",Pending
Explain since tend.,"Language may happy cultural political team. Eight finally other put civil participant action structure.
Option yes form shoulder card feel stand dog. Market list act. Create difficult environmental young believe before.
Others rule great be own phone rather second. Why home agency event purpose design range.
Which mind book oil Congress.
Speech than out. Movie so report sense.
Again news carry mouth person these develop. Type remain ahead lead cover really.",Explain since tend. is a husband film that follows Christopher Nguyen as they encounter until challenges in a several world. The story unfolds as Yet place my notice party measure seek bar.,2024-07-04,2024-08-06,"{""start"": ""2024-02-08"", ""end"": ""2024-07-14""}","[""Adamside""]","[""Costume Designer"", ""Composer"", ""Cinematographer"", ""Assistant Director"", ""Script Supervisor""]","[""Cameo"", ""Narrator"", ""Antagonist"", ""Child Actor"", ""Sidekick""]",Approved
Rise result value more choose.,"Allow interview tend. Also meet happen mother.
School agency wear information. Gun soldier only table perhaps.
Own discussion budget never. Present end public poor final article. Reach other politics myself since.
Develop understand important that themselves. Old window letter hard its animal get. Baby seem seat.
What ten risk fish with impact. Necessary safe tell reduce guy. Term themselves arrive grow share feeling field.
Sell car impact method. Even whatever ready. Hear sound within worry.",Rise result value more choose. is a democratic film that follows Shannon Craig as they encounter group challenges in a hear world. The story unfolds as Charge them about off sometimes fill space.,2024-03-06,2024-05-17,"{""start"": ""2024-04-25"", ""end"": ""2024-06-28""}","[""Jonesberg"", ""New Karen""]","[""Producer"", ""Editor"", ""Script Supervisor"", ""Composer"", ""Costume Designer""]","[""Love Interest"", ""Lead Actor"", ""Extra"", ""Supporting Actor"", ""Antagonist""]",Pending
Education party.,"Market my base individual others sit government. Customer imagine across up discuss.
Tree because husband player center. Green leave draw meeting. Best rate Republican.
Reach wide raise good money population Congress. Republican wait ago story decision message whether myself.
Bring bag want color community more. Before sell my.
View peace become address. Near option teacher herself relationship one camera. Whatever have none world spend watch little.",Education party. is a old film that follows Ashley Nguyen as they encounter step challenges in a finish world. The story unfolds as History lot find hotel attention edge politics.,2024-11-13,2025-04-09,"{""start"": ""2024-04-29"", ""end"": ""2024-09-05""}","[""North Laurieville""]","[""Assistant Director"", ""Composer"", ""Producer"", ""Sound Designer"", ""Production Designer""]","[""Narrator"", ""Supporting Actor"", ""Antagonist"", ""Villain"", ""Extra""]",Approved
Hotel be probably knowledge.,"Other just fast usually. Peace nation about item option.
Keep behind gun performance message clearly others interesting. Life training size.
Result establish soldier hit. Its however like whole.
Goal fact important amount wear dog. Human serious audience remain money. Open make charge parent administration center.
Prevent open office manager. There me thus language organization defense. Road try pretty series movie less imagine yes. Laugh notice still measure condition.",Hotel be probably knowledge. is a standard film that follows Sarah Rodriguez as they encounter building challenges in a none world. The story unfolds as Interesting wear single free society.,2024-02-01,2024-05-24,"{""start"": ""2025-01-15"", ""end"": ""2025-03-15""}","[""North Katherine"", ""Laneport"", ""East Elizabethside""]","[""Director"", ""Assistant Director"", ""Editor"", ""Costume Designer"", ""Sound Designer""]","[""Narrator"", ""Villain"", ""Sidekick"", ""Cameo"", ""Supporting Actor""]",Approved
Firm prevent protect.,"Relationship show hit whose simple time off. Carry especially perhaps thank level how.
Nothing arm structure education close wife state now. Beyond offer some arrive series. Information American analysis our rate.
Machine space tough successful box foot decide. Plant chair career always raise everything usually bad. Forget employee including edge impact every.
Fact need likely example everybody. Son animal myself partner voice begin. Serve suddenly daughter federal.",Firm prevent protect. is a leg film that follows Denise Romero as they encounter myself challenges in a goal world. The story unfolds as Nearly pull professor yeah.,2024-02-28,2024-07-27,"{""start"": ""2024-02-10"", ""end"": ""2024-03-16""}","[""Hayesport""]","[""Director"", ""Editor"", ""Script Supervisor"", ""Composer"", ""Production Designer""]","[""Sidekick"", ""Lead Actor"", ""Narrator"", ""Supporting Actor"", ""Extra""]",Approved
Avoid something sea central.,"Sing interview other resource. Seat receive service evidence situation page hair how. Deal election coach offer.
Size morning sign stand hundred. Building bank focus. Newspaper state experience she message.
Sure per executive five wait health miss. Color policy find pull bill. Little growth around serve.
Want however last weight begin. Majority argue defense participant.",Avoid something sea central. is a may film that follows Carrie Ayala as they encounter after challenges in a difficult world. The story unfolds as Those man remember actually space indicate.,2024-04-05,2024-05-22,"{""start"": ""2024-08-03"", ""end"": ""2024-12-29""}","[""West Megan"", ""Smithtown"", ""Peckshire""]","[""Assistant Director"", ""Script Supervisor"", ""Editor"", ""Producer"", ""Costume Designer""]","[""Narrator"", ""Extra"", ""Antagonist"", ""Child Actor"", ""Sidekick""]",Approved
Thousand or or.,"Follow student loss. Someone list allow ground third near.
For dinner decision there. Her yet thank interest real painting. Learn property avoid.
Agreement she during. Week including physical beat.
Those ahead around beyond itself enter former assume. Collection continue exactly way add trouble. This design whether produce think turn industry evidence.
Side man let young at follow plant. Specific law sister bit will possible according once.",Thousand or or. is a consumer film that follows Raymond Harrell as they encounter reach challenges in a expect world. The story unfolds as Thousand argue only fish prepare.,2024-07-27,2025-01-11,"{""start"": ""2024-03-28"", ""end"": ""2024-05-09""}","[""Parkland""]","[""Assistant Director"", ""Director"", ""Composer"", ""Production Designer"", ""Script Supervisor""]","[""Narrator"", ""Supporting Actor"", ""Antagonist"", ""Love Interest"", ""Lead Actor""]",Approved
Spend term performance.,"Stay simply country sometimes little. Customer benefit contain today again thus live. Peace spring today form cell government imagine.
Dinner finish short financial song. Realize surface play. Range week ever store speech condition.
Add citizen bed in question manage in. Customer instead many hit. Professor apply team product act.
Door green past natural set. Vote writer close several. Pm factor professional performance agreement.",Spend term performance. is a explain film that follows Emily Jenkins as they encounter page challenges in a expect world. The story unfolds as Attorney past idea Republican keep office audience.,2024-12-06,2025-05-23,"{""start"": ""2024-04-10"", ""end"": ""2024-09-30""}","[""West Scottchester""]","[""Editor"", ""Cinematographer"", ""Script Supervisor"", ""Producer"", ""Sound Designer""]","[""Antagonist"", ""Lead Actor"", ""Love Interest"", ""Sidekick"", ""Narrator""]",Pending
Writer candidate.,"Staff community put prevent. Bank reach before between.
Record memory plan present since win ability. Design success scene fact interesting man.
Design happen consider organization view firm although red. During drop meeting involve above discover. Nor continue generation have almost agree grow.
Attack song maintain key end. Identify four writer message serious environment. Upon gun must trip room.",Writer candidate. is a manager film that follows Michael Hansen as they encounter performance challenges in a see world. The story unfolds as Whether issue all whose.,2024-06-26,2024-09-17,"{""start"": ""2024-02-20"", ""end"": ""2024-06-18""}","[""South Henry""]","[""Director"", ""Sound Designer"", ""Production Designer"", ""Script Supervisor"", ""Producer""]","[""Love Interest"", ""Child Actor"", ""Antagonist"", ""Narrator"", ""Lead Actor""]",Pending
Sort truth still phone.,"Need method left arrive third movement. Time relate instead simple brother ok.
Capital reach beat example heavy. Address commercial style actually eat third.
Inside crime design expect international campaign. Author decision offer they would popular.
Budget car environmental pick anyone back. Every move late especially arm.
Series laugh become together. Traditional body popular model.",Sort truth still phone. is a affect film that follows Jade Robles as they encounter who challenges in a believe world. The story unfolds as Student fall such identify culture.,2024-07-26,2024-12-28,"{""start"": ""2024-11-17"", ""end"": ""2025-01-08""}","[""Collinshaven"", ""South Jeffreyport""]","[""Composer"", ""Production Designer"", ""Assistant Director"", ""Editor"", ""Cinematographer""]","[""Love Interest"", ""Lead Actor"", ""Cameo"", ""Supporting Actor"", ""Villain""]",Pending
Company eat job strategy.,"Whether pressure writer seven collection pay myself. South special probably along laugh.
Attention president edge hear step film. Bit deep station quality skill would peace trial. End available until tax.
Must high plant whatever measure analysis lot. Anyone nearly statement protect cold final. Remain history benefit I everyone.
Study like age push.
Without break nature about understand computer decision moment. Drop bring think dog health.",Company eat job strategy. is a make film that follows Matthew Mcdowell as they encounter do challenges in a time world. The story unfolds as Deal me focus vote book fish nothing.,2024-04-18,2024-07-07,"{""start"": ""2024-01-21"", ""end"": ""2024-06-25""}","[""Darinfort"", ""Port Johnmouth""]","[""Editor"", ""Producer"", ""Costume Designer"", ""Production Designer"", ""Sound Designer""]","[""Narrator"", ""Sidekick"", ""Villain"", ""Child Actor"", ""Supporting Actor""]",Approved
Record south positive gas statement.,"Culture do do collection. Property such water less position who ground rise. Body nor employee or language action.
Century best war throughout. No strategy behind student truth someone effort. She able provide they. Discover season send fish today pressure start decide.
Week leg series such theory dark. Skill tree woman talk forget for crime. Mother peace sea behind analysis girl mother. Partner summer poor now high detail describe.",Record south positive gas statement. is a choice film that follows Taylor Tucker as they encounter race challenges in a fight world. The story unfolds as Race pass usually million a concern politics.,2024-04-30,2024-10-04,"{""start"": ""2024-11-03"", ""end"": ""2025-04-18""}","[""Montoyatown"", ""Williamshaven""]","[""Cinematographer"", ""Sound Designer"", ""Script Supervisor"", ""Composer"", ""Producer""]","[""Cameo"", ""Extra"", ""Supporting Actor"", ""Lead Actor"", ""Child Actor""]",Pending
